S. No.,Proposal No.,Proposal Details,Project Name,Location,Project Proponent,Issuing Authority,Proposal Status,State_Value,Activity Description
1,SIA/AP/IND2/565985/2026,"Clearance Type: Application for EC (Category A, B1, and B2 Violation)- Form 1
S/W No.: SW/257058/2025
Category: B1
Sector: Industrial Projects - 2
Date of Submission:
19/01/2026",M/s Gayathri Renewable Fuels and Allied Industries Private Limited,ANDHRA PRADESH,SRI SAI Jabbala,SEIAA,EC Granted,ANDHRA PRADESH,5(ga) Grain based distilleries
2,SIA/AP/IND2/565986/2026,"Clearance Type: Application for EC (Category A, B1, and B2 Violation)- Form 1
S/W No.: SW/253504/2025
Category: B1
Sector: Industrial Projects - 2
Date of Submission:
19/01/2026",M/s RAMSHY Bio Private Limited,ANDHRA PRADESH,RAMSHY BIO PRIVATE LIMITED,SEIAA,EC Granted,ANDHRA PRADESH,5(ga) Grain based distilleries
3,SIA/AP/IND2/555719/2025,"Clearance Type: Application for ToR (Category A, B1, and B2 Violation)/EC (Category B2) - Form 1
S/W No.: SW/263570/2025
Category: B1
Sector: Industrial Projects - 2
Date of Submission:
21/10/2025",3 x 504 KLPD Grain based Ethanol Plant along with 1 x 12 MW & 1 x 25 MW Co-generation Power plant in phases - KRISHNA AGRO FUELS PRIVATE LIMITED,ANDHRA PRADESH,KRISHNA AGRO FUELS PRIVATE LIMITED,SEIAA,ToR Granted,ANDHRA PRADESH,5(ga) Grain based distilleries
4,SIA/AP/IND2/548590/2025,"Clearance Type: Application for ToR (Category A, B1, and B2 Violation)/EC (Category B2) - Form 1
S/W No.: SW/257058/2025
Category: B1
Sector: Industrial Projects - 2
Date of Submission:
20/08/2025",M/s Gayathri Renewable Fuels and Allied Industries Private Limited,ANDHRA PRADESH,SRI SAI Jabbala,SEIAA,ToR Granted,ANDHRA PRADESH,5(ga) Grain based distilleries
5,SIA/AP/IND2/548115/2025,"Clearance Type: Application for ToR (Category A, B1, and B2 Violation)/EC (Category B2) - Form 1
S/W No.: SW/253504/2025
Category: B1
Sector: Industrial Projects - 2
Date of Submission:
19/08/2025",M/s RAMSHY Bio Private Limited,ANDHRA PRADESH,RAMSHY BIO PRIVATE LIMITED,SEIAA,ToR Granted,ANDHRA PRADESH,5(ga) Grain based distilleries
6,SIA/AP/IND2/547667/2025,"Clearance Type: Application for Amendment in EC- Form-4
S/W No.: SW/256489/2025
Category: B1
Sector: Industrial Projects - 2
Date of Submission:
10/08/2025","Grain Based Distillery plant Capacity of 200 KLPD Fuel Ethanol along with 4.50 MW Co-Gen Power Plant of Gandepalli Village, Kanchikacherla Mandal, NTR District, Andhra Pradesh of Sentini Bio-Spirit Private Limited",ANDHRA PRADESH,SENTINI BIO-SPIRIT PRIVATE LIMITED,SEIAA,EC Granted,ANDHRA PRADESH,5(ga) Grain based distilleries
7,SIA/AP/IND2/545190/2025,"Clearance Type: Application for Amendment in EC- Form-4
S/W No.: SW/253847/2025
Category: B1
Sector: Industrial Projects - 2
Date of Submission:
18/07/2025","Grain Based Distillery project Capacity of 200 KLPD Fuel Ethanol along with 5.0 MW Co-Gen Power Plant of Emmajigudem Village, Bellamkonda Mandal, Palnadu District, Andhra Pradesh of Eindana Energies Private Limited",ANDHRA PRADESH,EINDANA ENERGIES PRIVATE LIMITED,SEIAA,EC Granted,ANDHRA PRADESH,5(ga) Grain based distilleries
8,SIA/AP/IND2/540454/2025,"Clearance Type: Application for Amendment in EC- Form-4
S/W No.: SW/135944/2023
Category: B1
Sector: Industrial Projects - 2
Date of Submission:
05/06/2025",Establishment of 500 KLPD Grain Based Distillery to produce Ethanol under EBP Programme by M/s. GRACE VENTURES PRIVATE LIMITED,ANDHRA PRADESH,ANUPAM SINGHANIA,SEIAA,EC Granted,ANDHRA PRADESH,5(ga) Grain based distilleries
9,SIA/AP/IND2/539438/2025,"Clearance Type: Application for ToR (Category A, B1, and B2 Violation)/EC (Category B2) - Form 1
S/W No.: SW/248937/2025
Category: B1
Sector: Industrial Projects - 2
Date of Submission:
29/05/2025",M/s. Nayara Energy Limited,ANDHRA PRADESH,NAYARA ENERGY LIMITED,SEIAA,ToR Granted,ANDHRA PRADESH,5(ga) Grain based distilleries
10,SIA/AP/IND2/534720/2025,"Clearance Type: Application for amendment in ToR (for categories A & B1)/Amendment in EC (for category B2)- Form-3
S/W No.: SW/244330/2025
Category: B1
Sector: Industrial Projects - 2
Date of Submission:
21/04/2025","Amendment in EC for Change in Boiler Fuel (Biomass to Coal / Biomass) in Existing granted EC for 24 MW Co-generation power plant and 1000 KLPD Grain based Ethanol Plant (No change in Ethanol Plant capacity) at Plot no. 4B, 5/9 to 5/14, Model Industrial Park, Mallavalli, Tehsil Bapulapadu, District Krishna, Andhra Pradesh by M/s. Alcowave Ethanol Private Limited",ANDHRA PRADESH,ALCOWAVE ETHANOL PRIVATE LIMITED,SEIAA,ToR Granted,ANDHRA PRADESH,5(ga) Grain based distilleries
1,SIA/AP/IND2/499486/2026,"Clearance Type: Application for Amendment in EC- Form-4
S/W No.: SW/209953/2024
Category: B1
Sector: Industrial Projects - 2
Date of Submission:
07/02/2026",PEARL DISTILLERY LIMITED,ANDHRA PRADESH,PEARL DISTILLERY LIMITED,SEIAA,EC Granted,ANDHRA PRADESH,5(g) Distilleries
2,SIA/AP/IND2/565820/2026,"Clearance Type: Application for Amendment in EC- Form-4
S/W No.: SW/133535/2023
Category: B1
Sector: Industrial Projects - 2
Date of Submission:
17/01/2026","Proposed 1000 KLPD Grain based Ethanol Plant along with 24 MW Co-generation Power Plant at Plot no. 4B, 5/9 to 5/14, Model Industrial Park, Mallavalli, Tehsil Bapulapadu, District Krishna, Andhra Pradesh by M/s Alcowave Ethanol Private Limited",ANDHRA PRADESH,ALCOWAVE ETHANOL PRIVATE LIMITED,SEIAA,EC Granted,ANDHRA PRADESH,5(g) Distilleries
3,SIA/AP/IND2/554370/2025,"Clearance Type: Application for EC (Category A, B1, and B2 Violation)- Form 1
S/W No.: SW/239531/2025
Category: B1
Sector: Industrial Projects - 2
Date of Submission:
08/10/2025",Greenfield Project of “Grain Based Distillery Plant of 50 KLD along with Co-generation Power Plant of 1.5 MW by M/s R K S Techno Vision Engineering Pvt Ltd,ANDHRA PRADESH,RKS TECHNO VISION ENGINEERING PRIVATE LIMITED,SEIAA,EC Granted,ANDHRA PRADESH,5(g) Distilleries
4,SIA/AP/IND2/552516/2025,"Clearance Type: Application for Amendment in EC- Form-4
S/W No.: SW/260119/2025
Category: B1
Sector: Industrial Projects - 2
Date of Submission:
21/09/2025","Grain Based Distillery Plant Capacity of 200 KLPD along with 4.0 MW Co-Gen Power Plant of Gandepalli Village, Kanchikacherla Mandal, NTR District, Andhra Pradesh of Sentini Bio Products Private Limited",ANDHRA PRADESH,SENTINI BIOPRODUCTS PRIVATE LIMITED,SEIAA,EC Granted,ANDHRA PRADESH,5(g) Distilleries
5,SIA/AP/IND2/544784/2025,"Clearance Type: Application for EC (Category A, B1, and B2 Violation)- Form 1
S/W No.: SW/225494/2024
Category: B1
Sector: Industrial Projects - 2
Date of Submission:
03/09/2025",Proposal for permission to produce Absolute Alcohol along with ENA/Fuel-Grade Ethanol in the existing plant and to enhance the production capacity of ENA/Fuel-Grade Ethanol/Absolute Alcohol from 90 KLPD to 180 KLPD (120 KLPD using grains as raw material and an additional 60 KLPD by procuring Rectified Spirit from external sources),ANDHRA PRADESH,CAPRICORN DISTILLERY PRIVATE LIMITED,SEIAA,EC Granted,ANDHRA PRADESH,5(g) Distilleries
6,SIA/AP/IND2/546109/2025,"Clearance Type: Application for EC (Category A, B1, and B2 Violation)- Form 1
S/W No.: SW/227400/2024
Category: B1
Sector: Industrial Projects - 2
Date of Submission:
26/07/2025",GRAIN BASED ETHANOL PLANT OF 200KLPD CAPACITY BY M/S. DAMMU BIOFUELS PRIVATE LIMITED,ANDHRA PRADESH,DAMMU BIOFUELS PRIVATE LIMITED,SEIAA,EC Granted,ANDHRA PRADESH,5(g) Distilleries
7,SIA/AP/IND2/546051/2025,"Clearance Type: Application for Amendment in EC- Form-4
S/W No.: SW/254889/2025
Category: B1
Sector: Industrial Projects - 2
Date of Submission:
26/07/2025",M/s. Grace Ventures Private Limited,ANDHRA PRADESH,ANUPAM SINGHANIA,SEIAA,EC Granted,ANDHRA PRADESH,5(g) Distilleries
8,SIA/AP/IND2/536394/2025,"Clearance Type: Application for Amendment in EC- Form-4
S/W No.: SW/245992/2025
Category: B1
Sector: Industrial Projects - 2
Date of Submission:
06/06/2025","Grain Based Distillery project Capacity of 200 KLPD Fuel Ethanol along with 5.0 MW Co-Gen Power Plant of Emmajigudem Village, Bellamkonda Mandal, Palnadu District, Andhra Pradesh of Eindana Energies Private Limited",ANDHRA PRADESH,EINDANA ENERGIES PRIVATE LIMITED,SEIAA,EC Rejected,ANDHRA PRADESH,5(g) Distilleries
9,SIA/AP/IND2/539050/2025,"Clearance Type: Application for ToR (Category A, B1, and B2 Violation)/EC (Category B2) - Form 1
S/W No.: SW/248550/2025
Category: B2
Sector: Industrial Projects - 2
Date of Submission:
27/05/2025",Expansion of Grain Based Ethanol Plant from 200 KLD to 300 KLD and Co-generation Power Plant 6 MW to 6.25 MW,ANDHRA PRADESH,SRI HANUMAN BIOFUELS PRIVATE LIMITED,SEIAA,Proposal returned in present form,ANDHRA PRADESH,5(g) Distilleries
10,SIA/AP/IND2/536968/2025,"Clearance Type: Application for Transfer of EC- Form-7
S/W No.: SW/246592/2025
Category: B1
Sector: Industrial Projects - 2
Date of Submission:
12/05/2025",M/s Pearl Distillery Private Limited,ANDHRA PRADESH,KARI SRINIVASA RAO,SEIAA,EC Granted,ANDHRA PRADESH,5(g) Distilleries
11,SIA/AP/IND2/533136/2025,"Clearance Type: Application for ToR (Category A, B1, and B2 Violation)/EC (Category B2) - Form 1
S/W No.: SW/243179/2025
Category: B2
Sector: Industrial Projects - 2
Date of Submission:
09/04/2025",Sentini Bio Spirit Private Limited proposes to expand Grain Based Distillery capacity from 200 KLPD to 250 KLPD Fuel Ethanol,ANDHRA PRADESH,SENTINI BIO-SPIRIT PRIVATE LIMITED,SEIAA,EC Rejected,ANDHRA PRADESH,5(g) Distilleries
12,SIA/AP/IND2/529130/2025,"Clearance Type: Application for ToR (Category A, B1, and B2 Violation)/EC (Category B2) - Form 1
S/W No.: SW/239531/2025
Category: B1
Sector: Industrial Projects - 2
Date of Submission:
13/03/2025",Greenfield Project of “Grain Based Distillery Plant of 50 KLD along with Co-generation Power Plant of 1.5 MW by M/s R K S Techno Vision Engineering Pvt Ltd,ANDHRA PRADESH,RKS TECHNO VISION ENGINEERING PRIVATE LIMITED,SEIAA,ToR Granted,ANDHRA PRADESH,5(g) Distilleries
13,SIA/AP/IND2/519802/2025,"Clearance Type: Application for Validity Extension of EC- Form-6
S/W No.: SW/228131/2024
Category: B1
Sector: Industrial Projects - 2
Date of Submission:
26/01/2025",Extension of Validity of Environmental Clearance issued for our Grain Based Distillery Plant (120 KLPD) along with Co-generation Power Plant (5 MW),ANDHRA PRADESH,RJC AGROS LIMITED,SEIAA,EC Granted,ANDHRA PRADESH,5(g) Distilleries
14,SIA/AP/IND2/515867/2024,"Clearance Type: Application for ToR (Category A, B1, and B2 Violation)/EC (Category B2) - Form 1
S/W No.: SW/227400/2024
Category: B1
Sector: Industrial Projects - 2
Date of Submission:
24/12/2024",GRAIN BASED ETHANOL PLANT OF 200KLPD CAPACITY BY M/S. DAMMU BIOFUELS PRIVATE LIMITED,ANDHRA PRADESH,DAMMU BIOFUELS PRIVATE LIMITED,SEIAA,ToR Granted,ANDHRA PRADESH,5(g) Distilleries
15,SIA/AP/IND2/513948/2024,"Clearance Type: Application for ToR (Category A, B1, and B2 Violation)/EC (Category B2) - Form 1
S/W No.: SW/225494/2024
Category: B1
Sector: Industrial Projects - 2
Date of Submission:
12/12/2024",Proposal for permission to produce Absolute Alcohol along with ENA/Fuel-Grade Ethanol in the existing plant and to enhance the production capacity of ENA/Fuel-Grade Ethanol/Absolute Alcohol from 90 KLPD to 180 KLPD (120 KLPD using grains as raw material and an additional 60 KLPD by procuring Rectified Spirit from external sources),ANDHRA PRADESH,CAPRICORN DISTILLERY PRIVATE LIMITED,SEIAA,ToR Granted,ANDHRA PRADESH,5(g) Distilleries
16,SIA/AP/IND2/480482/2024,"Clearance Type: Application for Surrender of Environmental Clearance - Form -11
S/W No.: SW/189490/2024
Category: B1
Sector: Industrial Projects - 2
Date of Submission:
11/06/2024","Request for surrendering of Environmental Clearance issued for 60 KLPD as well as expansion from 60 to 75 KLPD Grain based Distillery plant and 2.5 MW co-generation power plant located at Sy No: 526,532,534,536,538,556 & 557 of Peddavaram Village, Nandigama Mandal, Krishna District, Andhra Pradesh State",ANDHRA PRADESH,SUDHEER BIO PRODUCTS PRIVATE LIMITED,SEIAA,"DELISTED BY SYSTEM
(at : 26/12/2024)",ANDHRA PRADESH,5(g) Distilleries
17,SIA/AP/IND2/480265/2024,"Clearance Type: Application for ToR (Category A, B1, and B2 Violation)/EC (Category B2) - Form 1
S/W No.: SW/189149/2024
Category: B1
Sector: Industrial Projects - 2
Date of Submission:
10/06/2024","Proposed HPCL’s CBG Plant and 3 KLPD Ethanol Production at Denduluru, Eluru District, Andhra Pradesh",ANDHRA PRADESH,HPCL Renewable and green energy limited,SEIAA,"DELISTED BY SYSTEM
(at : 08/04/2025)",ANDHRA PRADESH,5(g) Distilleries
18,SIA/AP/IND2/459895/2024,"Clearance Type: Application for EC (Category A, B1, and B2 Violation)- Form 1
S/W No.: SW/123557/2023
Category: B1
Sector: Industrial Projects - 2
Date of Submission:
29/01/2024",Vishwa Samudra Bio Energy Private Limited,ANDHRA PRADESH,VISHWA SAMUDRA BIO ENERGY PRIVATE LIMITED,SEIAA,EC Granted,ANDHRA PRADESH,5(g) Distilleries
19,SIA/AP/IND2/423303/2023,"Clearance Type: Application for ToR (Category A, B1, and B2 Violation)/EC (Category B2) - Form 1
S/W No.: SW/123557/2023
Category: B1
Sector: Industrial Projects - 2
Date of Submission:
13/04/2023",Vishwa Samudra Bio Energy Private Limited,ANDHRA PRADESH,VISHWA SAMUDRA BIO ENERGY PRIVATE LIMITED,SEIAA,TOR Granted,ANDHRA PRADESH,5(g) Distilleries
1,SIA/AP/IND1/561253/2025,"Clearance Type: Application for ToR (Category A, B1, and B2 Violation)/EC (Category B2) - Form 1
S/W No.: SW/268523/2025
Category: B2
Sector: Industrial Projects - 1
Date of Submission:
31/12/2025","Modernization & Modification of Existing ‘Integrated Steel Plant’ by Expansion in Environmental Clearance with increase in production capacity of Billets from 51,250 TPA to 1,19,500 TPA and TMT Bars/ Structural Steel from 50,000 TPA to 1,15,000 TPA, covering an area of 5.92 Acres (2.3957Ha.) (Survey No.15) and additional area of 6.43 acres (2.6022Ha.) (Survey No: 15-1,14,20-4A,20-4B & 20-3) with total area after expansion is 12.53 Acers (4.9979 Ha.)",ANDHRA PRADESH,A-ONE STEELS INDIA LIMITED,SEIAA,EC Granted,ANDHRA PRADESH,3(a) Metallurgical Industries (ferrous and non ferrous)
2,SIA/AP/IND1/561157/2025,"Clearance Type: Application for Transfer of EC- Form-7
S/W No.: SW/268443/2025
Category: A
Sector: Industrial Projects - 1
Date of Submission:
17/12/2025",Change of fuel-Environmental Clearance (EC)name transfer from M/s. ArcelorMittal Nippon Steel India Limited to M/s. ArcelorMittal Nippon Steel India Private Limited.,ANDHRA PRADESH,ARCELORMITTAL NIPPON STEEL INDIA LIMITED,SEIAA,EC Rejected,ANDHRA PRADESH,3(a) Metallurgical Industries (ferrous and non ferrous)
3,SIA/AP/IND1/561102/2025,"Clearance Type: Application for Transfer of EC- Form-7
S/W No.: SW/268323/2025
Category: A
Sector: Industrial Projects - 1
Date of Submission:
17/12/2025",Expansion Project - Environmental Clearance (EC) name transfer from M/s. ArcelorMittal Nippon Steel India Limited to M/s. ArcelorMittal Nippon Steel India Private Limited.,ANDHRA PRADESH,ARCELORMITTAL NIPPON STEEL INDIA LIMITED,SEIAA,EC Granted,ANDHRA PRADESH,3(a) Metallurgical Industries (ferrous and non ferrous)
4,SIA/AP/IND1/546711/2025,"Clearance Type: Application for ToR (Category A, B1, and B2 Violation)/EC (Category B2) - Form 1
S/W No.: SW/255521/2025
Category: B2
Sector: Industrial Projects - 1
Date of Submission:
08/12/2025","Modernization& Modification of Existing ‘Integrated Steel Plant’ by Expansion in Environmental Clearance with increase in production capacity of Billets from 51,250 TPA to 1,19,500 TPA and TMT Bars/ Structural Steel from 50,000 TPA to 1,15,000 TPA, covering an area of 5.92 Acres (2.3957Ha.) (Survey No.15) and additional area of 6.43 acres (2.6022Ha.) (Survey No:15-1,14,22-1A&B,22-3) with total area 12.53 Acers(4.9979 Ha.)",ANDHRA PRADESH,A-ONE STEELS INDIA LIMITED,SEIAA,"DELISTED BY SYSTEM
(at : 12/12/2025)",ANDHRA PRADESH,3(a) Metallurgical Industries (ferrous and non ferrous)
5,SIA/AP/IND1/526464/2025,"Clearance Type: Application for Transfer of EC- Form-7
S/W No.: SW/237162/2025
Category: A
Sector: Industrial Projects - 1
Date of Submission:
01/04/2025","Expansion of Iron Ore Pelletization from 7.0 MTPA to 11.0 MTPA in existing plant area of 110 acre located at Survey No. 15A, Kancharapalem, Near Flyover, Scindia Road, Vishakhapatnam Urban, Vishakhapatnam district, Andhra Pradesh by M/s Arcelor Mittal Nippon Steel India Limited (Formerly Essar Steel India Limited) –Grant of Environmental Clearance under the provisions EIA Notification, 2006 -regarding.",ANDHRA PRADESH,ARCELORMITTAL NIPPON STEEL INDIA LIMITED,SEIAA,EC Rejected,ANDHRA PRADESH,3(a) Metallurgical Industries (ferrous and non ferrous)
6,SIA/AP/IND1/526730/2025,"Clearance Type: Application for Transfer of EC- Form-7
S/W No.: SW/237466/2025
Category: A
Sector: Industrial Projects - 1
Date of Submission:
01/04/2025","Proposed change of fuel from LSHS to Natural gas (fuel oil as stand by) in the Existing 7.0 MTPA Iron ore Pelletisation plant and net 25 MW Captive powerplant by M/s ArcelorMittal Nippon Steel India Limited (Formerly Essar Steel India Limited) located at Village Kancharapalem, Tehsil Vishakhapatnam Urban, District Vishakhapatnam, Andhra Pradesh, India",ANDHRA PRADESH,ARCELORMITTAL NIPPON STEEL INDIA LIMITED,SEIAA,EC Rejected,ANDHRA PRADESH,3(a) Metallurgical Industries (ferrous and non ferrous)
7,SIA/AP/IND1/528857/2025,"Clearance Type: Application for ToR (Category A, B1, and B2 Violation)/EC (Category B2) - Form 1
S/W No.: SW/239495/2025
Category: B1
Sector: Industrial Projects - 1
Date of Submission:
12/03/2025",Proposed Ductile Iron Spun Pipe (Including melting of pig iron) Manufacturing Plant by M/s Maadurga Iron and Steel Private Limited.,ANDHRA PRADESH,MAADURGA IRON AND STEEL PRIVATE LIMITED,SEIAA,ToR Rejected,ANDHRA PRADESH,3(a) Metallurgical Industries (ferrous and non ferrous)
8,SIA/AP/IND1/527837/2025,"Clearance Type: Application for Transfer of EC- Form-7
S/W No.: SW/238491/2025
Category: B2
Sector: Industrial Projects - 1
Date of Submission:
05/03/2025","Transfer of Environmental Clearances (by MoEFCC, letter No. J-11011/644/2009-IA II (I), dated 27.10.2010 and amended EC vide letter no. J-11011/644/2009-IA II (I ), dated 03-05/02/2015) from M/s A-One Steels India Private Limited to A-One Steels India Limited, with respect to its Integrated Steel Plant (Existing Capacity-M S Billets 51,250TPA and TMT Bars/Structural Steel 50,000TPA), located at Survey No.15, Village Manisamundram, Mandal Hindupur, District Ananthpur, Andhrapradesh",ANDHRA PRADESH,A-ONE STEELS INDIA LIMITED,SEIAA,EC Granted,ANDHRA PRADESH,3(a) Metallurgical Industries (ferrous and non ferrous)
9,SIA/AP/IND1/518139/2025,"Clearance Type: Application for EC (Category A, B1, and B2 Violation)- Form 1
S/W No.: SW/227901/2024
Category: B1
Sector: Industrial Projects - 1
Date of Submission:
30/01/2025",M/s Greentech Industries (India) Private Limited,ANDHRA PRADESH,M/S GREENTECH INDUSTRIES (INDIA) PRIVATE LIMITED,SEIAA,EC Granted,ANDHRA PRADESH,3(a) Metallurgical Industries (ferrous and non ferrous)
10,SIA/AP/IND1/516193/2024,"Clearance Type: Application for ToR (Category A, B1, and B2 Violation)/EC (Category B2) - Form 1
S/W No.: SW/227755/2024
Category: B2
Sector: Industrial Projects - 1
Date of Submission:
26/12/2024","Proposed Expansion in EC, increase in production of M S Billets from 51,250TPA to 1,19,500TPA and TMT Bars/Structural Steel from 50,000TPA to 1,15,000TPA, in the existing area of 5.92 Acres (2.3957Ha), of the Integrated Steel Plant of M/s A-One Steels India Pvt. Ltd., located at Survey No.15, Village Manisamundram, Mandal Hindupur, District Ananthpur, Andhrapradesh",ANDHRA PRADESH,a-one steels inida private limited,SEIAA,"DELISTED BY SYSTEM
(at : 05/08/2025)",ANDHRA PRADESH,3(a) Metallurgical Industries (ferrous and non ferrous)
11,SIA/AP/IND1/437362/2023,"Clearance Type: Application for ToR (Category A, B1, and B2 Violation)/EC (Category B2) - Form 1
S/W No.: SW/137183/2023
Category: B1
Sector: Industrial Projects - 1
Date of Submission:
19/07/2023",M/s. BEEKAY STRUCTURAL STEELS (A UNIT OF BEEKAY STEEL INDUSTRIES LTD),ANDHRA PRADESH,GAUTAM BANSAL,SEIAA,EDS raised,ANDHRA PRADESH,3(a) Metallurgical Industries (ferrous and non ferrous)
12,SIA/AP/IND1/437307/2023,"Clearance Type: Application for ToR (Category A, B1, and B2 Violation)/EC (Category B2) - Form 1
S/W No.: SW/137113/2023
Category: B1
Sector: Industrial Projects - 1
Date of Submission:
19/07/2023",M/s. RADICE ISPAT (INDIA) VIZAG,ANDHRA PRADESH,GAUTAM BANSAL,SEIAA,EDS raised,ANDHRA PRADESH,3(a) Metallurgical Industries (ferrous and non ferrous)
13,SIA/AP/IND1/437337/2023,"Clearance Type: Application for ToR (Category A, B1, and B2 Violation)/EC (Category B2) - Form 1
S/W No.: SW/137158/2023
Category: B1
Sector: Industrial Projects - 1
Date of Submission:
19/07/2023",M/s. BEEKAY SPECIAL STEELS (UNIT OF BEEKAY STEEL INDUSTRIES LTD),ANDHRA PRADESH,GAUTAM BANSAL,SEIAA,EDS raised,ANDHRA PRADESH,3(a) Metallurgical Industries (ferrous and non ferrous)
14,SIA/AP/IND1/433622/2023,"Clearance Type: Application for ToR (Category A, B1, and B2 Violation)/EC (Category B2) - Form 1
S/W No.: SW/133275/2023
Category: B1
Sector: Industrial Projects - 1
Date of Submission:
19/06/2023",M/s. Thalaivar Steels Limited,ANDHRA PRADESH,THALAIVAR STEELS LIMITED,SEIAA,TOR Granted,ANDHRA PRADESH,3(a) Metallurgical Industries (ferrous and non ferrous)
15,SIA/AP/IND1/427895/2023,"Clearance Type: Application for ToR (Category A, B1, and B2 Violation)/EC (Category B2) - Form 1
S/W No.: SW/127819/2023
Category: B1
Sector: Industrial Projects - 1
Date of Submission:
03/05/2023","Regularization of existing Mild Steel Rolling mill for manufacturing of MS CTD Bars – 100 TPD by M/s. Sree Praseedha Steels and Minerals Private Limited, (formerly M/s. Steel Exchange India Ltd.,)",ANDHRA PRADESH,SREE PRASEEDHA STEELS AND MINERALS PRIVATE LIMITED,SEIAA,TOR Granted,ANDHRA PRADESH,3(a) Metallurgical Industries (ferrous and non ferrous)
1,SIA/AP/IND1/549254/2025,"Clearance Type: Application for Surrender of Environmental Clearance - Form -11
S/W No.: SW/256108/2025
Category: B1
Sector: Industrial Projects - 1
Date of Submission:
08/09/2025","Surrender of EC issued for the Expansion of Cement Grinding unit of M/s Andhra Cements Limited, Sri Durganagar, Viskapatnam District, Andhra Pradesh",ANDHRA PRADESH,ANDHRA CEMENTS LIMITED,SEIAA,"DELISTED BY SYSTEM
(at : 05/01/2026)",ANDHRA PRADESH,3(b) Cement plants
2,SIA/AP/IND1/543735/2025,"Clearance Type: Application for Corrigendum Form-13
S/W No.: SW/116760/2023
Category: B1
Sector: Industrial Projects - 1
Date of Submission:
09/07/2025",0.66 MTPA CEMENT GRINDING UNIT BY M/s. NCL INDUSTRIES LIMITED,ANDHRA PRADESH,NCL INDUSTRIES LIMITED,SEIAA,EC Granted,ANDHRA PRADESH,3(b) Cement plants
3,SIA/AP/IND1/501047/2024,"Clearance Type: Application for EC (Category A, B1, and B2 Violation)- Form 1
S/W No.: SW/211268/2024
Category: B1
Sector: Industrial Projects - 1
Date of Submission:
17/10/2024",Proposed Installation of 0.80 MTPA Greenfield Cement Grinding Unit by M/s Deccan Cements Limited,ANDHRA PRADESH,DECCAN CEMENTS LIMITED,SEIAA,EC Rejected,ANDHRA PRADESH,3(b) Cement plants
4,SIA/AP/IND1/467587/2024,"Clearance Type: Application for EC (Category A, B1, and B2 Violation)- Form 1
S/W No.: SW/151849/2023
Category: B1
Sector: Industrial Projects - 1
Date of Submission:
30/03/2024","Proposed Grinding Unit with capacity of 4.0 Million TPA at Kantakapalli Village, Kothavalasa Mandal, Vizianagaram District, Andhra Pradesh, by M/s. UltraTech Cement Limited",ANDHRA PRADESH,M/s. UltraTech Cement Ltd.,SEIAA,EC Granted,ANDHRA PRADESH,3(b) Cement plants
5,SIA/AP/IND1/450374/2023,"Clearance Type: Application for ToR (Category A, B1, and B2 Violation)/EC (Category B2) - Form 1
S/W No.: SW/148795/2023
Category: B1
Sector: Industrial Projects - 1
Date of Submission:
04/03/2024","Proposed Gangavaram Cement Grinding Unit with Production Capacity of 2 x 2 Million Metric Tons Per Annum (4 MMTPA)” located at Village: Pedagantyada, Taluk: Gajuwaka, District: Visakhapatnam , State: Andhra Pradesh by M/s Ambuja Cements Limited (ACL)",ANDHRA PRADESH,Ambuja Cements Limited,SEIAA,ToR Granted,ANDHRA PRADESH,3(b) Cement plants
6,SIA/AP/IND1/452740/2023,"Clearance Type: Application for ToR (Category A, B1, and B2 Violation)/EC (Category B2) - Form 1
S/W No.: SW/151849/2023
Category: B1
Sector: Industrial Projects - 1
Date of Submission:
11/12/2023","Proposed Grinding Unit with capacity of 4.0 Million TPA at Kantakapalli Village, Kothavalasa Mandal, Vizianagaram District, Andhra Pradesh, by M/s. UltraTech Cement Limited",ANDHRA PRADESH,M/s. UltraTech Cement Ltd.,SEIAA,TOR Granted,ANDHRA PRADESH,3(b) Cement plants
7,SIA/AP/IND1/451099/2023,"Clearance Type: Application for EC (Category A, B1, and B2 Violation)- Form 1
S/W No.: SW/138382/2023
Category: B1
Sector: Industrial Projects - 1
Date of Submission:
03/11/2023",M/s. AARAV BUILDMAT PRIVATE LIMITED,ANDHRA PRADESH,AARAV BUILDMAT PRIVATE LIMITED,SEIAA,EC Granted,ANDHRA PRADESH,3(b) Cement plants
8,SIA/AP/IND1/438668/2023,"Clearance Type: Application for ToR (Category A, B1, and B2 Violation)/EC (Category B2) - Form 1
S/W No.: SW/138382/2023
Category: B1
Sector: Industrial Projects - 1
Date of Submission:
31/07/2023",M/s. AARAV BUILDMAT PRIVATE LIMITED,ANDHRA PRADESH,AARAV BUILDMAT PRIVATE LIMITED,SEIAA,EDS raised,ANDHRA PRADESH,3(b) Cement plants
9,SIA/AP/IND1/415896/2023,"Clearance Type: Application for EC (Category A, B1, and B2 Violation)- Form 1
S/W No.: SW/116760/2023
Category: B1
Sector: Industrial Projects - 1
Date of Submission:
27/01/2023",0.66 MTPA CEMENT GRINDING UNIT BY M/s. NCL INDUSTRIES LIMITED,ANDHRA PRADESH,NCL INDUSTRIES LIMITED,SEIAA,EC Granted,ANDHRA PRADESH,3(b) Cement plants
1,SIA/AP/IND3/486742/2024,"Clearance Type: Application for EC (Category A, B1, and B2 Violation)- Form 1
S/W No.: SW/147339/2023
Category: B1
Sector: Industrial Projects - 3
Date of Submission:
09/07/2024",Manufacture of Single Super Phosphate (SSP) Fertilizer,ANDHRA PRADESH,DEEAAR AGRO CHEMPHARMS LLP,SEIAA,EC Granted,ANDHRA PRADESH,5(a) Chemical fertilizers
2,SIA/AP/IND3/447612/2023,"Clearance Type: Application for ToR (Category A, B1, and B2 Violation)/EC (Category B2) - Form 1
S/W No.: SW/147339/2023
Category: B1
Sector: Industrial Projects - 3
Date of Submission:
09/10/2023",Manufacture of Single Super Phosphate (SSP) Fertilizer,ANDHRA PRADESH,DEEAAR AGRO CHEMPHARMS LLP,SEIAA,TOR Granted,ANDHRA PRADESH,5(a) Chemical fertilizers
3,SIA/AP/IND3/439213/2023,"Clearance Type: Application for ToR (Category A, B1, and B2 Violation)/EC (Category B2) - Form 1
S/W No.: SW/138905/2023
Category: B1
Sector: Industrial Projects - 3
Date of Submission:
19/08/2023","Expansion of existing Single Super Phosphate (SSP) manufacturing unit without sulphuric acid manufacturing in existing site at Sy. Nos. 329/2, 355/5 and 355/6, Thummapala Village, Anakapalle Mandal, Anakapalle District, Andhra Pradesh by M/s. GDS Chemicals and Fertilizers (P) Ltd.",ANDHRA PRADESH,GDS CHEMICALS & FERTILISERS PRIVATE LIMITED,SEIAA,TOR Granted,ANDHRA PRADESH,5(a) Chemical fertilizers
1,SIA/AP/IND1/578180/2026,"Clearance Type: Application for ToR (Category A, B1, and B2 Violation)/EC (Category B2) - Form 1
S/W No.: SW/283490/2026
Category: B1
Sector: Industrial Projects - 1
Date of Submission:
07/05/2026","PROPOSED 2,00,000 TPA NON-RECOVERY TYPE COKE OVEN PLANT ALONG WITH WASTE HEAT RECOVERY POWER PLANT OF 16 MW WITHIN DE-NOTIFIED AREA OF KAKINADA SEZ, KAKINADA DISTRICT, ANDHRA PRADESH M/s. Green coke and Energy Pvt Ltd",ANDHRA PRADESH,green coke and energy private limited,SEIAA,ToR Granted,ANDHRA PRADESH,4(b) Coke oven plants
1,SIA/AR/IND1/437136/2023,"Clearance Type: Application for ToR (Category A, B1, and B2 Violation)/EC (Category B2) - Form 1
S/W No.: SW/136954/2023
Category: B1
Sector: Industrial Projects - 1
Date of Submission:
18/07/2023",Regularisation of existing manufacturing unit- SATYAM ISPAT(NORTH EAST) LIMITED that produces MS ingots of capacity 67200 MTPA and TMT Bars of capacity 74400 MTPA.,ARUNACHAL PRADESH,SATYAM ISPAT (NORTH EAST) LIMITED,SEIAA,EDS raised,ARUNACHAL PRADESH,3(a) Metallurgical Industries (ferrous and non ferrous)
2,SIA/AR/IND1/436453/2023,"Clearance Type: Application for ToR (Category A, B1, and B2 Violation)/EC (Category B2) - Form 1
S/W No.: SW/136231/2023
Category: B1
Sector: Industrial Projects - 1
Date of Submission:
14/07/2023",M/s Satyam Steel and Alloys for regularization of the existing manufacturing unit of TMT Bars(28500 MTPA) and M.S Ingot/Billets (30000 MTPA) products with induction furnace and rolling mill,ARUNACHAL PRADESH,SATYAM STEELS & ALLOYS,SEIAA,TOR GRANTED,ARUNACHAL PRADESH,3(a) Metallurgical Industries (ferrous and non ferrous)
1,SIA/AR/IND2/547084/2025,"Clearance Type: Application for ToR (Category A, B1, and B2 Violation)/EC (Category B2) - Form 1
S/W No.: SW/255945/2025
Category: B1
Sector: Industrial Projects - 2
Date of Submission:
05/08/2025","Proposed Grain-Based Distillery for production of 150 KLD Extra Neutral Alcohol (ENA) along with 5.0 M.W. Captive Power Plant by M/s J.Y. Distillery Private Limited in the revenue estate of Village Hollongi, District Papum Pare, Arunachal Pradesh",ARUNACHAL PRADESH,J Y DISTILLERY PRIVATE LIMITED,SEIAA,ToR Granted,ARUNACHAL PRADESH,5(g) Distilleries
1,SIA/AR/IND1/546952/2025,"Clearance Type: Application for Validity Extension of EC- Form-6
S/W No.: SW/255573/2025
Category: B1
Sector: Industrial Projects - 1
Date of Submission:
04/08/2025",Apply for renewal/ extension of Environmental Clearance,ARUNACHAL PRADESH,TANGYAN SIMAI,SEIAA,Proposal returned in present form,ARUNACHAL PRADESH,4(b) Coke oven plants
1,SIA/AS/IND1/579880/2026,"Clearance Type: Application for Corrigendum Form-13
S/W No.: SW/279206/2026
Category: B1
Sector: Industrial Projects - 1
Date of Submission:
22/05/2026","Proposed Expansion of Existing Production Facilities for M.S. Billet (from 90000 TPA to 180000 TPA) through Induction Furnace (22 TPH x 2 and 15 TPH x 1) and Rolling Mill products (from 98844 TPA to 200000 TPA) By KD Iron & Steel Pvt. Ltd., at IIDC, Village Borshil, Sotshil, Po. Maranjana, P.S. Rangia, Tehsil - Rangia, Dist.- Kamrup (Rural), Assam – 781354",ASSAM,K D IRON AND STEEL CO,SEIAA,ADS Raised,ASSAM,3(a) Metallurgical Industries (ferrous and non ferrous)
2,SIA/AS/IND1/574682/2026,"Clearance Type: Application for EC (Category A, B1, and B2 Violation)- Form 1
S/W No.: SW/279206/2026
Category: B1
Sector: Industrial Projects - 1
Date of Submission:
27/04/2026","Proposed Expansion of Existing Production Facilities for M.S. Billet (from 90000 TPA to 180000 TPA) through Induction Furnace (22 TPH x 2 and 15 TPH x 1) and Rolling Mill products (from 98844 TPA to 200000 TPA) By KD Iron & Steel Pvt. Ltd., at IIDC, Village Borshil, Sotshil, Po. Maranjana, P.S. Rangia, Tehsil - Rangia, Dist.- Kamrup (Rural), Assam – 781354",ASSAM,K D IRON AND STEEL CO,SEIAA,EC Granted,ASSAM,3(a) Metallurgical Industries (ferrous and non ferrous)
3,SIA/AS/IND1/453316/2023,"Clearance Type: Application for EC (Category A, B1, and B2 Violation)- Form 1
S/W No.: SW/107380/2022
Category: B1
Sector: Industrial Projects - 1
Date of Submission:
28/03/2024","Environmental Clearance for setting up the greenfield plant for production of 90,000TPA TMT Bars or MS Re-rolled products by installing rolling mill of 300TPD capacity along with Reheating furnace (coal based) of avg. capacity between 15-18TPH by M/s Irid Casting Works LLP at Village – Pangram Part-I, P.O. Udharbond Dist. Cachar, Assam.",ASSAM,IRID CASTING WORKS LLP,SEIAA,EC Granted,ASSAM,3(a) Metallurgical Industries (ferrous and non ferrous)
4,SIA/AS/IND1/455537/2023,"Clearance Type: Application for EC (Category A, B1, and B2 Violation)- Form 1
S/W No.: SW/122007/2023
Category: B1
Sector: Industrial Projects - 1
Date of Submission:
20/02/2024",Proposed production capacity of MS Bars 400 MT/month and MS Channel 600 MT/month of the existing unit by M/S Vridhi Iron & Steel,ASSAM,VRIDHI IRON & STEELS,SEIAA,"DELISTED BY SYSTEM
(at : 07/07/2025)",ASSAM,3(a) Metallurgical Industries (ferrous and non ferrous)
5,SIA/AS/IND1/439949/2023,"Clearance Type: Application for ToR (Category A, B1, and B2 Violation)/EC (Category B2) - Form 1
S/W No.: SW/139576/2023
Category: B1
Sector: Industrial Projects - 1
Date of Submission:
05/02/2024",Regularisation of existing manufacturing unit VISION METALIK COMPANY of capacity 9840 MTPA that produces MS ingots.,ASSAM,VISION METALIK COMPANY,SEIAA,"DELISTED BY SYSTEM
(at : 30/10/2024)",ASSAM,3(a) Metallurgical Industries (ferrous and non ferrous)
6,SIA/AS/IND1/435646/2023,"Clearance Type: Application for ToR (Category A, B1, and B2 Violation)/EC (Category B2) - Form 1
S/W No.: SW/135400/2023
Category: B1
Sector: Industrial Projects - 1
Date of Submission:
01/02/2024",Regularisation of existing manufacturing unit of VISION ISPAT PRIVATE LIMITED that produces TMT Bars and Rods of 24000 MTPA,ASSAM,VISION ISPAT PRIVATE LIMITED,SEIAA,"DELISTED BY SYSTEM
(at : 30/10/2024)",ASSAM,3(a) Metallurgical Industries (ferrous and non ferrous)
7,SIA/AS/IND1/436219/2023,"Clearance Type: Application for ToR (Category A, B1, and B2 Violation)/EC (Category B2) - Form 1
S/W No.: SW/135984/2023
Category: B1
Sector: Industrial Projects - 1
Date of Submission:
01/02/2024","Regularisation of existing manufacturing unit- SANJAY ISPAT OF 10000 MTPA capacity that produces gate channel, T -iron, ""Z"", strips, angles and other sectional rods and bars.",ASSAM,SANJAY ISPAT,SEIAA,"DELISTED BY SYSTEM
(at : 30/10/2024)",ASSAM,3(a) Metallurgical Industries (ferrous and non ferrous)
8,SIA/AS/IND1/435571/2023,"Clearance Type: Application for ToR (Category A, B1, and B2 Violation)/EC (Category B2) - Form 1
S/W No.: SW/135328/2023
Category: B1
Sector: Industrial Projects - 1
Date of Submission:
01/02/2024",Regularisation of existing manufacturing unit of ISPAT UDYOG PRIVATE LIMITED that produces MS rods/TMT bars of 4800 MTPA.,ASSAM,ISPAT UDYOG PRIVATE LIMITED,SEIAA,"DELISTED BY SYSTEM
(at : 30/10/2024)",ASSAM,3(a) Metallurgical Industries (ferrous and non ferrous)
9,SIA/AS/IND1/440015/2023,"Clearance Type: Application for ToR (Category A, B1, and B2 Violation)/EC (Category B2) - Form 1
S/W No.: SW/139635/2023
Category: B1
Sector: Industrial Projects - 1
Date of Submission:
01/02/2024","Regularisation of existing manufacturing unit - GRIHASHAKTI STEELS PRIVATE LIMITED that produces TMT bars and coils of capacity 19458 MTPA, MIS Roll and end cutting of capacity 708 MTPA",ASSAM,GRIHASHAKTI STEELS PRIVATE LIMITED,SEIAA,"DELISTED BY SYSTEM
(at : 30/10/2024)",ASSAM,3(a) Metallurgical Industries (ferrous and non ferrous)
10,SIA/AS/IND1/411682/2022,"Clearance Type: Application for ToR (Category A, B1, and B2 Violation)/EC (Category B2) - Form 1
S/W No.: SW/112598/2022
Category: B1
Sector: Industrial Projects - 1
Date of Submission:
23/11/2023","Regularization of existing Rolling Mill of capacity 70 TPD for production of 21,000 TPA TMT bars and Re-Rolled products along with Re-heating furnace of 6TPH capacity .",ASSAM,LADI STEEL INDUSTRIES PRIVATE LIMITED,SEIAA,TOR GRANTED,ASSAM,3(a) Metallurgical Industries (ferrous and non ferrous)
1,SIA/AS/IND1/581532/2026,"Clearance Type: Application for ToR (Category A, B1, and B2 Violation)/EC (Category B2) - Form 1
S/W No.: SW/286267/2026
Category: B1
Sector: Industrial Projects - 1
Date of Submission:
26/06/2026","Standalone Grinding Unit with Cement production capacity of 6.0 Million TPA (2 x 3.0 Million TPA), D.G. Set of 2 x 1250 KVA and Material storage & dispatch facilities at Village: Itagaon, Tehsil: Lanka, District: Hojai, Assam by M/s. Ambuja Concrete North Private Limited",ASSAM,AMBUJA CONCRETE NORTH PRIVATE LIMITED,SEIAA,Standard ToR Granted,ASSAM,3(b) Cement plants
2,SIA/AS/IND1/583001/2026,"Clearance Type: Application for EC (Category A, B1, and B2 Violation)- Form 1
S/W No.: SW/278273/2026
Category: B1
Sector: Industrial Projects - 1
Date of Submission:
24/06/2026","Proposed 1500 TPD Clinkerisation plant at Jhoombasti village (Badarpurghat), District Karimganj, Assam",ASSAM,VALLEY STRONG CEMENTS (ASSAM) LIMITED,SEIAA,ADS Raised,ASSAM,3(b) Cement plants
3,SIA/AS/IND1/571669/2026,"Clearance Type: Application for ToR (Category A, B1, and B2 Violation)/EC (Category B2) - Form 1
S/W No.: SW/276639/2026
Category: B1
Sector: Industrial Projects - 1
Date of Submission:
20/03/2026",Cement Grinding Unit (1.0 MTPA OPC/PPC/PSC),ASSAM,MAX CEMENT INDUSTRIES PRIVATE LIMITED,SEIAA,Standard ToR Granted,ASSAM,3(b) Cement plants
4,SIA/AS/IND1/572205/2026,"Clearance Type: Application for ToR (Category A, B1, and B2 Violation)/EC (Category B2) - Form 1
S/W No.: SW/278273/2026
Category: B1
Sector: Industrial Projects - 1
Date of Submission:
13/03/2026","Proposed 1500 TPD Clinkerisation plant at Jhoombasti village (Badarpurghat), District Karimganj, Assam",ASSAM,VALLEY STRONG CEMENTS (ASSAM) LIMITED,SEIAA,Standard ToR Granted,ASSAM,3(b) Cement plants
5,SIA/AS/IND1/564107/2026,"Clearance Type: Application for EC (Category A, B1, and B2 Violation)- Form 1
S/W No.: SW/265156/2025
Category: B1
Sector: Industrial Projects - 1
Date of Submission:
03/01/2026","Integrated Cement Plant with production capacity of Clinker (0.95 Million TPA), Cement (0.95 Million TPA - OPC, PPC, PSC, Composite Cement, PLC and LC3), WHRS (6 MW) and D.G. Set (2 x 500 KVA) at Village: New Umrangso (19 kilo), Tehsil: Umrangso, District: Dima Hasao, State: Assam by M/s. JK Lakshmi Cement Ltd.",ASSAM,JK LAKSHMI CEMENT LIMITED,SEIAA,EC Granted,ASSAM,3(b) Cement plants
6,SIA/AS/IND1/557465/2025,"Clearance Type: Application for ToR (Category A, B1, and B2 Violation)/EC (Category B2) - Form 1
S/W No.: SW/265156/2025
Category: B1
Sector: Industrial Projects - 1
Date of Submission:
08/11/2025","Integrated Cement Plant with production capacity of Clinker (0.95 Million TPA), Cement (0.95 Million TPA - OPC, PPC, PSC, Composite Cement, PLC and LC3), WHRS (6 MW) and D.G. Set (2 x 500 KVA) at Village: New Umrangso (19 kilo), Tehsil: Umrangso, District: Dima Hasao, State: Assam by M/s. JK Lakshmi Cement Ltd.",ASSAM,JK LAKSHMI CEMENT LIMITED,SEIAA,Standard ToR Granted,ASSAM,3(b) Cement plants
7,SIA/AS/IND1/518005/2025,"Clearance Type: Application for Transfer of EC- Form-7
S/W No.: SW/151591/2023
Category: B1
Sector: Industrial Projects - 1
Date of Submission:
10/01/2025",Establishment of a New Standalone Cement Grinding Unit of Capacity 2.0 MTPA,ASSAM,STAR CEMENT (I) LIMITED,SEIAA,EC Granted,ASSAM,3(b) Cement plants
8,SIA/AS/IND1/497304/2024,"Clearance Type: Application for EC (Category A, B1, and B2 Violation)- Form 1
S/W No.: SW/151591/2023
Category: B1
Sector: Industrial Projects - 1
Date of Submission:
22/10/2024",Establishment of a New Standalone Cement Grinding Unit of Capacity 2.0 MTPA,ASSAM,STAR CEMENT (I) LIMITED,SEIAA,EC Granted,ASSAM,3(b) Cement plants
9,SIA/AS/IND1/502278/2024,"Clearance Type: Application for EC (Category A, B1, and B2 Violation)- Form 1
S/W No.: SW/155958/2023
Category: B1
Sector: Industrial Projects - 1
Date of Submission:
21/10/2024","Proposed Cement Plant of 600 TPD Capacity (Clinker 400 TPD and Grinding 600 TPD), at P.P NO. 190, Dag No. 50 & P.P. No. 192, Dag No. 52 Situated at Village Kokdanglanso, Langri Kissam, PO & PS Diyungbra, Dist. Dima Hasao, Assam, Pin-782448 by M/s. Gold Strong Industries LLP",ASSAM,GOLD STRONG INDUSTRIES LLP,SEIAA,EC Granted,ASSAM,3(b) Cement plants
10,SIA/AS/IND1/484198/2024,"Clearance Type: Application for EC (Category A, B1, and B2 Violation)- Form 1
S/W No.: SW/127857/2023
Category: B1
Sector: Industrial Projects - 1
Date of Submission:
06/07/2024",Installation of Split Cement Grinding Unit of capacity 1.0 MTPA,ASSAM,TAJ CEMENT MANUFACTURING PRIVATE LIMITED,SEIAA,EC Granted,ASSAM,3(b) Cement plants
11,SIA/AS/IND1/476245/2024,"Clearance Type: Application for Corrigendum Form-13
S/W No.: SW/117703/2023
Category: B1
Sector: Industrial Projects - 1
Date of Submission:
27/05/2024",Setting up of 300 TPD VSK Clinker manufacturing Unit and 500 TPD cement manufacturing Unit,ASSAM,DAIVIK CEMENT MANUFACTURING PRIVATE LIMITED,SEIAA,EC Granted,ASSAM,3(b) Cement plants
12,SIA/AS/IND1/472458/2024,"Clearance Type: Application for Transfer of EC- Form-7
S/W No.: SW/180681/2024
Category: B1
Sector: Industrial Projects - 1
Date of Submission:
10/05/2024","Name Change in Environmental Clearance of Standlaone Grinding Unit at Village: 2 No. Pipalpukhuri, Taluka: Lanka, District- Hojai, Assam",ASSAM,DALMIA CEMENT (NORTH EAST) LIMITED,SEIAA,EC Granted,ASSAM,3(b) Cement plants
13,SIA/AS/IND1/471815/2024,"Clearance Type: Application for Transfer of ToR - Form-8
S/W No.: SW/151591/2023
Category: B1
Sector: Industrial Projects - 1
Date of Submission:
10/05/2024",Establishment of a New Standalone Cement Grinding Unit of Capacity 2.0 MTPA,ASSAM,STAR CEMENT (I) LIMITED,SEIAA,"DELISTED BY SYSTEM
(at : 30/10/2024)",ASSAM,3(b) Cement plants
14,SIA/AS/IND1/463706/2024,"Clearance Type: Application for Validity Extension of EC- Form-6
S/W No.: SW/172765/2024
Category: B1
Sector: Industrial Projects - 1
Date of Submission:
22/02/2024","Proposed Cement and Cement Clinker manufacturing Unit [Cement 0.66 MTPA (OPC 0.132 MTPA, & PPC 0.528 MTPA) and Clinker 0.528 MTPA] at Debendranagar, Joom Basti, Badarpurghat, Dist-Karimganj, Assam by M/s Valley Strong Cement (Assam) Ltd. Regarding-Environmental Clearance",ASSAM,VALLEY STRONG CEMENTS (ASSAM) LIMITED,SEIAA,EC Granted,ASSAM,3(b) Cement plants
15,SIA/AS/IND1/452432/2023,"Clearance Type: Application for ToR (Category A, B1, and B2 Violation)/EC (Category B2) - Form 1
S/W No.: SW/151591/2023
Category: B1
Sector: Industrial Projects - 1
Date of Submission:
15/02/2024",Establishment of a New Standalone Cement Grinding Unit of Capacity 2.0 MTPA,ASSAM,STAR CEMENT (I) LIMITED,SEIAA,ToR Granted,ASSAM,3(b) Cement plants
16,SIA/AS/IND1/456653/2023,"Clearance Type: Application for ToR (Category A, B1, and B2 Violation)/EC (Category B2) - Form 1
S/W No.: SW/155958/2023
Category: B1
Sector: Industrial Projects - 1
Date of Submission:
07/02/2024","Proposed Cement Plant of 600 TPD Capacity (Clinker 400 TPD and Grinding 600 TPD), at P.P NO. 190, Dag No. 50 & P.P. No. 192, Dag No. 52 Situated at Village Kokdanglanso, Langri Kissam, PO & PS Diyungbra, Dist. Dima Hasao, Assam, Pin-782448 by M/s. Gold Strong Industries LLP",ASSAM,GOLD STRONG INDUSTRIES LLP,SEIAA,ToR Granted,ASSAM,3(b) Cement plants
17,SIA/AS/IND1/453789/2023,"Clearance Type: Application for ToR (Category A, B1, and B2 Violation)/EC (Category B2) - Form 1
S/W No.: SW/152918/2023
Category: B1
Sector: Industrial Projects - 1
Date of Submission:
20/01/2024","Proposed Cement Plant of 600 TPD (Phase I: 300 TPD Grinding, Phase II: 300 TPD Clinker & 300 TPD Grinding) by M/s. Kanak Minerals LLP",ASSAM,KANAK MINERALS LLP,SEIAA,TOR Granted,ASSAM,3(b) Cement plants
18,SIA/AS/IND1/445498/2023,"Clearance Type: Application for EC (Category A, B1, and B2 Violation)- Form 1
S/W No.: SW/117703/2023
Category: B1
Sector: Industrial Projects - 1
Date of Submission:
14/10/2023",Setting up of 300 TPD VSK Clinker manufacturing Unit and 500 TPD cement manufacturing Unit,ASSAM,DAIVIK CEMENT MANUFACTURING PRIVATE LIMITED,SEIAA,EC Granted,ASSAM,3(b) Cement plants
19,SIA/AS/IND1/427957/2023,"Clearance Type: Application for ToR (Category A, B1, and B2 Violation)/EC (Category B2) - Form 1
S/W No.: SW/127857/2023
Category: B1
Sector: Industrial Projects - 1
Date of Submission:
20/07/2023",Installation of Split Cement Grinding Unit of capacity 1.0 MTPA,ASSAM,TAJ CEMENT MANUFACTURING PRIVATE LIMITED,SEIAA,TOR Granted,ASSAM,3(b) Cement plants
20,SIA/AS/IND1/416922/2023,"Clearance Type: Application for ToR (Category A, B1, and B2 Violation)/EC (Category B2) - Form 1
S/W No.: SW/117703/2023
Category: B1
Sector: Industrial Projects - 1
Date of Submission:
13/02/2023",Setting up of 300 TPD VSK Clinker manufacturing Unit and 500 TPD cement manufacturing Unit,ASSAM,DAIVIK CEMENT MANUFACTURING PRIVATE LIMITED,SEIAA,TOR Granted,ASSAM,3(b) Cement plants
21,SIA/AS/IND1/407155/2022,"Clearance Type: Application for EC (Category A, B1, and B2 Violation)- Form 1
S/W No.: SW/105527/2022
Category: B1
Sector: Industrial Projects - 1
Date of Submission:
22/11/2022",Establishment of a New Standalone Cement Grinding Unit of Capacity 2.0 MTPA,ASSAM,STAR CEMENT NORTH EAST LIMITED,SEIAA,EC Granted,ASSAM,3(b) Cement plants
1,SIA/AS/IND2/579610/2026,"Clearance Type: Application for Corrigendum Form-13
S/W No.: SW/268787/2025
Category: B2
Sector: Industrial Projects - 2
Date of Submission:
25/05/2026",Aadhar Innovations LLP 199 KLD Ethanol/ ENA Distillery with 5 MW Co-Generation Plant,ASSAM,AADHAR INNOVATIONS LLP,SEIAA,EC Granted,ASSAM,5(g) Distilleries
2,SIA/AS/IND2/575213/2026,"Clearance Type: Application for amendment in ToR (for categories A & B1)/Amendment in EC (for category B2)- Form-3
S/W No.: SW/248958/2025
Category: B2
Sector: Industrial Projects - 2
Date of Submission:
10/04/2026",Expansion of Grain Based Ethanol Plant from 300 KLD to 600 KLD and Co-generation Power Plant from 6.0 MW to 15.0 MW BY M/s Kamakhya Biofuels Private Limited,ASSAM,KAMAKHYA BIOFUELS PVT. LTD.,SEIAA,EC Granted,ASSAM,5(g) Distilleries
3,SIA/AS/IND2/561534/2025,"Clearance Type: Application for ToR (Category A, B1, and B2 Violation)/EC (Category B2) - Form 1
S/W No.: SW/268787/2025
Category: B2
Sector: Industrial Projects - 2
Date of Submission:
12/12/2025",Aadhar Innovations LLP 199 KLD Ethanol/ ENA Distillery with 5 MW Co-Generation Plant,ASSAM,AADHAR INNOVATIONS LLP,SEIAA,EC Granted,ASSAM,5(g) Distilleries
4,SIA/AS/IND2/540844/2025,"Clearance Type: Application for ToR (Category A, B1, and B2 Violation)/EC (Category B2) - Form 1
S/W No.: SW/250319/2025
Category: B2
Sector: Industrial Projects - 2
Date of Submission:
10/06/2025",Expansion of Grain Based Ethanol Plant from 120 KLD to 198 KLD along with 4.5 MW Co- generation Power Plant of M/s Aadhar Green Industries LLP,ASSAM,Aadhar green industries llp,SEIAA,EC Granted,ASSAM,5(g) Distilleries
5,SIA/AS/IND2/539440/2025,"Clearance Type: Application for ToR (Category A, B1, and B2 Violation)/EC (Category B2) - Form 1
S/W No.: SW/248958/2025
Category: B2
Sector: Industrial Projects - 2
Date of Submission:
28/05/2025",Expansion of Grain Based Ethanol Plant from 300 KLD to 600 KLD and Co-generation Power Plant from 6.0 MW to 15.0 MW BY M/s Kamakhya Biofuels Private Limited,ASSAM,KAMAKHYA BIOFUELS PVT. LTD.,SEIAA,EC Granted,ASSAM,5(g) Distilleries
6,SIA/AS/IND2/535735/2025,"Clearance Type: Application for Corrigendum Form-13
S/W No.: SW/206522/2024
Category: B1
Sector: Industrial Projects - 2
Date of Submission:
29/04/2025","Grain Based Distillery (60 KLPD) and Captive Power Plant (2 MW) at Choygaon Industrial Growth Centre, Village 2 No. Jambari, Tehsil Choygaon, District Kamrup, Assam by M/s Brahmaputra Biochem Pvt. Ltd.",ASSAM,BRAHMAPUTRA BIOCHEM PRIVATE LIMITED,SEIAA,EC Granted,ASSAM,5(g) Distilleries
7,SIA/AS/IND2/524235/2025,"Clearance Type: Application for Amendment in EC- Form-4
S/W No.: SW/234795/2025
Category: B1
Sector: Industrial Projects - 2
Date of Submission:
03/04/2025",ASSAM BIO REFINERY PRIVATE LIMITED,ASSAM,ASSAM BIO REFINERY PRIVATE LIMITED,SEIAA,EC Granted,ASSAM,5(g) Distilleries
8,SIA/AS/IND2/526494/2025,"Clearance Type: Application for amendment in ToR (for categories A & B1)/Amendment in EC (for category B2)- Form-3
S/W No.: SW/236593/2025
Category: B2
Sector: Industrial Projects - 2
Date of Submission:
28/02/2025",Amendment of Grain Based Ethanol Plant of 300 KLD and Co-generation Power Plant of 6.0 MW by M/s Kamakhya Biofuels Private Limited,ASSAM,KAMAKHYA BIOFUELS PVT. LTD.,SEIAA,EC Granted,ASSAM,5(g) Distilleries
9,SIA/AS/IND2/497222/2024,"Clearance Type: Application for Amendment in EC- Form-4
S/W No.: SW/206522/2024
Category: B1
Sector: Industrial Projects - 2
Date of Submission:
17/01/2025","Grain Based Distillery (60 KLPD) and Captive Power Plant (2 MW) at Choygaon Industrial Growth Centre, Village 2 No. Jambari, Tehsil Choygaon, District Kamrup, Assam by M/s Brahmaputra Biochem Pvt. Ltd.",ASSAM,BRAHMAPUTRA BIOCHEM PRIVATE LIMITED,SEIAA,EC Granted,ASSAM,5(g) Distilleries
1,SIA/AS/IND2/540064/2025,"Clearance Type: Application for ToR (Category A, B1, and B2 Violation)/EC (Category B2) - Form 1
S/W No.: SW/249560/2025
Category: B1
Sector: Industrial Projects - 2
Date of Submission:
05/06/2025",Expansion of Grain Based Ethanol Plant from 120 KLD to 198 KLD along with 4.5 MW Co- generation Power Plant of M/s Aadhar Green Industries LLP,ASSAM,Aadhar green industries llp,SEIAA,"DELISTED BY SYSTEM
(at : 10/07/2025)",ASSAM,5(ga) Grain based distilleries
1,SIA/AS/THE/418415/2023,"Clearance Type: Application for ToR (Category A, B1, and B2 Violation)/EC (Category B2) - Form 1
S/W No.: SW/119120/2023
Category: B1
Sector: Thermal Projects
Date of Submission:
15/02/2023","6MW Captive Power Plant for Kraft Paper Manufacturing Unitat Village: Baihata, NH-31, P.O. Kamalpur-781380, District: Kamrup, Assam, by M/s Ashoka Kraft Industry LLP",ASSAM,ASHOKA KRAFT INDUSTRY LLP,SEIAA,TOR Granted,ASSAM,1(d) Thermal Power Plants
1,SIA/BR/IND1/545178/2025,"Clearance Type: Application for EC (Category A, B1, and B2 Violation)- Form 1
S/W No.: SW/109338/2022
Category: B1
Sector: Industrial Projects - 1
Date of Submission:
20/07/2025",MAGADH METAL INDUSTRIES PRIVATE LIMITED,BIHAR,MAGADH METAL INDUSTRIES PRIVATE LIMITED,SEIAA,EC Granted,BIHAR,3(a) Metallurgical Industries (ferrous and non ferrous)
2,SIA/BR/IND1/534366/2025,"Clearance Type: Application for amendment in ToR (for categories A & B1)/Amendment in EC (for category B2)- Form-3
S/W No.: SW/109338/2022
Category: B1
Sector: Industrial Projects - 1
Date of Submission:
18/04/2025",MAGADH METAL INDUSTRIES PRIVATE LIMITED,BIHAR,MAGADH METAL INDUSTRIES PRIVATE LIMITED,SEIAA,ToR Granted,BIHAR,3(a) Metallurgical Industries (ferrous and non ferrous)
3,SIA/BR/IND1/486035/2024,"Clearance Type: Application for ToR (Category A, B1, and B2 Violation)/EC (Category B2) - Form 1
S/W No.: SW/195705/2024
Category: B2
Sector: Industrial Projects - 1
Date of Submission:
10/07/2024","Environment Clearance for proposed existing project with production capacity of TMT Bars 1,20,000 TPA & 90,000 TPA M.S. Billets by M/s Dadi Ji Steels Private Limited at Village- Sabalpur, Tehsil- Patna Rural, District-Patna, State- Bihar",BIHAR,DADI JI STEELS PRIVATE LIMITED,SEIAA,EC Granted,BIHAR,3(a) Metallurgical Industries (ferrous and non ferrous)
4,SIA/BR/IND1/486260/2024,"Clearance Type: Application for EC (Category A, B1, and B2 Violation)- Form 1
S/W No.: SW/155949/2023
Category: B1
Sector: Industrial Projects - 1
Date of Submission:
08/07/2024",GANESH FOUNDARY & CASTINGS LTD.,BIHAR,GANESH FOUNDRY & CASTINGS LIMITED,SEIAA,EC Granted,BIHAR,3(a) Metallurgical Industries (ferrous and non ferrous)
5,SIA/BR/IND1/465384/2024,"Clearance Type: Application for Amendment in EC- Form-4
S/W No.: SW/174190/2024
Category: B1
Sector: Industrial Projects - 1
Date of Submission:
03/05/2024",Magadh Industries Private Limited,BIHAR,MAGADH INDUSTRIES PRIVATE LIMITED,SEIAA,EC Granted,BIHAR,3(a) Metallurgical Industries (ferrous and non ferrous)
6,SIA/BR/IND1/459853/2024,"Clearance Type: Application for EC (Category A, B1, and B2 Violation)- Form 1
S/W No.: SW/130462/2023
Category: B1
Sector: Industrial Projects - 1
Date of Submission:
13/02/2024","Environmental Clearance for the production of MS Billet/ingot 28880 MT per year and, MS section (Bar, Flat, Rod Square, 28850 MT per year by M/s Bhola Ram Steels Private Limited",BIHAR,BHOLA RAM STEELS PRIVATE LIMITED,SEIAA,EC Granted,BIHAR,3(a) Metallurgical Industries (ferrous and non ferrous)
7,SIA/BR/IND1/456643/2023,"Clearance Type: Application for ToR (Category A, B1, and B2 Violation)/EC (Category B2) - Form 1
S/W No.: SW/155949/2023
Category: B1
Sector: Industrial Projects - 1
Date of Submission:
07/02/2024",GANESH FOUNDARY & CASTINGS LTD.,BIHAR,GANESH FOUNDRY & CASTINGS LIMITED,SEIAA,ToR Granted,BIHAR,3(a) Metallurgical Industries (ferrous and non ferrous)
8,SIA/BR/IND1/447146/2023,"Clearance Type: Application for EC (Category A, B1, and B2 Violation)- Form 1
S/W No.: SW/112902/2022
Category: B1
Sector: Industrial Projects - 1
Date of Submission:
29/01/2024",Sri SAI INDUSTRIES,BIHAR,LAXMI PRASAD,SEIAA,"DELISTED BY SYSTEM
(at : 30/10/2024)",BIHAR,3(a) Metallurgical Industries (ferrous and non ferrous)
9,SIA/BR/IND1/455554/2023,"Clearance Type: Application for EC (Category A, B1, and B2 Violation)- Form 1
S/W No.: SW/141360/2023
Category: B1
Sector: Industrial Projects - 1
Date of Submission:
15/12/2023","PROPOSED METALLURGICAL PROJECT OF “M/S VISTAR CONCAST PRIVATE LIMITED” MAUZA: - RAIPURA, NEAR INDUSTRIAL AREA, FATUHA, DISTRICT: -PATNA, 803201, STATE: - BIHAR; BY M/S VISTAR CONCAST PRIVATE LIMITED FOR PROPOSED PRODUCTION CAPACITY 3,00,000 TPA OF MS BILLET",BIHAR,VISTAR CONCAST PRIVATE LIMITED,SEIAA,EC Granted,BIHAR,3(a) Metallurgical Industries (ferrous and non ferrous)
10,SIA/BR/IND1/453584/2023,"Clearance Type: Application for ToR (Category A, B1, and B2 Violation)/EC (Category B2) - Form 1
S/W No.: SW/152722/2023
Category: B1
Sector: Industrial Projects - 1
Date of Submission:
30/11/2023",Gokul Steels Private Limited,BIHAR,GOKUL STEELS PRIVATE LIMITED,SEIAA,TOR Granted,BIHAR,3(a) Metallurgical Industries (ferrous and non ferrous)
11,SIA/BR/IND1/411172/2022,"Clearance Type: Application for ToR (Category A, B1, and B2 Violation)/EC (Category B2) - Form 1
S/W No.: SW/111804/2022
Category: B1
Sector: Industrial Projects - 1
Date of Submission:
23/11/2023","Environment clearance of existing unit of M/S Dina Mahabir Re-rollers Pvt. Ltd Patna with proposed production capacity 94,500 TPA of TMT bar.",BIHAR,DINA MAHABIR RE ROLLERS PRIVATE LIMITED,SEIAA,TOR Granted,BIHAR,3(a) Metallurgical Industries (ferrous and non ferrous)
12,SIA/BR/IND1/412034/2022,"Clearance Type: Application for ToR (Category A, B1, and B2 Violation)/EC (Category B2) - Form 1
S/W No.: SW/112902/2022
Category: B1
Sector: Industrial Projects - 1
Date of Submission:
23/11/2023",Sri SAI INDUSTRIES,BIHAR,LAXMI PRASAD,SEIAA,TOR Granted,BIHAR,3(a) Metallurgical Industries (ferrous and non ferrous)
13,SIA/BR/IND1/437380/2023,"Clearance Type: Application for ToR (Category A, B1, and B2 Violation)/EC (Category B2) - Form 1
S/W No.: SW/133156/2023
Category: B1
Sector: Industrial Projects - 1
Date of Submission:
10/10/2023",M/S PINAX STEEL INDUSTRIES PVT. LTD.,BIHAR,PINAX STEEL INDUSTRIES PVT LTD,SEIAA,TOR Granted,BIHAR,3(a) Metallurgical Industries (ferrous and non ferrous)
14,SIA/BR/IND1/446318/2023,"Clearance Type: Application for amendment in ToR (for categories A & B1)/Amendment in EC (for category B2)- Form-3
S/W No.: SW/130462/2023
Category: B1
Sector: Industrial Projects - 1
Date of Submission:
29/09/2023","Environmental Clearance for the production of MS Billet/ingot 28880 MT per year and, MS section (Bar, Flat, Rod Square, 28850 MT per year by M/s Bhola Ram Steels Private Limited",BIHAR,BHOLA RAM STEELS PRIVATE LIMITED,SEIAA,"DELISTED BY SYSTEM
(at : 30/10/2024)",BIHAR,3(a) Metallurgical Industries (ferrous and non ferrous)
15,SIA/BR/IND1/441825/2023,"Clearance Type: Application for ToR (Category A, B1, and B2 Violation)/EC (Category B2) - Form 1
S/W No.: SW/141360/2023
Category: B1
Sector: Industrial Projects - 1
Date of Submission:
28/08/2023","PROPOSED METALLURGICAL PROJECT OF “M/S VISTAR CONCAST PRIVATE LIMITED” MAUZA: - RAIPURA, NEAR INDUSTRIAL AREA, FATUHA, DISTRICT: -PATNA, 803201, STATE: - BIHAR; BY M/S VISTAR CONCAST PRIVATE LIMITED FOR PROPOSED PRODUCTION CAPACITY 3,00,000 TPA OF MS BILLET",BIHAR,VISTAR CONCAST PRIVATE LIMITED,SEIAA,TOR Granted,BIHAR,3(a) Metallurgical Industries (ferrous and non ferrous)
16,SIA/BR/IND1/438123/2023,"Clearance Type: Application for EC (Category A, B1, and B2 Violation)- Form 1
S/W No.: SW/123983/2023
Category: B1
Sector: Industrial Projects - 1
Date of Submission:
27/07/2023","Production of 200 MT/day/ 60,000 MT/Year of M.S Section- Angle, Channel, Patti, Rod at Simli Murarpur, Deedarganj Patna City by M/S Govardhan Ispat India Private Limited, Patna, Bihar.",BIHAR,GOVARDHAN ISPAT INDIA PRIVATE LIMITED,SEIAA,EC Granted,BIHAR,3(a) Metallurgical Industries (ferrous and non ferrous)
17,SIA/BR/IND1/431625/2023,"Clearance Type: Application for EC (Category A, B1, and B2 Violation)- Form 1
S/W No.: SW/111804/2022
Category: B1
Sector: Industrial Projects - 1
Date of Submission:
02/06/2023","Environment clearance of existing unit of M/S Dina Mahabir Re-rollers Pvt. Ltd Patna with proposed production capacity 94,500 TPA of TMT bar.",BIHAR,DINA MAHABIR RE ROLLERS PRIVATE LIMITED,SEIAA,EC Granted,BIHAR,3(a) Metallurgical Industries (ferrous and non ferrous)
18,SIA/BR/IND1/431534/2023,"Clearance Type: Application for EC (Category A, B1, and B2 Violation)- Form 1
S/W No.: SW/131227/2023
Category: B1
Sector: Industrial Projects - 1
Date of Submission:
31/05/2023","PROPOSED METALLURGICAL PROJECT OF “KAALENDI VENTURES L.L.P” MAUZA: - KHIRODHARPUR, TEHSIL: - FATUHA, DISTRICT: -PATNA, STATE: - BIHAR; BY M/S KAALENDI VENTURES L.L.P. (EXITING PRODUCTION CAPACITY MS PIPE (TUBE) – 60,000 TPA, SHUTTER PROFILE – 30,000 TPA, PROPOSED AFTER MODIFICATION / EXPANSION CAPACITY OF MS PIPE (TUBE)- 80,000 TPA, SHUTTER PROFILE- 32,000 TPA, TMT BAR – 68,000 TPA, MS BILLET- 90,000 TPA).",BIHAR,KAALENDI VENTURES LLP,SEIAA,EC Granted,BIHAR,3(a) Metallurgical Industries (ferrous and non ferrous)
19,SIA/BR/IND1/423077/2023,"Clearance Type: Application for ToR (Category A, B1, and B2 Violation)/EC (Category B2) - Form 1
S/W No.: SW/121291/2023
Category: B1
Sector: Industrial Projects - 1
Date of Submission:
30/05/2023",DADI JI STEELS PRIVATE LIMITED,BIHAR,DADI JI STEELS PRIVATE LIMITED,SEIAA,TOR Granted,BIHAR,3(a) Metallurgical Industries (ferrous and non ferrous)
20,SIA/BR/IND1/430592/2023,"Clearance Type: Application for ToR (Category A, B1, and B2 Violation)/EC (Category B2) - Form 1
S/W No.: SW/130462/2023
Category: B1
Sector: Industrial Projects - 1
Date of Submission:
24/05/2023","Environmental Clearance for the production of MS Billet/ingot 28880 MT per year and, MS section (Bar, Flat, Rod Square, 28850 MT per year by M/s Bhola Ram Steels Private Limited",BIHAR,BHOLA RAM STEELS PRIVATE LIMITED,SEIAA,TOR Granted,BIHAR,3(a) Metallurgical Industries (ferrous and non ferrous)
21,SIA/BR/IND1/423745/2023,"Clearance Type: Application for ToR (Category A, B1, and B2 Violation)/EC (Category B2) - Form 1
S/W No.: SW/123983/2023
Category: B1
Sector: Industrial Projects - 1
Date of Submission:
21/04/2023","Production of 200 MT/day/ 60,000 MT/Year of M.S Section- Angle, Channel, Patti, Rod at Simli Murarpur, Deedarganj Patna City by M/S Govardhan Ispat India Private Limited, Patna, Bihar.",BIHAR,GOVARDHAN ISPAT INDIA PRIVATE LIMITED,SEIAA,TOR Granted,BIHAR,3(a) Metallurgical Industries (ferrous and non ferrous)
22,SIA/BR/IND1/422943/2023,"Clearance Type: Application for ToR (Category A, B1, and B2 Violation)/EC (Category B2) - Form 1
S/W No.: SW/123154/2023
Category: B1
Sector: Industrial Projects - 1
Date of Submission:
23/03/2023",MAA BHAGWATI SPONGE IRON PVT. LTD.,BIHAR,MAA BHAGWATI SPONGEIRON PRIVATE LIMITED,SEIAA,TOR Granted,BIHAR,3(a) Metallurgical Industries (ferrous and non ferrous)
23,SIA/BR/IND1/416484/2023,"Clearance Type: Application for EC (Category A, B1, and B2 Violation)- Form 1
S/W No.: SW/117319/2023
Category: B1
Sector: Industrial Projects - 1
Date of Submission:
31/01/2023",Balmukund Concast Private Limited (Formerly Balmukund Concast Limited),BIHAR,BALMUKUND CONCAST LIMITED,SEIAA,EC Granted,BIHAR,3(a) Metallurgical Industries (ferrous and non ferrous)
24,SIA/BR/IND1/415859/2023,"Clearance Type: Application for EC (Category A, B1, and B2 Violation)- Form 1
S/W No.: SW/115890/2023
Category: B1
Sector: Industrial Projects - 1
Date of Submission:
27/01/2023",Balmukund Concast Limited,BIHAR,BALMUKUND CONCAST LIMITED,SEIAA,Under Examination,BIHAR,3(a) Metallurgical Industries (ferrous and non ferrous)
25,SIA/BR/IND1/408155/2022,"Clearance Type: Application for ToR (Category A, B1, and B2 Violation)/EC (Category B2) - Form 1
S/W No.: SW/109338/2022
Category: B1
Sector: Industrial Projects - 1
Date of Submission:
28/11/2022",MAGADH METAL INDUSTRIES PRIVATE LIMITED,BIHAR,MAGADH METAL INDUSTRIES PRIVATE LIMITED,SEIAA,TOR Granted,BIHAR,3(a) Metallurgical Industries (ferrous and non ferrous)
26,SIA/BR/IND1/406346/2022,"Clearance Type: Application for EC (Category A, B1, and B2 Violation)- Form 1
S/W No.: SW/102703/2022
Category: B1
Sector: Industrial Projects - 1
Date of Submission:
14/11/2022",Alaknanda Metals Private Limited,BIHAR,ALAKNANDA METALS PRIVATE LIMITED,SEIAA,EC Granted,BIHAR,3(a) Metallurgical Industries (ferrous and non ferrous)
1,SIA/BR/IND1/573477/2026,"Clearance Type: Application for EC (Category A, B1, and B2 Violation)- Form 1
S/W No.: SW/257874/2025
Category: B1
Sector: Industrial Projects - 1
Date of Submission:
09/04/2026","Cement Grinding and Blending Unit of 0.12 Million TPA (400 TPD) Capacity (Expansion of Existing Project) of Kumar Cement Company at Plot No. 39, Industrial Area Barauni, P.O. Tilrath, District Begusarai, State Bihar",BIHAR,PRANAV KUMAR,SEIAA,EC Granted,BIHAR,3(b) Cement plants
2,SIA/BR/IND1/573531/2026,"Clearance Type: Application for ToR (Category A, B1, and B2 Violation)/EC (Category B2) - Form 1
S/W No.: SW/279398/2026
Category: B1
Sector: Industrial Projects - 1
Date of Submission:
25/03/2026","Standalone Grinding Unit with Cement Production Capacity of 7.0 Million TPA (Phase - I: 3.5 Million TPA and Phase - II: 3.5 Million TPA) at Industrial Area of Katoria, Villages: Kharjhousa, Tehsil: Katoria, District: Banka, Bihar by M/s. UltraTech Cement Ltd. (Unit: Banka Cement Works)",BIHAR,UltraTech Cement Limited,SEIAA,ToR Granted,BIHAR,3(b) Cement plants
3,SIA/BR/IND1/559518/2025,"Clearance Type: Application for ToR (Category A, B1, and B2 Violation)/EC (Category B2) - Form 1
S/W No.: SW/266895/2025
Category: B1
Sector: Industrial Projects - 1
Date of Submission:
18/12/2025","Standalone Cement Grinding Unit of 0.03 MTPA (30000 TPA OR 100 TPD) Capacity by Ayushman Hi-Tech Cement Industries at Dost Mohammadpur, P.S. Daniyawan, Dist. Patna, State Bihar",BIHAR,UPMA URMIL,SEIAA,ToR Granted,BIHAR,3(b) Cement plants
4,SIA/BR/IND1/549164/2025,"Clearance Type: Application for ToR (Category A, B1, and B2 Violation)/EC (Category B2) - Form 1
S/W No.: SW/257874/2025
Category: B1
Sector: Industrial Projects - 1
Date of Submission:
25/08/2025","Cement Grinding and Blending Unit of 0.12 Million TPA (400 TPD) Capacity (Expansion of Existing Project) of Kumar Cement Company at Plot No. 39, Industrial Area Barauni, P.O. Tilrath, District Begusarai, State Bihar",BIHAR,PRANAV KUMAR,SEIAA,ToR Granted,BIHAR,3(b) Cement plants
5,SIA/BR/IND1/540652/2025,"Clearance Type: Application for EC (Category A, B1, and B2 Violation)- Form 1
S/W No.: SW/225393/2024
Category: B1
Sector: Industrial Projects - 1
Date of Submission:
12/06/2025","Proposed Standalone Cement Grinding Project of 3.0 Million TPA by M/s JK Lakshmi Cement Limited for production of Ordinary Portland Cement (OPC), Portland Slag Cement (PSC), Portland Pozzolana Cement (PPC) and Composite Cement at Industrial Area Lohat, Plot No. B-23 to B-33, C-1 to C-5, D-1 to D-10, E-1 to E-7, Lohat, Block Pandaul, Dist. Madhubani, State Bihar",BIHAR,JK LAKSHMI CEMENT LIMITED,SEIAA,EC Granted,BIHAR,3(b) Cement plants
6,SIA/BR/IND1/513868/2024,"Clearance Type: Application for ToR (Category A, B1, and B2 Violation)/EC (Category B2) - Form 1
S/W No.: SW/225393/2024
Category: B1
Sector: Industrial Projects - 1
Date of Submission:
09/12/2024","Proposed Standalone Cement Grinding Project of 3.0 Million TPA by M/s JK Lakshmi Cement Limited for production of Ordinary Portland Cement (OPC), Portland Slag Cement (PSC), Portland Pozzolana Cement (PPC) and Composite Cement at Industrial Area Lohat, Plot No. B-23 to B-33, C-1 to C-5, D-1 to D-10, E-1 to E-7, Lohat, Block Pandaul, Dist. Madhubani, State Bihar",BIHAR,JK LAKSHMI CEMENT LIMITED,SEIAA,ToR Granted,BIHAR,3(b) Cement plants
7,SIA/BR/IND1/503117/2024,"Clearance Type: Application for EC (Category A, B1, and B2 Violation)- Form 1
S/W No.: SW/198963/2024
Category: B1
Sector: Industrial Projects - 1
Date of Submission:
04/12/2024","Proposed Standalone Clinker Grinding Unit with Cement Production Capacity of 4.0 Million TPA along with installation of D.G. Set of Capacity 1 MW by JK Cement Works, Buxar (A unit of JK Cement Limited) at Khasra Nos. 04,05,12 & others, Villages: Menhmarara & Kant, Tehsil-Dumraon, District -Buxar, Bihar",BIHAR,J K CEMENT LIMITED,SEIAA,EC Granted,BIHAR,3(b) Cement plants
8,SIA/BR/IND1/489297/2024,"Clearance Type: Application for ToR (Category A, B1, and B2 Violation)/EC (Category B2) - Form 1
S/W No.: SW/198963/2024
Category: B1
Sector: Industrial Projects - 1
Date of Submission:
23/07/2024","Proposed Standalone Clinker Grinding Unit with Cement Production Capacity of 4.0 Million TPA along with installation of D.G. Set of Capacity 1 MW by JK Cement Works, Buxar (A unit of JK Cement Limited) at Khasra Nos. 04,05,12 & others, Villages: Menhmarara & Kant, Tehsil-Dumraon, District -Buxar, Bihar",BIHAR,J K CEMENT LIMITED,SEIAA,ToR Granted,BIHAR,3(b) Cement plants
9,SIA/BR/IND1/428914/2023,"Clearance Type: Application for ToR (Category A, B1, and B2 Violation)/EC (Category B2) - Form 1
S/W No.: SW/128845/2023
Category: B1
Sector: Industrial Projects - 1
Date of Submission:
12/05/2023","Proposed Warsaliganj Cement Grinding Unit with capacity of 2 x 3 MMTPA (6.0MMTPA)’ at Village-Warsaliganj, Taluka- Nawada, District-Nawada, State Bihar , India by M/s. AMBUJA CEMENTS LIMITED (ACL)",BIHAR,Ambuja Cements Limited,SEIAA,Under Examination,BIHAR,3(b) Cement plants
1,SIA/BR/IND2/570617/2026,"Clearance Type: Application for EC (Category A, B1, and B2 Violation)- Form 1
S/W No.: SW/254997/2025
Category: B1
Sector: Industrial Projects - 2
Date of Submission:
13/03/2026","Greenfield Project of 175 KLPD grain based distillery along with 4.5 MW Cogeneration Power Plant at Mauza : Maranchi, Gochhari, Block Gogri, Dist. Khagaria, Bihar by M/s Greenathol Ebiz Private Limited",BIHAR,GREENATHOL EBIZ PRIVATE LIMITED,SEIAA,EC Granted,BIHAR,5(g) Distilleries
2,SIA/BR/IND2/562992/2026,"Clearance Type: Application for Amendment in EC- Form-4
S/W No.: SW/137498/2023
Category: B1
Sector: Industrial Projects - 2
Date of Submission:
04/01/2026",Vishnu Sugar Mills Ltd. (Molasse based Distillery Project),BIHAR,VISHNU SUGAR MILLS LIMITED,SEIAA,EC Rejected,BIHAR,5(g) Distilleries
3,SIA/BR/IND2/546075/2025,"Clearance Type: Application for ToR (Category A, B1, and B2 Violation)/EC (Category B2) - Form 1
S/W No.: SW/254997/2025
Category: B1
Sector: Industrial Projects - 2
Date of Submission:
28/07/2025","Greenfield Project of 175 KLPD grain based distillery along with 4.5 MW Cogeneration Power Plant at Mauza : Maranchi, Gochhari, Block Gogri, Dist. Khagaria, Bihar by M/s Greenathol Ebiz Private Limited",BIHAR,GREENATHOL EBIZ PRIVATE LIMITED,SEIAA,ToR Granted,BIHAR,5(g) Distilleries
4,SIA/BR/IND2/506665/2024,"Clearance Type: Application for EC (Category A, B1, and B2 Violation)- Form 1
S/W No.: SW/182508/2024
Category: B1
Sector: Industrial Projects - 2
Date of Submission:
31/12/2024","Environmental clearance of greenfield project of 100 KLD Multi feed based distillery /Ethanol plant along with 4.0 MW captive power plant at Hasanpur, Samastipur, Bihar by M/S Magadh Sugar & Energy Ltd",BIHAR,MAGADH SUGAR & ENERGY LIMITED,SEIAA,EC Granted,BIHAR,5(g) Distilleries
5,SIA/BR/IND2/473873/2024,"Clearance Type: Application for ToR (Category A, B1, and B2 Violation)/EC (Category B2) - Form 1
S/W No.: SW/182508/2024
Category: B1
Sector: Industrial Projects - 2
Date of Submission:
23/05/2024","Environmental clearance of greenfield project of 100 KLD Multi feed based distillery /Ethanol plant along with 4.0 MW captive power plant at Hasanpur, Samastipur, Bihar by M/S Magadh Sugar & Energy Ltd",BIHAR,MAGADH SUGAR & ENERGY LIMITED,SEIAA,ToR Granted,BIHAR,5(g) Distilleries
6,SIA/BR/IND2/470125/2024,"Clearance Type: Application for ToR (Category A, B1, and B2 Violation)/EC (Category B2) - Form 1
S/W No.: SW/178827/2024
Category: B1
Sector: Industrial Projects - 2
Date of Submission:
18/05/2024",Proposed expansion of existing 80 KLD ENA capacity to 200 kld for production of Ethanol unit / Extra Neutral Alcohol (ENA/ RS) / Rectified Spirit and the captive power plant will be upgraded from 1.6 MW to 3 MW.,BIHAR,SCI INDIA LIMITED,SEIAA,ToR Granted,BIHAR,5(g) Distilleries
7,SIA/BR/IND2/437742/2023,"Clearance Type: Application for EC (Category A, B1, and B2 Violation)- Form 1
S/W No.: SW/137498/2023
Category: B1
Sector: Industrial Projects - 2
Date of Submission:
23/07/2023",Vishnu Sugar Mills Ltd. (Molasse based Distillery Project),BIHAR,VISHNU SUGAR MILLS LIMITED,SEIAA,EC Granted,BIHAR,5(g) Distilleries
1,SIA/BR/IND2/577591/2026,"Clearance Type: Application for ToR (Category A, B1, and B2 Violation)/EC (Category B2) - Form 1
S/W No.: SW/282975/2026
Category: B1
Sector: Industrial Projects - 2
Date of Submission:
22/06/2026","Expansion of Grain Based Ethanol Plant from 60 KLD to 120 KLD and Co-generation Power Plant of 2.0 MW Located at Block Kudra, Village Daindih, District Kaimur, Bihar by M/s ESE Energy Private Limited",BIHAR,ESE ENERGY PRIVATE LIMITED,SEIAA,EDS raised,BIHAR,5(ga) Grain based distilleries
2,SIA/BR/IND2/565173/2026,"Clearance Type: Application for EC (Category A, B1, and B2 Violation)- Form 1
S/W No.: SW/255777/2025
Category: B1
Sector: Industrial Projects - 2
Date of Submission:
17/01/2026","Greenfield Grain Based Distillery of 400 KLD Capacity (for Production of Ethanol as per EBP) alongwith 12 MW Power Cogeneration Project at Amodei, Block Ramgarhwa, Dist. East Champaran (Bihar) by M/s Ripuraj Gourmet Private Limited",BIHAR,RIPURAJ GOURMET PRIVATE LIMITED,SEIAA,EC Granted,BIHAR,5(ga) Grain based distilleries
3,SIA/BR/IND2/547457/2025,"Clearance Type: Application for ToR (Category A, B1, and B2 Violation)/EC (Category B2) - Form 1
S/W No.: SW/255777/2025
Category: B1
Sector: Industrial Projects - 2
Date of Submission:
18/08/2025","Greenfield Grain Based Distillery of 400 KLD Capacity (for Production of Ethanol as per EBP) alongwith 12 MW Power Cogeneration Project at Amodei, Block Ramgarhwa, Dist. East Champaran (Bihar) by M/s Ripuraj Gourmet Private Limited",BIHAR,RIPURAJ GOURMET PRIVATE LIMITED,SEIAA,ToR Granted,BIHAR,5(ga) Grain based distilleries
1,SIA/BR/IND3/435493/2023,"Clearance Type: Application for EC (Category A, B1, and B2 Violation)- Form 1
S/W No.: SW/117847/2023
Category: B1
Sector: Industrial Projects - 3
Date of Submission:
04/07/2023",Indian Potash Limited (PREVIOUSLY : M/S SRI KRISHNA FERTILIZERS LTD.),BIHAR,INDIAN POTASH LIMITED,SEIAA,EC Granted,BIHAR,5(a) Chemical fertilizers
2,SIA/BR/IND3/417024/2023,"Clearance Type: Application for ToR (Category A, B1, and B2 Violation)/EC (Category B2) - Form 1
S/W No.: SW/117847/2023
Category: B1
Sector: Industrial Projects - 3
Date of Submission:
04/02/2023",Indian Potash Limited (PREVIOUSLY : M/S SRI KRISHNA FERTILIZERS LTD.),BIHAR,INDIAN POTASH LIMITED,SEIAA,TOR Granted,BIHAR,5(a) Chemical fertilizers
1,SIA/BR/THE/471263/2024,"Clearance Type: Application for Transfer of EC- Form-7
S/W No.: SW/179947/2024
Category: B1
Sector: Thermal Projects
Date of Submission:
07/06/2024","M/s Muzaffarpur Thermal Power Station, 2X195 MW(Stage-II) Coal Based Thermal Power Plant",BIHAR,NTPC LIMITED,SEIAA,EC Granted,BIHAR,1(d) Thermal Power Plants
1,SIA/BR/THE/471263/2024,"Clearance Type: Application for Transfer of EC- Form-7
S/W No.: SW/179947/2024
Category: B1
Sector: Thermal Projects
Date of Submission:
07/06/2024","M/s Muzaffarpur Thermal Power Station, 2X195 MW(Stage-II) Coal Based Thermal Power Plant",BIHAR,NTPC LIMITED,SEIAA,EC Granted,CHHATTISGARH,3(a) Metallurgical Industries (ferrous and non ferrous)
1,SIA/CG/IND1/572931/2026,"Clearance Type: Application for Transfer of EC- Form-7
S/W No.: SW/278889/2026
Category: B1
Sector: Industrial Projects - 1
Date of Submission:
23/03/2026","Transfer of Environmental Clearance granted for Cement Plant at Raigarh, Chhattisgarh",CHHATTISGARH,Jindal Steel Limited,SEIAA,Pending at MS SEIAA,CHHATTISGARH,3(b) Cement plants
2,SIA/CG/IND1/566307/2026,"Clearance Type: Application for ToR (Category A, B1, and B2 Violation)/EC (Category B2) - Form 1
S/W No.: SW/272703/2026
Category: B1
Sector: Industrial Projects - 1
Date of Submission:
03/02/2026",M/s. Vimla Infrastructure (I) Private Limited,CHHATTISGARH,VIMLA INFRASTRUCTURE (INDIA) PVT. LTD.,SEIAA,Referred to SEAC,CHHATTISGARH,3(b) Cement plants
3,SIA/CG/IND1/560284/2025,"Clearance Type: Application for Transfer of EC- Form-7
S/W No.: SW/266577/2025
Category: B2
Sector: Industrial Projects - 1
Date of Submission:
03/12/2025",Transfer of Environmental Clearance (EC) of M/s. Calcar Products Pvt Ltd. to M/s. Vimla Infrastructure (India) Pvt. Ltd.,CHHATTISGARH,VIMLA INFRASTRUCTURE (INDIA) PVT. LTD.,SEIAA,EC Granted,CHHATTISGARH,3(b) Cement plants
4,SIA/CG/IND1/544535/2025,"Clearance Type: Application for ToR (Category A, B1, and B2 Violation)/EC (Category B2) - Form 1
S/W No.: SW/253623/2025
Category: B1
Sector: Industrial Projects - 1
Date of Submission:
14/07/2025","Greenfield project for Cement grinding unit with 1.0 MTPA PPC or PSC or OPC or PCC Cement production facility at village - Ghulghul, Tahsil - Tilda, District - Raipur (CG)",CHHATTISGARH,CHHATTISGARH CEMENT PRIVATE LIMITED,SEIAA,ToR Granted,CHHATTISGARH,3(b) Cement plants
5,SIA/CG/IND1/543793/2025,"Clearance Type: Application for Surrender of Environmental Clearance - Form -11
S/W No.: SW/251624/2025
Category: B2
Sector: Industrial Projects - 1
Date of Submission:
11/07/2025",M/s Calcar Products Pvt Ltd.,CHHATTISGARH,Pradeep Jha,SEIAA,"DELISTED BY SYSTEM
(at : 26/05/2026)",CHHATTISGARH,3(b) Cement plants
6,SIA/CG/IND1/505568/2024,"Clearance Type: Application for EC (Category A, B1, and B2 Violation)- Form 1
S/W No.: SW/134608/2023
Category: B1
Sector: Industrial Projects - 1
Date of Submission:
19/11/2024",M/S CENTRAL CEMENT INDUSTRIES,CHHATTISGARH,CENTRAL CEMENT INDUSTRIES,SEIAA,EC Granted,CHHATTISGARH,3(b) Cement plants
7,SIA/CG/IND1/474255/2024,"Clearance Type: Application for ToR (Category A, B1, and B2 Violation)/EC (Category B2) - Form 1
S/W No.: SW/182937/2024
Category: B1
Sector: Industrial Projects - 1
Date of Submission:
22/05/2024","Greenfield project for Cement grinding unit with 0.5 MTPA PPC or PSC or OPC or PCC Cement production facility at village - Ghulghul, Tahsil - Tilda, District - Raipur (CG)",CHHATTISGARH,CHHATTISGARH CEMENT PRIVATE LIMITED,SEIAA,ToR Rejected,CHHATTISGARH,3(b) Cement plants
8,SIA/CG/IND1/434867/2023,"Clearance Type: Application for ToR (Category A, B1, and B2 Violation)/EC (Category B2) - Form 1
S/W No.: SW/134608/2023
Category: B1
Sector: Industrial Projects - 1
Date of Submission:
28/06/2023",M/S CENTRAL CEMENT INDUSTRIES,CHHATTISGARH,CENTRAL CEMENT INDUSTRIES,SEIAA,TOR Granted,CHHATTISGARH,3(b) Cement plants
9,SIA/CG/IND1/434368/2023,"Clearance Type: Application for ToR (Category A, B1, and B2 Violation)/EC (Category B2) - Form 1
S/W No.: SW/134119/2023
Category: B1
Sector: Industrial Projects - 1
Date of Submission:
22/06/2023","1000 TPD (2 x 500 TPD) cement grinding unit at Khasra No. 302/1/K, 302/1/G, 322, 323, 324, 325,326, 327/2 and Part of 17, Village- Mohbhatta Dist- Bilashpur C.G by M/s. High Tech Super Cement & Steel Pvt. Ltd.",CHHATTISGARH,HIGH TECH SUPER CEMENT & STEEL PVT. LTD.,SEIAA,TOR Granted,CHHATTISGARH,3(b) Cement plants
1,SIA/CG/IND2/545803/2025,"Clearance Type: Application for ToR (Category A, B1, and B2 Violation)/EC (Category B2) - Form 1
S/W No.: SW/254748/2025
Category: B1
Sector: Industrial Projects - 2
Date of Submission:
30/07/2025","Proposed expansion of potable spirit/ ethanol manufacturing unit along with co-generation power plant (CPP) at Village Khapri, Post Kumhari, Tehsil Patan, District Durg, Chhattisgarh",CHHATTISGARH,CHHATTISGARH DISTILLERIES LIMITED,SEIAA,ToR Granted,CHHATTISGARH,5(g) Distilleries
2,SIA/CG/IND2/516382/2024,"Clearance Type: Application for Surrender of Environmental Clearance - Form -11
S/W No.: SW/227922/2024
Category: B1
Sector: Industrial Projects - 2
Date of Submission:
17/06/2025","Request for surrendering of Environmental Clearance granted for establishment of Grain based Bio Ethanol 335000 KLA (100 KLD); Animal feed grade protein 28000 TPA,Bio CNG 3000 TPA, CO2-17500 TPA and 3 MW Co-generation Power Plant by M/s.Kusum Smelters Pvt. Ltd. at Village – Dhamni, Tehsil - Patharia, District – Mungeli, State – Chhattisgarh",CHHATTISGARH,KUSUM SMELTERS PRIVATE LIMITED,SEIAA,EC Granted,CHHATTISGARH,5(g) Distilleries
3,SIA/CG/IND2/537487/2025,"Clearance Type: Application for ToR (Category A, B1, and B2 Violation)/EC (Category B2) - Form 1
S/W No.: SW/247075/2025
Category: B2
Sector: Industrial Projects - 2
Date of Submission:
14/05/2025","Expansion of Grain Based Distillery Plant from 210 KLD to 500 KLD & Co-generation Power Plant from 5 MW to 15 MW” located at Village-Bhilai, Tehsil-Arang, District-Raipur, Chhattisgarh by M/s Modi Biotech Pvt. Ltd.",CHHATTISGARH,MODI BIOTECH PRIVATE LIMITED,SEIAA,EC Rejected,CHHATTISGARH,5(g) Distilleries
4,SIA/CG/IND2/412828/2023,"Clearance Type: Application for ToR (Category A, B1, and B2 Violation)/EC (Category B2) - Form 1
S/W No.: SW/113575/2022
Category: B1
Sector: Industrial Projects - 2
Date of Submission:
23/11/2023",Greenfield Project comprising of establishment of 200 KLPD Grain based Distillery Plant along with 6.0 MW Cogen. Power Plant,CHHATTISGARH,SOLUS FUELS AND MINERALS PRIVATE LIMITED,SEIAA,TOR Granted,CHHATTISGARH,5(g) Distilleries
5,SIA/CG/IND2/414364/2023,"Clearance Type: Application for ToR (Category A, B1, and B2 Violation)/EC (Category B2) - Form 1
S/W No.: SW/115379/2023
Category: B1
Sector: Industrial Projects - 2
Date of Submission:
23/11/2023",M/s. Shri Shyam Ethanol & Spirits Pvt. Ltd.,CHHATTISGARH,SHRI SHYAM ETHANOL & SPIRITS PRIVATE LIMITED,SEIAA,TOR Granted,CHHATTISGARH,5(g) Distilleries
6,SIA/CG/IND2/449566/2023,"Clearance Type: Application for EC (Category A, B1, and B2 Violation)- Form 1
S/W No.: SW/115379/2023
Category: B1
Sector: Industrial Projects - 2
Date of Submission:
21/10/2023",M/s. Shri Shyam Ethanol & Spirits Pvt. Ltd.,CHHATTISGARH,SHRI SHYAM ETHANOL & SPIRITS PRIVATE LIMITED,SEIAA,EC Granted,CHHATTISGARH,5(g) Distilleries
7,SIA/CG/IND2/435175/2023,"Clearance Type: Application for EC (Category A, B1, and B2 Violation)- Form 1
S/W No.: SW/113575/2022
Category: B1
Sector: Industrial Projects - 2
Date of Submission:
07/07/2023",Greenfield Project comprising of establishment of 200 KLPD Grain based Distillery Plant along with 6.0 MW Cogen. Power Plant,CHHATTISGARH,SOLUS FUELS AND MINERALS PRIVATE LIMITED,SEIAA,EC Granted,CHHATTISGARH,5(g) Distilleries
8,SIA/CG/IND2/428828/2023,"Clearance Type: Application for ToR (Category A, B1, and B2 Violation)/EC (Category B2) - Form 1
S/W No.: SW/128771/2023
Category: B1
Sector: Industrial Projects - 2
Date of Submission:
12/05/2023","Proposed 1.0 KLD Mahua flower based spirit Manufacturing Plant & bottling of IMIL to the tune of 250 cases per day at Village-Dhuragaon, Tehsil-Lohandiguda, District-Bastar, Chhattisgarh",CHHATTISGARH,BASTAR BOTANICS PRIVATE LIMITED,SEIAA,TOR Granted,CHHATTISGARH,5(g) Distilleries
1,SIA/CG/IND1/565677/2026,"Clearance Type: Application for Validity Extension of EC- Form-6
S/W No.: SW/269152/2025
Category: B1
Sector: Industrial Projects - 1
Date of Submission:
24/01/2026",EC Validity Extension of 2 MTPA Pellet plant of M/S NMDC Ltd,CHHATTISGARH,NMDC LIMITED,SEIAA,"DELISTED BY SYSTEM
(at : 01/03/2026)",CHHATTISGARH,2(c) Pellet Plant
2,SIA/CG/IND1/534405/2025,"Clearance Type: Application for Validity Extension of EC- Form-6
S/W No.: SW/243904/2025
Category: A
Sector: Industrial Projects - 1
Date of Submission:
18/04/2025","Pellet Plant (1.0 MTPA) with Upstream Slime Beneficiation facilitates at Iron Ore Complex (IOC) Dalli -Rajhara, District-Balod, Chhattisgarh of M/s Steel Authority of India Ltd (19ha) – Extension of validity of Environmental Clearance as per Para 9A of EIA notification 2006",CHHATTISGARH,STEEL AUTHORITY OF INDIA LTD,SEIAA,EC Granted,CHHATTISGARH,2(c) Pellet Plant
1,SIA/CG/IND2/582126/2026,"Clearance Type: Application for amendment in ToR (for categories A & B1)/Amendment in EC (for category B2)- Form-3
S/W No.: SW/286778/2026
Category: B2
Sector: Industrial Projects - 2
Date of Submission:
18/06/2026",Amendment in Environmental Clearance for 100 KLPD Grain Based Ethanol Plant along with 3 MW Co-generation Power Plant By M/s Nav Durga Fuel Pvt. Ltd.,CHHATTISGARH,NAV DURGA FUEL PRIVATE LIMITED,SEIAA,Under Verification,CHHATTISGARH,5(ga) Grain based distilleries
2,SIA/CG/IND2/581338/2026,"Clearance Type: Application for Amendment in EC- Form-4
S/W No.: SW/286063/2026
Category: B2
Sector: Industrial Projects - 2
Date of Submission:
08/06/2026","Request for Amendment to Environmental Clearance (EC) issued to BIOTECH FUELS PRIVATE LIMITED Grain based Ethanol plant established at Patharra Village, Bemetara Tehsil & District, Chhattisgarh",CHHATTISGARH,BIOTECH FUELS PRIVATE LIMITED,SEIAA,Referred to SEIAA,CHHATTISGARH,5(ga) Grain based distilleries
1,SIA/CG/THE/482709/2024,"Clearance Type: Application for Amendment in EC- Form-4
S/W No.: SW/191780/2024
Category: B1
Sector: Thermal Projects
Date of Submission:
21/06/2024",Amendment in Environmental Clearance for Enhancement in Power Generation Capacity from Restricted Capacity of 81.5 MW to 98.7 MW,CHHATTISGARH,SARDA ENERGY AND MINERALS LIMITED,SEIAA,Proposal returned in present form,CHHATTISGARH,1(d) Thermal Power Plants
1,SIA/CG/IND3/402589/2022,"Clearance Type: Application for EC (Category A, B1, and B2 Violation)- Form 1
S/W No.: SW/103783/2022
Category: B1
Sector: Industrial Projects - 3
Date of Submission:
13/10/2022",Expansion of Fertilizer Manufacturing Unit,CHHATTISGARH,SHRI TULSI PHOSPHATE LIMITED,SEIAA,EC Granted,CHHATTISGARH,5(a) Chemical fertilizers
1,SIA/GA/IND1/414089/2023,"Clearance Type: Application for ToR (Category A, B1, and B2 Violation)/EC (Category B2) - Form 1
S/W No.: SW/115098/2023
Category: B1
Sector: Industrial Projects - 1
Date of Submission:
23/11/2023","Proposed Expansion of MS Billet & TMT Bars manufacturing unit of M/s Global Ispaat Pvt. Ltd. at Plot no. L-16, L-17, M-18 & M-19, Survey Nos. 303/1, 303/3, 304/3, 327/4, 327/5, 295/1(p), 303/1 (p), 303/2 (p) & 303(p) of Cuncolim Industrial Estate, Cuncolim Village, Salcete Taluka, South-Goa District, State Goa",GOA,M/S GLOBAL ISPAAT PVT. LTD.,SEIAA,TOR Granted,GOA,3(a) Metallurgical Industries (ferrous and non ferrous)
2,SIA/GA/IND1/437356/2023,"Clearance Type: Application for ToR (Category A, B1, and B2 Violation)/EC (Category B2) - Form 1
S/W No.: SW/137178/2023
Category: B1
Sector: Industrial Projects - 1
Date of Submission:
19/07/2023","""Proposed Installation of two induction furnace of capacities 15T each to manufacture M.S.Billets of capacity 1,20,000TPA & expansion of hot rolled products such as TMT bars, CTD bar, round bar, square bar, angles, flats & channels from 54,000TPA to 1,20,000TPA. existing re-heating furnace of capacities 2,500MT/Month & 3,500MT/Month shall be used as stand-by, at plot no. M-2, M-3 & M-4 of Cuncolim Industrial Estate, Cuncolim Village,Taluka-Salcete, South Goa, Goa """,GOA,SUNRISE ELECTROMELT PRIVATE LIMITED,SEIAA,EDS raised,GOA,3(a) Metallurgical Industries (ferrous and non ferrous)
3,SIA/GA/IND1/437321/2023,"Clearance Type: Application for ToR (Category A, B1, and B2 Violation)/EC (Category B2) - Form 1
S/W No.: SW/137142/2023
Category: B1
Sector: Industrial Projects - 1
Date of Submission:
19/07/2023","Proposed production of 43200 TPA of MS Ingots/Billets, Runners & Risers by using Induction Furnace of capacity of 12MT/Hr and production of 54000 TPA of MS Rolling material such as CTD Bars, TMT Bars, MS Rounds, MS Squares, Miss Rolls & End Cuttings by using Reheating Furnace of capacity of 10MT/Hr by M/S Orange Fox Steel Private Limited located on Plot No. L-25 and L-26 of Cuncolim Industrial Estate, Cuncolim, Salcete-Goa.",GOA,ORANGE FOX STEELS PRIVATE LIMITED,SEIAA,EDS raised,GOA,3(a) Metallurgical Industries (ferrous and non ferrous)
4,SIA/GA/IND1/437144/2023,"Clearance Type: Application for ToR (Category A, B1, and B2 Violation)/EC (Category B2) - Form 1
S/W No.: SW/136806/2023
Category: B1
Sector: Industrial Projects - 1
Date of Submission:
19/07/2023","Proposed expansion of production capacity from 54000 TPA to 100000 TPA by using existing Reheating Furnace of 20T/Hr capacity at Plot No. 122 to 127 of Bicholim Industrial Estate, Bicholim, North Goa, Goa by M/s Sahanu Sponge and Power Private Limited",GOA,SAHANU SPONGE AND POWER PRIVATE LIMITED,SEIAA,EDS raised,GOA,3(a) Metallurgical Industries (ferrous and non ferrous)
5,SIA/GA/IND1/437315/2023,"Clearance Type: Application for ToR (Category A, B1, and B2 Violation)/EC (Category B2) - Form 1
S/W No.: SW/137130/2023
Category: B1
Sector: Industrial Projects - 1
Date of Submission:
19/07/2023","Proposed Expansion of Production Capacity of M.S.Billet & Hotrolled products such as TMT Bars from 58,000TPA to 2,50000TPA.The proposed Expansion willbe achieved by using the 2 existing Induction furnace of capacity 15T each at 100% capability & installing scrap processing machine to increase the overall production by 50% .Existing reheating furnace of capacity 12500MT/Annum willbe used as standby only at plot no.01 of Navelim Village, Bicholim Industrial Estate Taluka Bicholim, North Goa, Goa",GOA,MOHIT ISPAT PRIVATE LIMITED,SEIAA,EDS raised,GOA,3(a) Metallurgical Industries (ferrous and non ferrous)
6,SIA/GA/IND1/437277/2023,"Clearance Type: Application for ToR (Category A, B1, and B2 Violation)/EC (Category B2) - Form 1
S/W No.: SW/137076/2023
Category: B1
Sector: Industrial Projects - 1
Date of Submission:
19/07/2023","Proposed Enhancement of Production capacity of MS Billets from 59,500 TPA to 2,40,000 & Hot-rolled products such as TMT Bars from 1,20,000TPA to 2,40,000TPA at Plot no. E-6 & E-7 at Madkaim Industrial Estate,Madkaim, Ponda – Taluka, South Goa, Goa",GOA,GOA ISPAT PRIVATE LIMITED,SEIAA,EDS raised,GOA,3(a) Metallurgical Industries (ferrous and non ferrous)
7,SIA/GA/IND1/435574/2023,"Clearance Type: Application for ToR (Category A, B1, and B2 Violation)/EC (Category B2) - Form 1
S/W No.: SW/135338/2023
Category: B2
Sector: Industrial Projects - 1
Date of Submission:
05/07/2023","Proposed Enhancement of Production capacity of MS Billets from 43,200 TPA to 59,400TPA by the existing Induction furnace of capacity 15T at Plot no. 333, 334 & 335 Kundaim Industrial Estate, Kundaim, Ponda – Taluka, South Goa, Goa",GOA,SHIVAM ISPAT PRIVATE LIMITED,SEIAA,EC Granted,GOA,3(a) Metallurgical Industries (ferrous and non ferrous)
8,SIA/GA/IND1/430900/2023,"Clearance Type: Application for ToR (Category A, B1, and B2 Violation)/EC (Category B2) - Form 1
S/W No.: SW/130728/2023
Category: B1
Sector: Industrial Projects - 1
Date of Submission:
26/05/2023","Proposed expansion of production capacity from 100000 TPA to 150000 TPA at Plot no. L-8 & L-9 in Cuncolim Industrial Estate & Survey No. 338 (P) & 339 (P) of Cuncolim Village, Salcete – Taluka, South Goa, Goa",GOA,SHIRDI STEEL AND ROLLERS PRIVATE LIMITED,SEIAA,TOR Granted,GOA,3(a) Metallurgical Industries (ferrous and non ferrous)
1,SIA/GA/IND2/479380/2024,"Clearance Type: Application for ToR (Category A, B1, and B2 Violation)/EC (Category B2) - Form 1
S/W No.: SW/184049/2024
Category: B1
Sector: Industrial Projects - 2
Date of Submission:
03/07/2024",Petrichor Spirits Private Limited,GOA,PETRICHOR SPIRITS PRIVATE LIMITED,SEIAA,ToR Granted,GOA,5(g) Distilleries
2,SIA/GA/IND2/447386/2023,"Clearance Type: Application for ToR (Category A, B1, and B2 Violation)/EC (Category B2) - Form 1
S/W No.: SW/147092/2023
Category: B1
Sector: Industrial Projects - 2
Date of Submission:
07/10/2023","Proposed Distillery Unit for the Production of Malt Spirit (1.5 KLPD), Gin Spirit (1.6 KLPD), Rum Spirit (1.5 KLPD) and Vermouths, Liqueurs, Bitters (2 KLPD) at Plot No.15 and 16 of Survey No. 185 of Sancoale Industrial Estate, Mormugao Taluka, South Goa by M/s. Third Eye Distillery Holdings Private Limited",GOA,THIRD EYE DISTILLERY HOLDINGS PRIVATE LIMITED,SEIAA,TOR Granted,GOA,5(g) Distilleries
3,SIA/GA/IND2/407389/2022,"Clearance Type: Application for EC (Category A, B1, and B2 Violation)- Form 1
S/W No.: SW/108666/2022
Category: B1
Sector: Industrial Projects - 2
Date of Submission:
21/11/2022",JOHN DISTILLERIES PRIVATE LIMITED,GOA,JOHN DISTILLERIES PRIVATE LIMITED,SEIAA,EC Granted,GOA,5(g) Distilleries
1,SIA/GJ/IND1/579858/2026,"Clearance Type: Application for Amendment in EC- Form-4
S/W No.: SW/107989/2022
Category: B1
Sector: Industrial Projects - 1
Date of Submission:
09/06/2026","Environment Clearance of Copper rod and Copper Wire Manufacturing Unit in Survey No 21, Village Asoj, Vadodara-Halol Highway, Taluka Waghodia, Vadodara, Gujarat, India.",GUJARAT,BIRLA COPPER ASOJ PRIVATE LIMITED,SEIAA,Under Verification,GUJARAT,3(a) Metallurgical Industries (ferrous and non ferrous)
2,SIA/GJ/IND1/579931/2026,"Clearance Type: Application for ToR (Category A, B1, and B2 Violation)/EC (Category B2) - Form 1
S/W No.: SW/284928/2026
Category: B2
Sector: Industrial Projects - 1
Date of Submission:
05/06/2026","Copper Cathode manufacturing unit of 6300 MTM capacity of M/s. Polycab India Limited (Unit-16) at Village Javla & Muval, Taluka Savli, District Vadodara, Gujarat.",GUJARAT,POLYCAB INDIA LIMITED,SEIAA,Under Verification,GUJARAT,3(a) Metallurgical Industries (ferrous and non ferrous)
3,SIA/GJ/IND1/581162/2026,"Clearance Type: Application for Transfer of EC- Form-7
S/W No.: SW/285967/2026
Category: B1
Sector: Industrial Projects - 1
Date of Submission:
04/06/2026",M/s. Dhyaavee TMT Bars Private Limited,GUJARAT,DHYAAVEE TMT BARS PRIVATE LIMITED,SEIAA,EC Granted,GUJARAT,3(a) Metallurgical Industries (ferrous and non ferrous)
4,SIA/GJ/IND1/576451/2026,"Clearance Type: Application for ToR (Category A, B1, and B2 Violation)/EC (Category B2) - Form 1
S/W No.: SW/268669/2025
Category: B2
Sector: Industrial Projects - 1
Date of Submission:
03/06/2026",M/s. Rashtriya Metal Industries Limited,GUJARAT,RASHTRIYA METAL INDUSTRIES LIMITED,SEIAA,Under Verification,GUJARAT,3(a) Metallurgical Industries (ferrous and non ferrous)
5,SIA/GJ/IND1/576321/2026,"Clearance Type: Application for ToR (Category A, B1, and B2 Violation)/EC (Category B2) - Form 1
S/W No.: SW/281814/2026
Category: B2
Sector: Industrial Projects - 1
Date of Submission:
01/06/2026",UNO MINDA LIMITED,GUJARAT,UNO MINDA LIMITED,SEIAA,Under Verification,GUJARAT,3(a) Metallurgical Industries (ferrous and non ferrous)
6,SIA/GJ/IND1/580180/2026,"Clearance Type: Application for ToR (Category A, B1, and B2 Violation)/EC (Category B2) - Form 1
S/W No.: SW/285096/2026
Category: B2
Sector: Industrial Projects - 1
Date of Submission:
30/05/2026",Gopi Steel Rolling Mill,GUJARAT,GOPI STEEL ROLLING MILL,SEIAA,Under Verification,GUJARAT,3(a) Metallurgical Industries (ferrous and non ferrous)
7,SIA/GJ/IND1/579061/2026,"Clearance Type: Application for Corrigendum Form-13
S/W No.: SW/243489/2025
Category: B2
Sector: Industrial Projects - 1
Date of Submission:
15/05/2026",Star Pipe Foundry (India) Pvt. Ltd.,GUJARAT,STAR PIPE FOUNDRY (INDIA) PRIVATE LIMITED,SEIAA,Referred to SEIAA,GUJARAT,3(a) Metallurgical Industries (ferrous and non ferrous)
8,SIA/GJ/IND1/575273/2026,"Clearance Type: Application for ToR (Category A, B1, and B2 Violation)/EC (Category B2) - Form 1
S/W No.: SW/279532/2026
Category: B2
Sector: Industrial Projects - 1
Date of Submission:
10/04/2026","Expansion of existing Metallurgical Manufacturing Unit at Survey No: 249, 373, 374, 375, 399, Plot No. 1, Village Falla-361120, Taluka Jamnagar, Dist. Jamnagar, Gujarat by M/s. Stena Steel Private Limited.",GUJARAT,STENA STEEL PRIVATE LIMITED,SEIAA,Under Verification,GUJARAT,3(a) Metallurgical Industries (ferrous and non ferrous)
9,SIA/GJ/IND1/574194/2026,"Clearance Type: Application for EC (Category A, B1, and B2 Violation)- Form 1
S/W No.: SW/136626/2023
Category: B1
Sector: Industrial Projects - 1
Date of Submission:
06/04/2026","Application for grant of TOR and EC Of Existing Rolling Mill under notification S.O. 3250 dated 20.07.2022 ((TMT Steel Rods/Bars (8-50 MM), Round Steel Rods/Bars (6-800 MM), Square Steel Rods/Bars (8-80 MM), Square Steel Rods/Bars (8-80 MM) with Production capacity 311040 TPA) at Survey no. 231/1, 231/2, 232, 233 & 234, Lunva, Taluka: Bhachau, District: Kutch, Gujarat by M/s S. Poddar International (India) Pvt Ltd",GUJARAT,S PODDAR INTERNATIONAL (INDIA) PRIVATE LIMITED,SEIAA,"DELISTED BY SYSTEM
(at : 06/06/2026)",GUJARAT,3(a) Metallurgical Industries (ferrous and non ferrous)
10,SIA/GJ/IND1/571167/2026,"Clearance Type: Application for ToR (Category A, B1, and B2 Violation)/EC (Category B2) - Form 1
S/W No.: SW/277377/2026
Category: B2
Sector: Industrial Projects - 1
Date of Submission:
30/03/2026","Expansion of Copper Tubes, Copper Alloy Rod, Copper Wires & Copper Alloy Wires Manufacturing Unit and addition of PV Ribbon unit at Waghodia GIDC, Taluka Waghodia, District Vadodara, Gujarat – 391760 by M/s. Hindalco Industries Limited",GUJARAT,HINDALCO INDUSTRIES LIMITED,SEIAA,Referred to SEAC,GUJARAT,3(a) Metallurgical Industries (ferrous and non ferrous)
11,SIA/GJ/IND1/568718/2026,"Clearance Type: Application for ToR (Category A, B1, and B2 Violation)/EC (Category B2) - Form 1
S/W No.: SW/275159/2026
Category: B1
Sector: Industrial Projects - 1
Date of Submission:
11/02/2026",Proposed expansion of metallurgical unit by M/s. Sai Infinium Limited,GUJARAT,sai bandhan infinium private limited,SEIAA,"DELISTED BY SYSTEM
(at : 07/07/2026)",GUJARAT,3(a) Metallurgical Industries (ferrous and non ferrous)
12,SIA/GJ/IND1/566478/2026,"Clearance Type: Application for ToR (Category A, B1, and B2 Violation)/EC (Category B2) - Form 1
S/W No.: SW/273108/2026
Category: B1
Sector: Industrial Projects - 1
Date of Submission:
27/01/2026","Proposed Copper Rod, Oxygen Free Copper Rod, Copper Alloy Rod & Wire, ABC Wire, PV Ribbon, Copper Foil and Copper Nuggets manufacturing unit at Village Indrad, Taluka Savli, District Vadodara, Gujarat by M/s. Hindalco Industries Limited",GUJARAT,HINDALCO INDUSTRIES LIMITED,SEIAA,ToR Granted,GUJARAT,3(a) Metallurgical Industries (ferrous and non ferrous)
13,SIA/GJ/IND1/561421/2026,"Clearance Type: Application for ToR (Category A, B1, and B2 Violation)/EC (Category B2) - Form 1
S/W No.: SW/268669/2025
Category: B2
Sector: Industrial Projects - 1
Date of Submission:
12/01/2026",M/s. Rashtriya Metal Industries Limited,GUJARAT,RASHTRIYA METAL INDUSTRIES LIMITED,SEIAA,Proposal returned in present form,GUJARAT,3(a) Metallurgical Industries (ferrous and non ferrous)
14,SIA/GJ/IND1/564280/2026,"Clearance Type: Application for Transfer of EC- Form-7
S/W No.: SW/265651/2025
Category: B1
Sector: Industrial Projects - 1
Date of Submission:
05/01/2026","Transfer of Environment Clearance titled “for manufacturing additional product ""Galvalume & Colour Coated Sheets"" with augmentation of cumulative production capacity from existing 2,00,000 MT/Annum to 6,00,000 MT/Annum at the existing unit located at Survey No. 370 (Consolidated), 366, 368/2, 375/1 P1, 381, 785/10, Vill. Bhimasar, Tal. Anjar, Dist. Kutch” from M/s Indian Steel Corporation limited to M/s. ArcelorMittal Nippon Steel India Pvt. Ltd",GUJARAT,ARCELORMITTAL NIPPON STEEL INDIA PRIVATE LIMITED,SEIAA,EC Granted,GUJARAT,3(a) Metallurgical Industries (ferrous and non ferrous)
15,SIA/GJ/IND1/554309/2025,"Clearance Type: Application for ToR (Category A, B1, and B2 Violation)/EC (Category B2) - Form 1
S/W No.: SW/258038/2025
Category: B2
Sector: Industrial Projects - 1
Date of Submission:
08/12/2025",Asian Tubes Pvt Ltd.,GUJARAT,ASIAN TUBES PRIVATE LIMITED,SEIAA,Referred to SEAC,GUJARAT,3(a) Metallurgical Industries (ferrous and non ferrous)
16,SIA/GJ/IND1/560417/2025,"Clearance Type: Application for Transfer of EC- Form-7
S/W No.: SW/267737/2025
Category: B1
Sector: Industrial Projects - 1
Date of Submission:
03/12/2025",Transfer of Environment Clearance (EC) from M/s. German TMX Pvt. Ltd. to M/s. German TMT Pvt. Ltd.,GUJARAT,german tmt private limited,SEIAA,EC Granted,GUJARAT,3(a) Metallurgical Industries (ferrous and non ferrous)
17,SIA/GJ/IND1/551055/2025,"Clearance Type: Application for EC (Category A, B1, and B2 Violation)- Form 1
S/W No.: SW/134990/2023
Category: B1
Sector: Industrial Projects - 1
Date of Submission:
11/11/2025","Proposed regularization with expansion project by M/s. Prabodh Steel Pvt. Ltd. For manufacturing of Mild steel billets, Ingots and TMT Bars, MS Flat, CTD, Square Bars, located at S. No 225 Paiki 1 and 226 Paiki, Plot no.1, Ghanghali, Ta: Sihor, Dist. – Bhavnagar, Gujarat - 364240.",GUJARAT,PRABODH STEEL PRIVATE LIMITED,SEIAA,Proposal returned in present form,GUJARAT,3(a) Metallurgical Industries (ferrous and non ferrous)
18,SIA/GJ/IND1/553365/2025,"Clearance Type: Application for ToR (Category A, B1, and B2 Violation)/EC (Category B2) - Form 1
S/W No.: SW/261532/2025
Category: B2
Sector: Industrial Projects - 1
Date of Submission:
04/11/2025",Proposed manufacturing unit of CI & SGI Casting and Aluminium Casting by M/s. Bediya Technocast LLP,GUJARAT,BEDIYA TECHNOCAST LLP,SEIAA,EC Granted,GUJARAT,3(a) Metallurgical Industries (ferrous and non ferrous)
19,SIA/GJ/IND1/551515/2025,"Clearance Type: Application for ToR (Category A, B1, and B2 Violation)/EC (Category B2) - Form 1
S/W No.: SW/258873/2025
Category: B2
Sector: Industrial Projects - 1
Date of Submission:
24/09/2025",TENERON LIMITED,GUJARAT,TENERON LIMITED,SEIAA,"DELISTED BY SYSTEM
(at : 27/04/2026)",GUJARAT,3(a) Metallurgical Industries (ferrous and non ferrous)
20,SIA/GJ/IND1/532494/2025,"Clearance Type: Application for amendment in ToR (for categories A & B1)/Amendment in EC (for category B2)- Form-3
S/W No.: SW/124311/2023
Category: B1
Sector: Industrial Projects - 1
Date of Submission:
25/07/2025",Existing Cold Rolling unit of M/s. Chromeni Steels Private Limited,GUJARAT,CHROMENI STEELS LIMITED,SEIAA,Referred to SEIAA,GUJARAT,3(a) Metallurgical Industries (ferrous and non ferrous)
21,SIA/GJ/IND1/542754/2025,"Clearance Type: Application for EC (Category A, B1, and B2 Violation)- Form 1
S/W No.: SW/251769/2025
Category: B1
Sector: Industrial Projects - 1
Date of Submission:
05/07/2025",M/s. Welspun DI Pipes Ltd.,GUJARAT,Welspun Di pipes limited,SEIAA,EC Granted,GUJARAT,3(a) Metallurgical Industries (ferrous and non ferrous)
22,SIA/GJ/IND1/533480/2025,"Clearance Type: Application for ToR (Category A, B1, and B2 Violation)/EC (Category B2) - Form 1
S/W No.: SW/243489/2025
Category: B2
Sector: Industrial Projects - 1
Date of Submission:
25/06/2025",Star Pipe Foundry (India) Pvt. Ltd.,GUJARAT,STAR PIPE FOUNDRY (INDIA) PRIVATE LIMITED,SEIAA,EC Granted,GUJARAT,3(a) Metallurgical Industries (ferrous and non ferrous)
23,SIA/GJ/IND1/528369/2025,"Clearance Type: Application for ToR (Category A, B1, and B2 Violation)/EC (Category B2) - Form 1
S/W No.: SW/232673/2025
Category: B2
Sector: Industrial Projects - 1
Date of Submission:
22/03/2025",Asian Tubes Pvt Ltd.,GUJARAT,ASIAN TUBES PRIVATE LIMITED,SEIAA,"DELISTED BY SYSTEM
(at : 31/08/2025)",GUJARAT,3(a) Metallurgical Industries (ferrous and non ferrous)
24,SIA/GJ/IND1/530637/2025,"Clearance Type: Application for ToR (Category A, B1, and B2 Violation)/EC (Category B2) - Form 1
S/W No.: SW/241053/2025
Category: B2
Sector: Industrial Projects - 1
Date of Submission:
22/03/2025",M/s. Ramdut Alloys Private Limited,GUJARAT,RAMDUT ALLOYS PRIVATE LIMITED,SEIAA,"DELISTED BY SYSTEM
(at : 09/05/2025)",GUJARAT,3(a) Metallurgical Industries (ferrous and non ferrous)
25,SIA/GJ/IND1/523154/2025,"Clearance Type: Application for Transfer of EC- Form-7
S/W No.: SW/234276/2025
Category: B1
Sector: Industrial Projects - 1
Date of Submission:
08/02/2025",Sai Bandhan Infinium Pvt. Ltd.,GUJARAT,SAI BANDHAN INFINIUM PVT. LTD.,SEIAA,EC Granted,GUJARAT,3(a) Metallurgical Industries (ferrous and non ferrous)
26,SIA/GJ/IND1/518843/2025,"Clearance Type: Application for ToR (Category A, B1, and B2 Violation)/EC (Category B2) - Form 1
S/W No.: SW/230360/2025
Category: B1
Sector: Industrial Projects - 1
Date of Submission:
17/01/2025","Environment Clearance for Proposed Expansion in Existing Mfg. facility of Copper Rod & ABC Wire with Addition of PV Ribbon and Copper Nuggets at Village Asoj, Taluka Waghodia, District Vadodara, Gujarat by M/s. Birla Copper Asoj Pvt. Ltd.",GUJARAT,BIRLA COPPER ASOJ PRIVATE LIMITED,SEIAA,ToR Granted,GUJARAT,3(a) Metallurgical Industries (ferrous and non ferrous)
27,SIA/GJ/IND1/500591/2024,"Clearance Type: Application for ToR (Category A, B1, and B2 Violation)/EC (Category B2) - Form 1
S/W No.: SW/211176/2024
Category: B2
Sector: Industrial Projects - 1
Date of Submission:
23/12/2024","Expansion for Proposed Aluminium Casting Plant at Plot No. 824, GIDC - Jhagadia Industrial Estate, Taluka Jhagadia, District Bharuch, Gujarat",GUJARAT,BRAKES INDIA PRIVATE LIMITED,SEIAA,EC Granted,GUJARAT,3(a) Metallurgical Industries (ferrous and non ferrous)
28,SIA/GJ/IND1/501582/2024,"Clearance Type: Application for EC (Category A, B1, and B2 Violation)- Form 1
S/W No.: SW/150232/2023
Category: B1
Sector: Industrial Projects - 1
Date of Submission:
29/10/2024",NAVKAAR ISPAT LIMITED,GUJARAT,NAVKAAR ISPAT LIMITED,SEIAA,EC Granted,GUJARAT,3(a) Metallurgical Industries (ferrous and non ferrous)
29,SIA/GJ/IND1/503066/2024,"Clearance Type: Application for Transfer of EC- Form-7
S/W No.: SW/148066/2023
Category: B1
Sector: Industrial Projects - 1
Date of Submission:
26/10/2024",Proposed expansion of Secondary Metallurgical Project by Haq Steels and Metaliks Ltd.,GUJARAT,HAQ STEELS AND METALIKS LTD.,SEIAA,EC Granted,GUJARAT,3(a) Metallurgical Industries (ferrous and non ferrous)
30,SIA/GJ/IND1/498532/2024,"Clearance Type: Application for EC (Category A, B1, and B2 Violation)- Form 1
S/W No.: SW/142066/2023
Category: B1
Sector: Industrial Projects - 1
Date of Submission:
01/10/2024","M/s. Polycab India Limited, Unit 2 (Formerly Known as Polycab Wires Pvt. Ltd., Unit 2)",GUJARAT,POLYCAB INDIA LIMITED,SEIAA,EC Granted,GUJARAT,3(a) Metallurgical Industries (ferrous and non ferrous)
31,SIA/GJ/IND1/496881/2024,"Clearance Type: Application for EC (Category A, B1, and B2 Violation)- Form 1
S/W No.: SW/144617/2023
Category: B1
Sector: Industrial Projects - 1
Date of Submission:
18/09/2024",Proposed Expansion project of MS Ingots/Billets & TMT Steel Bars/Channels/Angels Manufacturing Unit By M/s. Hibond Steel Private Limited,GUJARAT,HIBOND STEEL PRIVATE LIMITED,SEIAA,EC Granted,GUJARAT,3(a) Metallurgical Industries (ferrous and non ferrous)
32,SIA/GJ/IND1/492159/2024,"Clearance Type: Application for ToR (Category A, B1, and B2 Violation)/EC (Category B2) - Form 1
S/W No.: SW/201181/2024
Category: B2
Sector: Industrial Projects - 1
Date of Submission:
09/09/2024",M/s. Shreeji Coke & Energy Private Limited,GUJARAT,Shreeji Coke and Energy Private Limited,SEIAA,EC Granted,GUJARAT,3(a) Metallurgical Industries (ferrous and non ferrous)
33,SIA/GJ/IND1/494734/2024,"Clearance Type: Application for ToR (Category A, B1, and B2 Violation)/EC (Category B2) - Form 1
S/W No.: SW/199728/2024
Category: B2
Sector: Industrial Projects - 1
Date of Submission:
30/08/2024",Ashish Ferro Alloys Pvt. Ltd.,GUJARAT,ASHISH FERRO ALLOYS PRIVATE LIMITED,SEIAA,EC Granted,GUJARAT,3(a) Metallurgical Industries (ferrous and non ferrous)
34,SIA/GJ/IND1/487228/2024,"Clearance Type: Application for ToR (Category A, B1, and B2 Violation)/EC (Category B2) - Form 1
S/W No.: SW/196862/2024
Category: B2
Sector: Industrial Projects - 1
Date of Submission:
30/07/2024","Expansion of Ferrous Casting (Foundry & Machining) unit for 90000 MTA capacity of Munjal Kiriu Industries Pvt. Ltd. at Mandal Industrial Estate, Japanese Industrial Zone, Vill. Vithalapur, Tal. Mandal, Dist. Ahmedabad – 382130",GUJARAT,MUNJAL KIRIU INDUSTRIES PRIVATE LIMITED,SEIAA,EC Granted,GUJARAT,3(a) Metallurgical Industries (ferrous and non ferrous)
35,SIA/GJ/IND1/480968/2024,"Clearance Type: Application for EC (Category A, B1, and B2 Violation)- Form 1
S/W No.: SW/107816/2022
Category: B1
Sector: Industrial Projects - 1
Date of Submission:
25/07/2024",JSW Steel Limited,GUJARAT,JSW STEEL LIMITED,SEIAA,EC Granted,GUJARAT,3(a) Metallurgical Industries (ferrous and non ferrous)
36,SIA/GJ/IND1/468196/2024,"Clearance Type: Application for EC (Category A, B1, and B2 Violation)- Form 1
S/W No.: SW/124311/2023
Category: B1
Sector: Industrial Projects - 1
Date of Submission:
19/07/2024",Existing Cold Rolling unit of M/s. Chromeni Steels Private Limited,GUJARAT,CHROMENI STEELS LIMITED,SEIAA,"DELISTED BY SYSTEM
(at : 05/03/2026)",GUJARAT,3(a) Metallurgical Industries (ferrous and non ferrous)
37,SIA/GJ/IND1/467973/2024,"Clearance Type: Application for ToR (Category A, B1, and B2 Violation)/EC (Category B2) - Form 1
S/W No.: SW/176860/2024
Category: B1
Sector: Industrial Projects - 1
Date of Submission:
29/05/2024",M/s. Waaree Green Aluminium Pvt. Ltd,GUJARAT,WAAREE GREEN ALUMINIUM PRIVATE LIMITED,SEIAA,ToR Granted,GUJARAT,3(a) Metallurgical Industries (ferrous and non ferrous)
38,SIA/GJ/IND1/473133/2024,"Clearance Type: Application for EC (Category A, B1, and B2 Violation)- Form 1
S/W No.: SW/128577/2023
Category: B1
Sector: Industrial Projects - 1
Date of Submission:
16/05/2024",Proposed expansion of secondary Metallurgical project by Shri Raghuvir Steel Private Limited,GUJARAT,SHRI RAGHUVIR STEEL PRIVATE LIMITED,SEIAA,EC Granted,GUJARAT,3(a) Metallurgical Industries (ferrous and non ferrous)
39,SIA/GJ/IND1/466411/2024,"Clearance Type: Application for EC (Category A, B1, and B2 Violation)- Form 1
S/W No.: SW/136127/2023
Category: B1
Sector: Industrial Projects - 1
Date of Submission:
07/05/2024","Regularization and inclusion of existing Rolling project/products in Environment Clearance of M/s. Varrsana Ispat Limited in Integrated Steel Plant at Survey No. 116/1, Varsana, Ta: Anjar Dist: Kutch, Gujarat - 370201.",GUJARAT,VARRSANA ISPAT LIMITED,SEIAA,EC Granted,GUJARAT,3(a) Metallurgical Industries (ferrous and non ferrous)
40,SIA/GJ/IND1/470302/2024,"Clearance Type: Application for Corrigendum Form-13
S/W No.: SW/122552/2023
Category: B1
Sector: Industrial Projects - 1
Date of Submission:
23/04/2024",Proposed Expansion of Secondary Metallurgy Plant (Alloy wheels Manufacturing unit)of M/s. Steel Strips Wheels Ltd,GUJARAT,M/S STEEL STRIPS WHEELS LTD,SEIAA,EC Granted,GUJARAT,3(a) Metallurgical Industries (ferrous and non ferrous)
41,SIA/GJ/IND1/460864/2024,"Clearance Type: Application for EC (Category A, B1, and B2 Violation)- Form 1
S/W No.: SW/168886/2024
Category: B1
Sector: Industrial Projects - 1
Date of Submission:
23/04/2024",M/s. Mark Alloys Pvt. Ltd.,GUJARAT,M/S. MARK ALLOYS PVT. LTD.,SEIAA,EC Granted,GUJARAT,3(a) Metallurgical Industries (ferrous and non ferrous)
42,SIA/GJ/IND1/462078/2024,"Clearance Type: Application for Transfer of EC- Form-7
S/W No.: SW/112589/2022
Category: B1
Sector: Industrial Projects - 1
Date of Submission:
16/04/2024",Expansion of Ferrous Castings product,GUJARAT,FLOMETALLIC INDIA PRIVATE LIMITED,SEIAA,EC Granted,GUJARAT,3(a) Metallurgical Industries (ferrous and non ferrous)
43,SIA/GJ/IND1/458412/2024,"Clearance Type: Application for Amendment in EC- Form-4
S/W No.: SW/168363/2024
Category: B1
Sector: Industrial Projects - 1
Date of Submission:
10/04/2024",Amendment in Environment Clearance (EC) of VMS TMT Private Limited,GUJARAT,VMS TMT PVT LTD,SEIAA,"DELISTED BY SYSTEM
(at : 30/10/2024)",GUJARAT,3(a) Metallurgical Industries (ferrous and non ferrous)
44,SIA/GJ/IND1/466190/2024,"Clearance Type: Application for ToR (Category A, B1, and B2 Violation)/EC (Category B2) - Form 1
S/W No.: SW/175123/2024
Category: B1
Sector: Industrial Projects - 1
Date of Submission:
20/03/2024",M/s. Heavy Metal & Tubes Ltd. (Unit-2),GUJARAT,HEAVY METAL AND TUBES (INDIA) PRIVATE LIMITED,SEIAA,ToR Granted,GUJARAT,3(a) Metallurgical Industries (ferrous and non ferrous)
45,SIA/GJ/IND1/463179/2024,"Clearance Type: Application for EC (Category A, B1, and B2 Violation)- Form 1
S/W No.: SW/130554/2023
Category: B1
Sector: Industrial Projects - 1
Date of Submission:
19/02/2024",M/s. Welspun Specialty Solution Ltd.,GUJARAT,ANIL RANA,SEIAA,"DELISTED BY SYSTEM
(at : 08/05/2026)",GUJARAT,3(a) Metallurgical Industries (ferrous and non ferrous)
46,SIA/GJ/IND1/460863/2024,"Clearance Type: Application for EC (Category A, B1, and B2 Violation)- Form 1
S/W No.: SW/170818/2024
Category: B1
Sector: Industrial Projects - 1
Date of Submission:
03/02/2024",M/s. Deep Alloys,GUJARAT,M /S. DEEP ALLOYS,SEIAA,EC Granted,GUJARAT,3(a) Metallurgical Industries (ferrous and non ferrous)
47,SIA/GJ/IND1/457946/2024,"Clearance Type: Application for EC (Category A, B1, and B2 Violation)- Form 1
S/W No.: SW/122483/2023
Category: B1
Sector: Industrial Projects - 1
Date of Submission:
15/01/2024",M/s. Metronox Private Limited,GUJARAT,METRONOX PRIVATE LIMITED,SEIAA,EC Granted,GUJARAT,3(a) Metallurgical Industries (ferrous and non ferrous)
48,SIA/GJ/IND1/457878/2024,"Clearance Type: Application for EC (Category A, B1, and B2 Violation)- Form 1
S/W No.: SW/104730/2022
Category: B1
Sector: Industrial Projects - 1
Date of Submission:
08/01/2024",Environment Clearance for Existing Secondary Metallurgical Industry by M/s. Steelcast Limited,GUJARAT,STEELCAST LIMITED,SEIAA,EC Granted,GUJARAT,3(a) Metallurgical Industries (ferrous and non ferrous)
49,SIA/GJ/IND1/457521/2024,"Clearance Type: Application for ToR (Category A, B1, and B2 Violation)/EC (Category B2) - Form 1
S/W No.: SW/167536/2024
Category: B1
Sector: Industrial Projects - 1
Date of Submission:
04/01/2024",M/s. Raviraj Foils. Ltd.,GUJARAT,INDRAJITSINH VAGHELA,SEIAA,TOR Granted,GUJARAT,3(a) Metallurgical Industries (ferrous and non ferrous)
50,SIA/GJ/IND1/456618/2023,"Clearance Type: Application for EC (Category A, B1, and B2 Violation)- Form 1
S/W No.: SW/113519/2022
Category: B1
Sector: Industrial Projects - 1
Date of Submission:
25/12/2023",Steefo TMT Private Limited,GUJARAT,STEEFO TMT PRIVATE LIMITED,SEIAA,EC Granted,GUJARAT,3(a) Metallurgical Industries (ferrous and non ferrous)
51,SIA/GJ/IND1/451476/2023,"Clearance Type: Application for ToR (Category A, B1, and B2 Violation)/EC (Category B2) - Form 1
S/W No.: SW/150232/2023
Category: B1
Sector: Industrial Projects - 1
Date of Submission:
09/12/2023",NAVKAAR ISPAT LIMITED,GUJARAT,NAVKAAR ISPAT LIMITED,SEIAA,TOR Granted,GUJARAT,3(a) Metallurgical Industries (ferrous and non ferrous)
52,SIA/GJ/IND1/453565/2023,"Clearance Type: Application for ToR (Category A, B1, and B2 Violation)/EC (Category B2) - Form 1
S/W No.: SW/152694/2023
Category: B1
Sector: Industrial Projects - 1
Date of Submission:
02/12/2023","Setting up of 60000 TPA Copper tube plant by Kutch Copper Tubes Ltd at APSEZ, Survey no 223, Village Navinal, Mundra, Kutch district, Gujarat",GUJARAT,KUTCH COPPER TUBES LIMITED,SEIAA,TOR Granted,GUJARAT,3(a) Metallurgical Industries (ferrous and non ferrous)
53,SIA/GJ/IND1/409154/2022,"Clearance Type: Application for ToR (Category A, B1, and B2 Violation)/EC (Category B2) - Form 1
S/W No.: SW/110295/2022
Category: B1
Sector: Industrial Projects - 1
Date of Submission:
23/11/2023",RAJHANS METALS PRIVATE LIMITED,GUJARAT,SHRENIK DODHIA,SEIAA,TOR GRANTED,GUJARAT,3(a) Metallurgical Industries (ferrous and non ferrous)
54,SIA/GJ/IND1/411684/2022,"Clearance Type: Application for ToR (Category A, B1, and B2 Violation)/EC (Category B2) - Form 1
S/W No.: SW/112589/2022
Category: B1
Sector: Industrial Projects - 1
Date of Submission:
23/11/2023",Expansion of Ferrous Castings product,GUJARAT,FLOMETALLIC INDIA PRIVATE LIMITED,SEIAA,TOR GRANTED,GUJARAT,3(a) Metallurgical Industries (ferrous and non ferrous)
55,SIA/GJ/IND1/413429/2023,"Clearance Type: Application for ToR (Category A, B1, and B2 Violation)/EC (Category B2) - Form 1
S/W No.: SW/113519/2022
Category: B1
Sector: Industrial Projects - 1
Date of Submission:
23/11/2023",Steefo TMT Private Limited,GUJARAT,STEEFO TMT PRIVATE LIMITED,SEIAA,TOR Granted,GUJARAT,3(a) Metallurgical Industries (ferrous and non ferrous)
56,SIA/GJ/IND1/453000/2023,"Clearance Type: Application for ToR (Category A, B1, and B2 Violation)/EC (Category B2) - Form 1
S/W No.: SW/152181/2023
Category: B1
Sector: Industrial Projects - 1
Date of Submission:
22/11/2023",Ashish Ferro Alloys Private Limited,GUJARAT,ASHISH FERRO ALLOYS PRIVATE LIMITED,SEIAA,TOR Granted,GUJARAT,3(a) Metallurgical Industries (ferrous and non ferrous)
57,SIA/GJ/IND1/451617/2023,"Clearance Type: Application for ToR (Category A, B1, and B2 Violation)/EC (Category B2) - Form 1
S/W No.: SW/150777/2023
Category: B1
Sector: Industrial Projects - 1
Date of Submission:
07/11/2023",M/s. Ocean Steels Pvt. Ltd.,GUJARAT,OCEAN STEELS PRIVATE LIMITED,SEIAA,TOR GRANTED,GUJARAT,3(a) Metallurgical Industries (ferrous and non ferrous)
58,SIA/GJ/IND1/437429/2023,"Clearance Type: Application for ToR (Category A, B1, and B2 Violation)/EC (Category B2) - Form 1
S/W No.: SW/137217/2023
Category: B1
Sector: Industrial Projects - 1
Date of Submission:
06/11/2023",M/s. Raajratna Metal Industries Ltd.,GUJARAT,KUNAL SANGHVI,SEIAA,EDS raised,GUJARAT,3(a) Metallurgical Industries (ferrous and non ferrous)
59,SIA/GJ/IND1/428809/2023,"Clearance Type: Application for ToR (Category A, B1, and B2 Violation)/EC (Category B2) - Form 1
S/W No.: SW/128758/2023
Category: B1
Sector: Industrial Projects - 1
Date of Submission:
02/11/2023","Kansara Popatlal, Tribhovandas Metal Pvt. Ltd.",GUJARAT,TEJASKUMAR MAVANI,SEIAA,Under Examination,GUJARAT,3(a) Metallurgical Industries (ferrous and non ferrous)
60,SIA/GJ/IND1/449535/2023,"Clearance Type: Application for EC (Category A, B1, and B2 Violation)- Form 1
S/W No.: SW/122191/2023
Category: B1
Sector: Industrial Projects - 1
Date of Submission:
23/10/2023","Environment Clearance for Manufacturing of Copper Tubes, wires & rod at Plot No. 187/P & 187/P/1/B/2, 187/P & 187/P/1/B/3, 187/P & 187/P/1/B/4, 187/P & 187/P/1/B/5 & 187/P & 187/P/1/B/6, Waghodia GIDC, Village and Taluka: Waghodia, District: Vadodara, Gujarat.",GUJARAT,CHINTAMANI KULKARNI,SEIAA,EC Granted,GUJARAT,3(a) Metallurgical Industries (ferrous and non ferrous)
61,SIA/GJ/IND1/444089/2023,"Clearance Type: Application for ToR (Category A, B1, and B2 Violation)/EC (Category B2) - Form 1
S/W No.: SW/142328/2023
Category: B1
Sector: Industrial Projects - 1
Date of Submission:
21/10/2023",Asian Tubes Pvt. Ltd.,GUJARAT,ASIAN TUBES PRIVATE LIMITED,SEIAA,TOR Granted,GUJARAT,3(a) Metallurgical Industries (ferrous and non ferrous)
62,SIA/GJ/IND1/449011/2023,"Clearance Type: Application for EC (Category A, B1, and B2 Violation)- Form 1
S/W No.: SW/148066/2023
Category: B1
Sector: Industrial Projects - 1
Date of Submission:
17/10/2023",Proposed expansion of Secondary Metallurgical Project by Haq Steels and Metaliks Ltd.,GUJARAT,HAQ STEELS AND METALIKS LTD.,SEIAA,EC Granted,GUJARAT,3(a) Metallurgical Industries (ferrous and non ferrous)
63,SIA/GJ/IND1/448979/2023,"Clearance Type: Application for ToR (Category A, B1, and B2 Violation)/EC (Category B2) - Form 1
S/W No.: SW/142066/2023
Category: B1
Sector: Industrial Projects - 1
Date of Submission:
16/10/2023","M/s. Polycab India Limited, Unit 2 (Formerly Known as Polycab Wires Pvt. Ltd., Unit 2)",GUJARAT,POLYCAB INDIA LIMITED,SEIAA,TOR Granted,GUJARAT,3(a) Metallurgical Industries (ferrous and non ferrous)
64,SIA/GJ/IND1/430905/2023,"Clearance Type: Application for ToR (Category A, B1, and B2 Violation)/EC (Category B2) - Form 1
S/W No.: SW/130554/2023
Category: B1
Sector: Industrial Projects - 1
Date of Submission:
06/10/2023",M/s. Welspun Specialty Solution Ltd.,GUJARAT,ANIL RANA,SEIAA,TOR Granted,GUJARAT,3(a) Metallurgical Industries (ferrous and non ferrous)
65,SIA/GJ/IND1/446623/2023,"Clearance Type: Application for ToR (Category A, B1, and B2 Violation)/EC (Category B2) - Form 1
S/W No.: SW/145716/2023
Category: B1
Sector: Industrial Projects - 1
Date of Submission:
02/10/2023",MetTube Copper India Private Limited,GUJARAT,METTUBE COPPER INDIA PRIVATE LIMITED,SEIAA,TOR Granted,GUJARAT,3(a) Metallurgical Industries (ferrous and non ferrous)
66,SIA/GJ/IND1/445388/2023,"Clearance Type: Application for ToR (Category A, B1, and B2 Violation)/EC (Category B2) - Form 1
S/W No.: SW/144617/2023
Category: B1
Sector: Industrial Projects - 1
Date of Submission:
29/09/2023",Proposed Expansion project of MS Ingots/Billets & TMT Steel Bars/Channels/Angels Manufacturing Unit By M/s. Hibond Steel Private Limited,GUJARAT,HIBOND STEEL PRIVATE LIMITED,SEIAA,TOR Granted,GUJARAT,3(a) Metallurgical Industries (ferrous and non ferrous)
67,SIA/GJ/IND1/420671/2023,"Clearance Type: Application for ToR (Category A, B1, and B2 Violation)/EC (Category B2) - Form 1
S/W No.: SW/121246/2023
Category: B1
Sector: Industrial Projects - 1
Date of Submission:
28/09/2023",Metal Tech Industries,GUJARAT,METAL TECH INDUSTRIES,SEIAA,TOR Granted,GUJARAT,3(a) Metallurgical Industries (ferrous and non ferrous)
68,SIA/GJ/IND1/441407/2023,"Clearance Type: Application for EC (Category A, B1, and B2 Violation)- Form 1
S/W No.: SW/112589/2022
Category: B1
Sector: Industrial Projects - 1
Date of Submission:
27/09/2023",Expansion of Ferrous Castings product,GUJARAT,FLOMETALLIC INDIA PRIVATE LIMITED,SEIAA,EC Granted,GUJARAT,3(a) Metallurgical Industries (ferrous and non ferrous)
69,SIA/GJ/IND1/439857/2023,"Clearance Type: Application for EC (Category A, B1, and B2 Violation)- Form 1
S/W No.: SW/107989/2022
Category: B1
Sector: Industrial Projects - 1
Date of Submission:
27/09/2023","Environment Clearance of Copper rod and Copper Wire Manufacturing Unit in Survey No 21, Village Asoj, Vadodara-Halol Highway, Taluka Waghodia, Vadodara, Gujarat, India.",GUJARAT,BIRLA COPPER ASOJ PRIVATE LIMITED,SEIAA,EC Granted,GUJARAT,3(a) Metallurgical Industries (ferrous and non ferrous)
70,SIA/GJ/IND1/444683/2023,"Clearance Type: Application for ToR (Category A, B1, and B2 Violation)/EC (Category B2) - Form 1
S/W No.: SW/143960/2023
Category: B1
Sector: Industrial Projects - 1
Date of Submission:
18/09/2023",RRR Steel Rolling Mills Pvt. Ltd.,GUJARAT,RRR STEEL ROLLING MILLS PRIVATE LIMITED,SEIAA,TOR Granted,GUJARAT,3(a) Metallurgical Industries (ferrous and non ferrous)
71,SIA/GJ/IND1/422634/2023,"Clearance Type: Application for ToR (Category A, B1, and B2 Violation)/EC (Category B2) - Form 1
S/W No.: SW/122968/2023
Category: B1
Sector: Industrial Projects - 1
Date of Submission:
15/09/2023",M/s. Panchmahal Steel Ltd.,GUJARAT,PANCHMAHAL STEEL LIMITED,SEIAA,EDS raised,GUJARAT,3(a) Metallurgical Industries (ferrous and non ferrous)
72,SIA/GJ/IND1/438509/2023,"Clearance Type: Application for ToR (Category A, B1, and B2 Violation)/EC (Category B2) - Form 1
S/W No.: SW/138214/2023
Category: B1
Sector: Industrial Projects - 1
Date of Submission:
14/09/2023","Secondary Aluminium Production unit of Banco Aluminium Ltd. at Miyagam-Karjan, Vadodara, Gujarat",GUJARAT,BANCO ALUMINIUM LIMITED,SEIAA,EDS raised,GUJARAT,3(a) Metallurgical Industries (ferrous and non ferrous)
73,SIA/GJ/IND1/437270/2023,"Clearance Type: Application for ToR (Category A, B1, and B2 Violation)/EC (Category B2) - Form 1
S/W No.: SW/137081/2023
Category: B1
Sector: Industrial Projects - 1
Date of Submission:
07/09/2023","Forged & Machined Items manufacturing unit with 43000 MTA capacity of SE Forge Ltd. at Plot No.1, SEZ unit in AspenPark Infra Vadodara Pvt. Ltd., Village: Piparia, Taluka: Waghodia, District: Vadodara- 391760, Gujarat",GUJARAT,SE FORGE LIMITED,SEIAA,EDS raised,GUJARAT,3(a) Metallurgical Industries (ferrous and non ferrous)
74,SIA/GJ/IND1/436797/2023,"Clearance Type: Application for ToR (Category A, B1, and B2 Violation)/EC (Category B2) - Form 1
S/W No.: SW/136626/2023
Category: B1
Sector: Industrial Projects - 1
Date of Submission:
26/08/2023","Application for grant of TOR and EC Of Existing Rolling Mill under notification S.O. 3250 dated 20.07.2022 ((TMT Steel Rods/Bars (8-50 MM), Round Steel Rods/Bars (6-800 MM), Square Steel Rods/Bars (8-80 MM), Square Steel Rods/Bars (8-80 MM) with Production capacity 311040 TPA) at Survey no. 231/1, 231/2, 232, 233 & 234, Lunva, Taluka: Bhachau, District: Kutch, Gujarat by M/s S. Poddar International (India) Pvt Ltd",GUJARAT,S PODDAR INTERNATIONAL (INDIA) PRIVATE LIMITED,SEIAA,TOR Granted,GUJARAT,3(a) Metallurgical Industries (ferrous and non ferrous)
75,SIA/GJ/IND1/437330/2023,"Clearance Type: Application for ToR (Category A, B1, and B2 Violation)/EC (Category B2) - Form 1
S/W No.: SW/137147/2023
Category: B1
Sector: Industrial Projects - 1
Date of Submission:
25/08/2023",Environment Clearance for Existing Secondary Metallurgical Industry by M/s. Shree Parmeshwar Steels Pvt. Ltd.,GUJARAT,SHREE PARMESHWAR STEELS PRIVATE LIMITED,SEIAA,EDS raised,GUJARAT,3(a) Metallurgical Industries (ferrous and non ferrous)
76,SIA/GJ/IND1/430011/2023,"Clearance Type: Application for EC (Category A, B1, and B2 Violation)- Form 1
S/W No.: SW/129700/2023
Category: B1
Sector: Industrial Projects - 1
Date of Submission:
23/08/2023","Regularization project of M/s. Raajratna Ventures Ltd. of production facilities for Stainless-steel Fasteners (like Screw, Bolts, Nuts etc.), Threaded bars, Stainless steel Section Tube and Solar PV Module at Plot No. 69/2, 78, 79 &80/4, 80/5, Kalol-Mehsana Highway, Village: Chandarada - 382729, Ta: Kadi &Dist: Mehsana, Gujarat.",GUJARAT,M/S. RAAJRATNA VENTURES LTD.,SEIAA,EC Granted,GUJARAT,3(a) Metallurgical Industries (ferrous and non ferrous)
77,SIA/GJ/IND1/436579/2023,"Clearance Type: Application for ToR (Category A, B1, and B2 Violation)/EC (Category B2) - Form 1
S/W No.: SW/136361/2023
Category: B1
Sector: Industrial Projects - 1
Date of Submission:
21/08/2023","Aluminium Billet manufacturing unit with 72000 MTA capacity of Banco Aluminium Ltd. at Miyagam-Karjan, Vadodara, Gujarat",GUJARAT,BANCO ALUMINIUM LIMITED,SEIAA,EDS raised,GUJARAT,3(a) Metallurgical Industries (ferrous and non ferrous)
78,SIA/GJ/IND1/440444/2023,"Clearance Type: Application for ToR (Category A, B1, and B2 Violation)/EC (Category B2) - Form 1
S/W No.: SW/140035/2023
Category: B1
Sector: Industrial Projects - 1
Date of Submission:
14/08/2023",Virat Alloys Pvt. Ltd,GUJARAT,VIRAT ALLOYS PRIVATE LIMITED,SEIAA,TOR Granted,GUJARAT,3(a) Metallurgical Industries (ferrous and non ferrous)
79,SIA/GJ/IND1/431466/2023,"Clearance Type: Application for ToR (Category A, B1, and B2 Violation)/EC (Category B2) - Form 1
S/W No.: SW/128801/2023
Category: B1
Sector: Industrial Projects - 1
Date of Submission:
10/08/2023",M/s. Maxim Tubes Company Pvt. Ltd.,GUJARAT,MAXIM TUBES COMPANY PVT. LTD.,SEIAA,TOR Granted,GUJARAT,3(a) Metallurgical Industries (ferrous and non ferrous)
80,SIA/GJ/IND1/434020/2023,"Clearance Type: Application for ToR (Category A, B1, and B2 Violation)/EC (Category B2) - Form 1
S/W No.: SW/133392/2023
Category: B1
Sector: Industrial Projects - 1
Date of Submission:
10/08/2023",Metso India Pvt. Ltd.,GUJARAT,METSO OUTOTEC INDIA PRIVATE LIMITED,SEIAA,TOR Granted,GUJARAT,3(a) Metallurgical Industries (ferrous and non ferrous)
81,SIA/GJ/IND1/437172/2023,"Clearance Type: Application for ToR (Category A, B1, and B2 Violation)/EC (Category B2) - Form 1
S/W No.: SW/136962/2023
Category: B1
Sector: Industrial Projects - 1
Date of Submission:
05/08/2023",Ratnadeep Metal & Tubes Ltd,GUJARAT,RATNADEEP METAL AND TUBES LIMITED,SEIAA,EDS raised,GUJARAT,3(a) Metallurgical Industries (ferrous and non ferrous)
82,SIA/GJ/IND1/432838/2023,"Clearance Type: Application for EC (Category A, B1, and B2 Violation)- Form 1
S/W No.: SW/132238/2023
Category: B1
Sector: Industrial Projects - 1
Date of Submission:
29/07/2023",M/s. Maheshvar Ispat Private Limited,GUJARAT,MAHESHVAR ISPAT PRIVATE LIMITED,SEIAA,EC Granted,GUJARAT,3(a) Metallurgical Industries (ferrous and non ferrous)
83,SIA/GJ/IND1/435244/2023,"Clearance Type: Application for ToR (Category A, B1, and B2 Violation)/EC (Category B2) - Form 1
S/W No.: SW/134990/2023
Category: B1
Sector: Industrial Projects - 1
Date of Submission:
28/07/2023","Proposed regularization with expansion project by M/s. Prabodh Steel Pvt. Ltd. For manufacturing of Mild steel billets, Ingots and TMT Bars, MS Flat, CTD, Square Bars, located at S. No 225 Paiki 1 and 226 Paiki, Plot no.1, Ghanghali, Ta: Sihor, Dist. – Bhavnagar, Gujarat - 364240.",GUJARAT,PRABODH STEEL PRIVATE LIMITED,SEIAA,TOR Granted,GUJARAT,3(a) Metallurgical Industries (ferrous and non ferrous)
84,SIA/GJ/IND1/436352/2023,"Clearance Type: Application for ToR (Category A, B1, and B2 Violation)/EC (Category B2) - Form 1
S/W No.: SW/136127/2023
Category: B1
Sector: Industrial Projects - 1
Date of Submission:
21/07/2023","Regularization and inclusion of existing Rolling project/products in Environment Clearance of M/s. Varrsana Ispat Limited in Integrated Steel Plant at Survey No. 116/1, Varsana, Ta: Anjar Dist: Kutch, Gujarat - 370201.",GUJARAT,VARRSANA ISPAT LIMITED,SEIAA,TOR Granted,GUJARAT,3(a) Metallurgical Industries (ferrous and non ferrous)
85,SIA/GJ/IND1/437529/2023,"Clearance Type: Application for ToR (Category A, B1, and B2 Violation)/EC (Category B2) - Form 1
S/W No.: SW/137335/2023
Category: B1
Sector: Industrial Projects - 1
Date of Submission:
20/07/2023",Bhoomi Metacast Pvt. Ltd.,GUJARAT,BHOOMI METACAST PRIVATE LIMITED,SEIAA,TOR Granted,GUJARAT,3(a) Metallurgical Industries (ferrous and non ferrous)
86,SIA/GJ/IND1/437432/2023,"Clearance Type: Application for ToR (Category A, B1, and B2 Violation)/EC (Category B2) - Form 1
S/W No.: SW/137246/2023
Category: B1
Sector: Industrial Projects - 1
Date of Submission:
20/07/2023",Shivam Steel Cast Pvt. Ltd,GUJARAT,SHIVAM STEELCAST PRIVATE LIMITED,SEIAA,EDS raised,GUJARAT,3(a) Metallurgical Industries (ferrous and non ferrous)
87,SIA/GJ/IND1/437381/2023,"Clearance Type: Application for ToR (Category A, B1, and B2 Violation)/EC (Category B2) - Form 1
S/W No.: SW/137182/2023
Category: B1
Sector: Industrial Projects - 1
Date of Submission:
20/07/2023",Nandeshwari Steel Ltd,GUJARAT,NANDESHWARI STEEL LIMITED,SEIAA,EDS raised,GUJARAT,3(a) Metallurgical Industries (ferrous and non ferrous)
88,SIA/GJ/IND1/437408/2023,"Clearance Type: Application for ToR (Category A, B1, and B2 Violation)/EC (Category B2) - Form 1
S/W No.: SW/137222/2023
Category: B1
Sector: Industrial Projects - 1
Date of Submission:
20/07/2023",Vishal Aluminium Pvt. Ltd,GUJARAT,VISHAL ALUMINIUM PRIVATE LIMITED,SEIAA,EDS raised,GUJARAT,3(a) Metallurgical Industries (ferrous and non ferrous)
89,SIA/GJ/IND1/437396/2023,"Clearance Type: Application for ToR (Category A, B1, and B2 Violation)/EC (Category B2) - Form 1
S/W No.: SW/137208/2023
Category: B1
Sector: Industrial Projects - 1
Date of Submission:
19/07/2023",Divine Tubes Pvt. Ltd,GUJARAT,DIVINE TUBES PRIVATE LIMITED,SEIAA,EDS raised,GUJARAT,3(a) Metallurgical Industries (ferrous and non ferrous)
90,SIA/GJ/IND1/437390/2023,"Clearance Type: Application for ToR (Category A, B1, and B2 Violation)/EC (Category B2) - Form 1
S/W No.: SW/137206/2023
Category: B1
Sector: Industrial Projects - 1
Date of Submission:
19/07/2023",M/S. Prem Conductors Pvt. Ltd.,GUJARAT,PREM CONDUCTORS PRIVATE LIMITED,SEIAA,EDS raised,GUJARAT,3(a) Metallurgical Industries (ferrous and non ferrous)
91,SIA/GJ/IND1/436308/2023,"Clearance Type: Application for ToR (Category A, B1, and B2 Violation)/EC (Category B2) - Form 1
S/W No.: SW/136056/2023
Category: B1
Sector: Industrial Projects - 1
Date of Submission:
19/07/2023",JAY JALARAM EXTRUSIONS,GUJARAT,JAY JALARAM EXTRUSIONS,SEIAA,EDS raised,GUJARAT,3(a) Metallurgical Industries (ferrous and non ferrous)
92,SIA/GJ/IND1/437357/2023,"Clearance Type: Application for ToR (Category A, B1, and B2 Violation)/EC (Category B2) - Form 1
S/W No.: SW/137179/2023
Category: B1
Sector: Industrial Projects - 1
Date of Submission:
19/07/2023",Environment Clearance for Existing Secondary Metallurgical Industry by M/s. Vivan Steels Pvt. Ltd.,GUJARAT,SAHIL PATEL,SEIAA,EDS raised,GUJARAT,3(a) Metallurgical Industries (ferrous and non ferrous)
93,SIA/GJ/IND1/436513/2023,"Clearance Type: Application for ToR (Category A, B1, and B2 Violation)/EC (Category B2) - Form 1
S/W No.: SW/136301/2023
Category: B1
Sector: Industrial Projects - 1
Date of Submission:
19/07/2023",ATLAS METAL INDUSTRIES PRIVATE LIMITED,GUJARAT,ATLAS METAL INDUSTRIES PRIVATE LIMITED,SEIAA,EDS raised,GUJARAT,3(a) Metallurgical Industries (ferrous and non ferrous)
94,SIA/GJ/IND1/437233/2023,"Clearance Type: Application for ToR (Category A, B1, and B2 Violation)/EC (Category B2) - Form 1
S/W No.: SW/137047/2023
Category: B1
Sector: Industrial Projects - 1
Date of Submission:
19/07/2023",Mangalam Worldwide Pvt. Ltd.,GUJARAT,MANGALAM WORLDWIDE LIMITED,SEIAA,EDS raised,GUJARAT,3(a) Metallurgical Industries (ferrous and non ferrous)
95,SIA/GJ/IND1/437073/2023,"Clearance Type: Application for ToR (Category A, B1, and B2 Violation)/EC (Category B2) - Form 1
S/W No.: SW/136888/2023
Category: B1
Sector: Industrial Projects - 1
Date of Submission:
19/07/2023",M/s. Narmda Concast Private Limited,GUJARAT,NARMADA CONCAST PRIVATE LIMITED,SEIAA,EDS raised,GUJARAT,3(a) Metallurgical Industries (ferrous and non ferrous)
96,SIA/GJ/IND1/437008/2023,"Clearance Type: Application for ToR (Category A, B1, and B2 Violation)/EC (Category B2) - Form 1
S/W No.: SW/136814/2023
Category: B1
Sector: Industrial Projects - 1
Date of Submission:
19/07/2023",M/s. HK Ispat Pvt. Ltd.,GUJARAT,HK ISPAT PRIVATE LIMITED,SEIAA,EDS raised,GUJARAT,3(a) Metallurgical Industries (ferrous and non ferrous)
97,SIA/GJ/IND1/437211/2023,"Clearance Type: Application for ToR (Category A, B1, and B2 Violation)/EC (Category B2) - Form 1
S/W No.: SW/137018/2023
Category: B1
Sector: Industrial Projects - 1
Date of Submission:
18/07/2023",B R Steel Industries,GUJARAT,B.R. STEEL INDUSTRIES,SEIAA,EDS raised,GUJARAT,3(a) Metallurgical Industries (ferrous and non ferrous)
98,SIA/GJ/IND1/437140/2023,"Clearance Type: Application for ToR (Category A, B1, and B2 Violation)/EC (Category B2) - Form 1
S/W No.: SW/136960/2023
Category: B1
Sector: Industrial Projects - 1
Date of Submission:
18/07/2023",Environment Clearance for Existing Secondary Metallurgical Industry by M/s. Agarwal TMT Industries Pvt. Ltd.,GUJARAT,AGARWAL TMT INDUSTRIES PRIVATE LIMITED,SEIAA,EDS raised,GUJARAT,3(a) Metallurgical Industries (ferrous and non ferrous)
99,SIA/GJ/IND1/437004/2023,"Clearance Type: Application for ToR (Category A, B1, and B2 Violation)/EC (Category B2) - Form 1
S/W No.: SW/136819/2023
Category: B1
Sector: Industrial Projects - 1
Date of Submission:
17/07/2023",Environment Clearance for Existing Secondary Metallurgical Industry by M/s. Aditya Ultra Steel Pvt. Ltd.,GUJARAT,ADITYA ULTRA STEEL LIMITED,SEIAA,EDS raised,GUJARAT,3(a) Metallurgical Industries (ferrous and non ferrous)
100,SIA/GJ/IND1/435594/2023,"Clearance Type: Application for ToR (Category A, B1, and B2 Violation)/EC (Category B2) - Form 1
S/W No.: SW/135346/2023
Category: B1
Sector: Industrial Projects - 1
Date of Submission:
12/07/2023","Regularization with expansion project by M/s. Minda Kosei Aluminum Wheel Pvt. Ltd. for manufacturing of Alloy Wheels located at Survey no. 98,123,125,126,1461,1463,1464,1465,1505, Village: Dekawada, Tal: Detroj, Dist: Ahmedabad, Gujarat-382120",GUJARAT,MINDA KOSEI ALUMINUM WHEEL PRIVATE LIMITED,SEIAA,TOR Granted,GUJARAT,3(a) Metallurgical Industries (ferrous and non ferrous)
101,SIA/GJ/IND1/436452/2023,"Clearance Type: Application for ToR (Category A, B1, and B2 Violation)/EC (Category B2) - Form 1
S/W No.: SW/136089/2023
Category: B1
Sector: Industrial Projects - 1
Date of Submission:
12/07/2023",Steefo Steels LLP,GUJARAT,STEEFO TMT PRIVATE LIMITED,SEIAA,TOR Granted,GUJARAT,3(a) Metallurgical Industries (ferrous and non ferrous)
102,SIA/GJ/IND1/435431/2023,"Clearance Type: Application for ToR (Category A, B1, and B2 Violation)/EC (Category B2) - Form 1
S/W No.: SW/135181/2023
Category: B1
Sector: Industrial Projects - 1
Date of Submission:
03/07/2023",M/s. Ashutosh Metal Private Limited (Unit II),GUJARAT,ASHUTOSH METAL PRIVATE LIMITED,SEIAA,TOR Granted,GUJARAT,3(a) Metallurgical Industries (ferrous and non ferrous)
103,SIA/GJ/IND1/435292/2023,"Clearance Type: Application for ToR (Category A, B1, and B2 Violation)/EC (Category B2) - Form 1
S/W No.: SW/135028/2023
Category: B1
Sector: Industrial Projects - 1
Date of Submission:
01/07/2023",M/s. Shree Shubh Laxmi Rolling Mill,GUJARAT,SHREE SHUBH LAXMI ROLLING MILL,SEIAA,TOR Granted,GUJARAT,3(a) Metallurgical Industries (ferrous and non ferrous)
104,SIA/GJ/IND1/434586/2023,"Clearance Type: Application for ToR (Category A, B1, and B2 Violation)/EC (Category B2) - Form 1
S/W No.: SW/134339/2023
Category: B1
Sector: Industrial Projects - 1
Date of Submission:
26/06/2023",M/s Madhusudan Specials Sections Pvt. Ltd. (Unit II),GUJARAT,SHYAM RAGHWANI,SEIAA,TOR Granted,GUJARAT,3(a) Metallurgical Industries (ferrous and non ferrous)
105,SIA/GJ/IND1/429559/2023,"Clearance Type: Application for EC (Category A, B1, and B2 Violation)- Form 1
S/W No.: SW/129466/2023
Category: B1
Sector: Industrial Projects - 1
Date of Submission:
24/06/2023","Regularization project of M/s. Mono Steel (India) Ltd of production facilities for Hot Rolling Mill-Steel product (TMT bar) with quantity of 112000 TPA in existing products Sponge Iron Plant (192000 TPA), Pig Iron Plant (66000 TPA), Steel Ingots/Billets (192000 TPA) and Captive Power Plant (18 MWH) located at Survey No. 375/1, 375/2, 374, 396/1, 397, 398, 376, 378/2, 377/1, 377/2 Paiki 2 &3, Vill: Dhamadaka, Ta. Anjar, Dist: Kutch.",GUJARAT,MONO STEEL INDIA LTD,SEIAA,EC Granted,GUJARAT,3(a) Metallurgical Industries (ferrous and non ferrous)
106,SIA/GJ/IND1/431853/2023,"Clearance Type: Application for EC (Category A, B1, and B2 Violation)- Form 1
S/W No.: SW/129982/2023
Category: B1
Sector: Industrial Projects - 1
Date of Submission:
08/06/2023",Expansion of Metallurgical Industry of M/s. Mangalam Alloys Ltd.,GUJARAT,MANGALAM ALLOYS LIMITED,SEIAA,EC Granted,GUJARAT,3(a) Metallurgical Industries (ferrous and non ferrous)
107,SIA/GJ/IND1/421939/2023,"Clearance Type: Application for ToR (Category A, B1, and B2 Violation)/EC (Category B2) - Form 1
S/W No.: SW/122360/2023
Category: B1
Sector: Industrial Projects - 1
Date of Submission:
03/06/2023",M/s. Ratnesh Metal Industries Pvt Ltd,GUJARAT,RATNESH METAL INDUSTRIES PRIVATE LIMITED,SEIAA,TOR Granted,GUJARAT,3(a) Metallurgical Industries (ferrous and non ferrous)
108,SIA/GJ/IND1/428643/2023,"Clearance Type: Application for ToR (Category A, B1, and B2 Violation)/EC (Category B2) - Form 1
S/W No.: SW/128577/2023
Category: B1
Sector: Industrial Projects - 1
Date of Submission:
02/06/2023",Proposed expansion of secondary Metallurgical project by Shri Raghuvir Steel Private Limited,GUJARAT,SHRI RAGHUVIR STEEL PRIVATE LIMITED,SEIAA,TOR Granted,GUJARAT,3(a) Metallurgical Industries (ferrous and non ferrous)
109,SIA/GJ/IND1/431688/2023,"Clearance Type: Application for EC (Category A, B1, and B2 Violation)- Form 1
S/W No.: SW/129188/2023
Category: B1
Sector: Industrial Projects - 1
Date of Submission:
01/06/2023","Proposed Expansion Project of Secondary Metallurgical unit of M/s. Ratnashri Aluminium Pvt. Ltd., located at Survey Nos. 1221 + 1219, B/h, Madhu Textiles, Before Nandasan cross road, Rajpur, Ta: Kadi, Dist. Mehsana, Gujarat.",GUJARAT,RATNASHRI ALUMINIUM PVT. LTD.,SEIAA,EC Granted,GUJARAT,3(a) Metallurgical Industries (ferrous and non ferrous)
110,SIA/GJ/IND1/424923/2023,"Clearance Type: Application for ToR (Category A, B1, and B2 Violation)/EC (Category B2) - Form 1
S/W No.: SW/125073/2023
Category: B1
Sector: Industrial Projects - 1
Date of Submission:
24/05/2023",M/s.. Royal Strips Pvt Ltd-Application for obtaining ToR for regularization of Existing Manufacturing unit of Steel Rolling Mill as new project.,GUJARAT,ROYAL STRIPS PRIVATE LIMITED,SEIAA,TOR Granted,GUJARAT,3(a) Metallurgical Industries (ferrous and non ferrous)
111,SIA/GJ/IND1/428621/2023,"Clearance Type: Application for ToR (Category A, B1, and B2 Violation)/EC (Category B2) - Form 1
S/W No.: SW/128572/2023
Category: B1
Sector: Industrial Projects - 1
Date of Submission:
23/05/2023",Shree laxmi Metal,GUJARAT,SHREE LAXMI METAL,SEIAA,TOR Granted,GUJARAT,3(a) Metallurgical Industries (ferrous and non ferrous)
112,SIA/GJ/IND1/427567/2023,"Clearance Type: Application for ToR (Category A, B1, and B2 Violation)/EC (Category B2) - Form 1
S/W No.: SW/127494/2023
Category: B1
Sector: Industrial Projects - 1
Date of Submission:
17/05/2023",Recall Alloys,GUJARAT,RECALL ALLOYS,SEIAA,TOR Granted,GUJARAT,3(a) Metallurgical Industries (ferrous and non ferrous)
113,SIA/GJ/IND1/427532/2023,"Clearance Type: Application for EC (Category A, B1, and B2 Violation)- Form 1
S/W No.: SW/122552/2023
Category: B1
Sector: Industrial Projects - 1
Date of Submission:
16/05/2023",Proposed Expansion of Secondary Metallurgy Plant (Alloy wheels Manufacturing unit)of M/s. Steel Strips Wheels Ltd,GUJARAT,M/S STEEL STRIPS WHEELS LTD,SEIAA,EC Granted,GUJARAT,3(a) Metallurgical Industries (ferrous and non ferrous)
114,SIA/GJ/IND1/428689/2023,"Clearance Type: Application for ToR (Category A, B1, and B2 Violation)/EC (Category B2) - Form 1
S/W No.: SW/128644/2023
Category: B1
Sector: Industrial Projects - 1
Date of Submission:
09/05/2023",Umiya Steel Industries,GUJARAT,UMIYA STEEL INDUSTRIES,SEIAA,TOR Granted,GUJARAT,3(a) Metallurgical Industries (ferrous and non ferrous)
115,SIA/GJ/IND1/428541/2023,"Clearance Type: Application for ToR (Category A, B1, and B2 Violation)/EC (Category B2) - Form 1
S/W No.: SW/128492/2023
Category: B1
Sector: Industrial Projects - 1
Date of Submission:
08/05/2023",M/s. Rotec Steel Industries,GUJARAT,ROTEC STEEL INDUSTRIES,SEIAA,TOR Granted,GUJARAT,3(a) Metallurgical Industries (ferrous and non ferrous)
116,SIA/GJ/IND1/428495/2023,"Clearance Type: Application for ToR (Category A, B1, and B2 Violation)/EC (Category B2) - Form 1
S/W No.: SW/128407/2023
Category: B1
Sector: Industrial Projects - 1
Date of Submission:
08/05/2023",M/s. Phoenix Foils Pvt. Ltd.,GUJARAT,M/S.PHOENIX FOILS PVT. LTD.,SEIAA,TOR GRANTED,GUJARAT,3(a) Metallurgical Industries (ferrous and non ferrous)
117,SIA/GJ/IND1/428369/2023,"Clearance Type: Application for ToR (Category A, B1, and B2 Violation)/EC (Category B2) - Form 1
S/W No.: SW/128314/2023
Category: B1
Sector: Industrial Projects - 1
Date of Submission:
06/05/2023",Chandanpani Pvt Ltd,GUJARAT,CHANDANPANI PRIVATE LIMITED,SEIAA,TOR Granted,GUJARAT,3(a) Metallurgical Industries (ferrous and non ferrous)
118,SIA/GJ/IND1/413130/2023,"Clearance Type: Application for ToR (Category A, B1, and B2 Violation)/EC (Category B2) - Form 1
S/W No.: SW/114144/2023
Category: B1
Sector: Industrial Projects - 1
Date of Submission:
03/05/2023",Maruti Steel Re Rolling Mill,GUJARAT,MARUTI STEEL RE-ROLLING MILLS,SEIAA,TOR Granted,GUJARAT,3(a) Metallurgical Industries (ferrous and non ferrous)
119,SIA/GJ/IND1/413686/2023,"Clearance Type: Application for ToR (Category A, B1, and B2 Violation)/EC (Category B2) - Form 1
S/W No.: SW/107816/2022
Category: B1
Sector: Industrial Projects - 1
Date of Submission:
26/04/2023",JSW Steel Limited,GUJARAT,JSW STEEL LIMITED,SEIAA,TOR Granted,GUJARAT,3(a) Metallurgical Industries (ferrous and non ferrous)
120,SIA/GJ/IND1/424143/2023,"Clearance Type: Application for ToR (Category A, B1, and B2 Violation)/EC (Category B2) - Form 1
S/W No.: SW/124311/2023
Category: B1
Sector: Industrial Projects - 1
Date of Submission:
24/04/2023",Existing Cold Rolling unit of M/s. Chromeni Steels Private Limited,GUJARAT,CHROMENI STEELS LIMITED,SEIAA,TOR GRANTED,GUJARAT,3(a) Metallurgical Industries (ferrous and non ferrous)
121,SIA/GJ/IND1/422089/2023,"Clearance Type: Application for ToR (Category A, B1, and B2 Violation)/EC (Category B2) - Form 1
S/W No.: SW/122483/2023
Category: B1
Sector: Industrial Projects - 1
Date of Submission:
13/04/2023",M/s. Metronox Private Limited,GUJARAT,METRONOX PRIVATE LIMITED,SEIAA,TOR Granted,GUJARAT,3(a) Metallurgical Industries (ferrous and non ferrous)
122,SIA/GJ/IND1/422971/2023,"Clearance Type: Application for ToR (Category A, B1, and B2 Violation)/EC (Category B2) - Form 1
S/W No.: SW/123213/2023
Category: B1
Sector: Industrial Projects - 1
Date of Submission:
07/04/2023",M/s. Rathod Industries - Application for ToR for Existing Manufacturing unit of Steel Rolling Mill for regularization of the existing manufacturing activities,GUJARAT,RATHOD INDUSTRIES,SEIAA,TOR Granted,GUJARAT,3(a) Metallurgical Industries (ferrous and non ferrous)
123,SIA/GJ/IND1/421714/2023,"Clearance Type: Application for ToR (Category A, B1, and B2 Violation)/EC (Category B2) - Form 1
S/W No.: SW/122191/2023
Category: B1
Sector: Industrial Projects - 1
Date of Submission:
01/04/2023","Environment Clearance for Manufacturing of Copper Tubes, wires & rod at Plot No. 187/P & 187/P/1/B/2, 187/P & 187/P/1/B/3, 187/P & 187/P/1/B/4, 187/P & 187/P/1/B/5 & 187/P & 187/P/1/B/6, Waghodia GIDC, Village and Taluka: Waghodia, District: Vadodara, Gujarat.",GUJARAT,CHINTAMANI KULKARNI,SEIAA,TOR Granted,GUJARAT,3(a) Metallurgical Industries (ferrous and non ferrous)
124,SIA/GJ/IND1/423060/2023,"Clearance Type: Application for ToR (Category A, B1, and B2 Violation)/EC (Category B2) - Form 1
S/W No.: SW/123343/2023
Category: B1
Sector: Industrial Projects - 1
Date of Submission:
23/03/2023",M/s. Sunrise Stainless Pvt. Ltd.,GUJARAT,SUNRISE STAINLESS PRIVATE LIMITED,SEIAA,TOR GRANTED,GUJARAT,3(a) Metallurgical Industries (ferrous and non ferrous)
125,SIA/GJ/IND1/422190/2023,"Clearance Type: Application for ToR (Category A, B1, and B2 Violation)/EC (Category B2) - Form 1
S/W No.: SW/122561/2023
Category: B1
Sector: Industrial Projects - 1
Date of Submission:
20/03/2023",M/s. A. B. Rolling Mills Pvt. Ltd. - Application for ToR for Existing Manufacturing unit of Steel Rolling Mill for regularization of the existing manufacturing activities,GUJARAT,A B ROLLING MILLS PRIVATE LIMITED,SEIAA,TOR Granted,GUJARAT,3(a) Metallurgical Industries (ferrous and non ferrous)
126,SIA/GJ/IND1/422181/2023,"Clearance Type: Application for ToR (Category A, B1, and B2 Violation)/EC (Category B2) - Form 1
S/W No.: SW/122549/2023
Category: B1
Sector: Industrial Projects - 1
Date of Submission:
16/03/2023",M/s. Raajratna Metal Industries Ltd. (Unit-II),GUJARAT,RAAJRATNA METAL INDUSTRIES LIMITED,SEIAA,TOR GRANTED,GUJARAT,3(a) Metallurgical Industries (ferrous and non ferrous)
127,SIA/GJ/IND1/418680/2023,"Clearance Type: Application for ToR (Category A, B1, and B2 Violation)/EC (Category B2) - Form 1
S/W No.: SW/119391/2023
Category: B1
Sector: Industrial Projects - 1
Date of Submission:
06/03/2023",Proposed Expansion of Pipes and Tubes Manufacturing Unit of M/s. Venus Pipes and Tubes Limited,GUJARAT,VENUS PIPES & TUBES LIMITED,SEIAA,TOR Granted,GUJARAT,3(a) Metallurgical Industries (ferrous and non ferrous)
128,SIA/GJ/IND1/417865/2023,"Clearance Type: Application for ToR (Category A, B1, and B2 Violation)/EC (Category B2) - Form 1
S/W No.: SW/118637/2023
Category: B1
Sector: Industrial Projects - 1
Date of Submission:
06/03/2023",RAMA CYLINDERS PVT LTD,GUJARAT,RAMA CYLINDERS PRIVATE LIMITED,SEIAA,TOR Granted,GUJARAT,3(a) Metallurgical Industries (ferrous and non ferrous)
129,SIA/GJ/IND1/420510/2023,"Clearance Type: Application for ToR (Category A, B1, and B2 Violation)/EC (Category B2) - Form 1
S/W No.: SW/121067/2023
Category: B1
Sector: Industrial Projects - 1
Date of Submission:
02/03/2023",Akshar Rolling Mills LLP,GUJARAT,AKSHAR ROLLING MILLS LLP,SEIAA,TOR GRANTED,GUJARAT,3(a) Metallurgical Industries (ferrous and non ferrous)
130,SIA/GJ/IND1/406652/2022,"Clearance Type: Application for ToR (Category A, B1, and B2 Violation)/EC (Category B2) - Form 1
S/W No.: SW/107989/2022
Category: B1
Sector: Industrial Projects - 1
Date of Submission:
02/03/2023","Environment Clearance of Copper rod and Copper Wire Manufacturing Unit in Survey No 21, Village Asoj, Vadodara-Halol Highway, Taluka Waghodia, Vadodara, Gujarat, India.",GUJARAT,BIRLA COPPER ASOJ PRIVATE LIMITED,SEIAA,TOR Granted,GUJARAT,3(a) Metallurgical Industries (ferrous and non ferrous)
131,SIA/GJ/IND1/419722/2023,"Clearance Type: Application for ToR (Category A, B1, and B2 Violation)/EC (Category B2) - Form 1
S/W No.: SW/120386/2023
Category: B1
Sector: Industrial Projects - 1
Date of Submission:
24/02/2023",Maheshwar Steel & Metals (Unit 2),GUJARAT,MAHESHWAR STEEL & METALS,SEIAA,TOR GRANTED,GUJARAT,3(a) Metallurgical Industries (ferrous and non ferrous)
132,SIA/GJ/IND1/419671/2023,"Clearance Type: Application for ToR (Category A, B1, and B2 Violation)/EC (Category B2) - Form 1
S/W No.: SW/120331/2023
Category: B1
Sector: Industrial Projects - 1
Date of Submission:
24/02/2023",Maheshwar Steel Rolling Mills (Unit 1),GUJARAT,MAHESHVAR STEEL ROLLING M ILL,SEIAA,TOR GRANTED,GUJARAT,3(a) Metallurgical Industries (ferrous and non ferrous)
133,SIA/GJ/IND1/412311/2022,"Clearance Type: Application for ToR (Category A, B1, and B2 Violation)/EC (Category B2) - Form 1
S/W No.: SW/108344/2022
Category: B1
Sector: Industrial Projects - 1
Date of Submission:
24/02/2023",M/s. Delta Steel Re Rolling Millls,GUJARAT,DELTA STEEL RE ROLLING MILLS,SEIAA,TOR Granted,GUJARAT,3(a) Metallurgical Industries (ferrous and non ferrous)
134,SIA/GJ/IND1/412535/2023,"Clearance Type: Application for ToR (Category A, B1, and B2 Violation)/EC (Category B2) - Form 1
S/W No.: SW/111649/2022
Category: B1
Sector: Industrial Projects - 1
Date of Submission:
23/02/2023",Ujaval Alloys,GUJARAT,UJAVAL ALLOYS,SEIAA,TOR Granted,GUJARAT,3(a) Metallurgical Industries (ferrous and non ferrous)
135,SIA/GJ/IND1/412761/2023,"Clearance Type: Application for ToR (Category A, B1, and B2 Violation)/EC (Category B2) - Form 1
S/W No.: SW/107795/2022
Category: B1
Sector: Industrial Projects - 1
Date of Submission:
23/02/2023",M/s. Radhe Industries,GUJARAT,RADHE INDUSTRIES,SEIAA,TOR Granted,GUJARAT,3(a) Metallurgical Industries (ferrous and non ferrous)
136,SIA/GJ/IND1/415342/2023,"Clearance Type: Application for ToR (Category A, B1, and B2 Violation)/EC (Category B2) - Form 1
S/W No.: SW/116125/2023
Category: B2
Sector: Industrial Projects - 1
Date of Submission:
21/02/2023",Ferrous Casting (Foundry & Machining) Unit with 45000 MTA capacity,GUJARAT,MUNJAL KIRIU INDUSTRIES PRIVATE LIMITED,SEIAA,EC Granted,GUJARAT,3(a) Metallurgical Industries (ferrous and non ferrous)
137,SIA/GJ/IND1/418421/2023,"Clearance Type: Application for ToR (Category A, B1, and B2 Violation)/EC (Category B2) - Form 1
S/W No.: SW/119009/2023
Category: B1
Sector: Industrial Projects - 1
Date of Submission:
15/02/2023",Sun Mark Stainless Pvt. Ltd.,GUJARAT,SUN MARK STAINLESS PRIVATE LIMITED,SEIAA,TOR Granted,GUJARAT,3(a) Metallurgical Industries (ferrous and non ferrous)
138,SIA/GJ/IND1/417417/2023,"Clearance Type: Application for EC (Category A, B1, and B2 Violation)- Form 1
S/W No.: SW/104056/2022
Category: B1
Sector: Industrial Projects - 1
Date of Submission:
08/02/2023",Rashtriya Metal Industries Limited,GUJARAT,RASHTRIYA METAL INDUSTRIES LIMITED,SEIAA,EC Granted,GUJARAT,3(a) Metallurgical Industries (ferrous and non ferrous)
139,SIA/GJ/IND1/415999/2023,"Clearance Type: Application for ToR (Category A, B1, and B2 Violation)/EC (Category B2) - Form 1
S/W No.: SW/116896/2023
Category: B1
Sector: Industrial Projects - 1
Date of Submission:
27/01/2023",Akshar Ispat Limited,GUJARAT,AKSHAR ISPAT LIMITED,SEIAA,TOR GRANTED,GUJARAT,3(a) Metallurgical Industries (ferrous and non ferrous)
140,SIA/GJ/IND1/412710/2023,"Clearance Type: Application for ToR (Category A, B1, and B2 Violation)/EC (Category B2) - Form 1
S/W No.: SW/113534/2022
Category: B1
Sector: Industrial Projects - 1
Date of Submission:
23/01/2023",M/s. Shakti Metals,GUJARAT,SHAKTI METALS,SEIAA,TOR GRANTED,GUJARAT,3(a) Metallurgical Industries (ferrous and non ferrous)
141,SIA/GJ/IND1/412660/2023,"Clearance Type: Application for ToR (Category A, B1, and B2 Violation)/EC (Category B2) - Form 1
S/W No.: SW/113491/2022
Category: B1
Sector: Industrial Projects - 1
Date of Submission:
23/01/2023",M/s. Pragati Steel Industries,GUJARAT,PRAGATI STEEL INDUSTRIES,SEIAA,TOR GRANTED,GUJARAT,3(a) Metallurgical Industries (ferrous and non ferrous)
142,SIA/GJ/IND1/412635/2023,"Clearance Type: Application for ToR (Category A, B1, and B2 Violation)/EC (Category B2) - Form 1
S/W No.: SW/113304/2022
Category: B1
Sector: Industrial Projects - 1
Date of Submission:
23/01/2023",Iskcon Metal,GUJARAT,ISKCON METALS,SEIAA,TOR GRANTED,GUJARAT,3(a) Metallurgical Industries (ferrous and non ferrous)
143,SIA/GJ/IND1/412452/2023,"Clearance Type: Application for ToR (Category A, B1, and B2 Violation)/EC (Category B2) - Form 1
S/W No.: SW/113293/2022
Category: B1
Sector: Industrial Projects - 1
Date of Submission:
23/01/2023",Sun Steel Rolling Mill,GUJARAT,SUN STEEL ROLLING MILL,SEIAA,TOR GRANTED,GUJARAT,3(a) Metallurgical Industries (ferrous and non ferrous)
144,SIA/GJ/IND1/412317/2023,"Clearance Type: Application for ToR (Category A, B1, and B2 Violation)/EC (Category B2) - Form 1
S/W No.: SW/113098/2022
Category: B1
Sector: Industrial Projects - 1
Date of Submission:
23/01/2023",Ganesh Steel Re-Rolling Mills Pvt Ltd.,GUJARAT,GANESH STEEL RE-ROLLING MILLS PRIVATE LIMITED,SEIAA,TOR GRANTED,GUJARAT,3(a) Metallurgical Industries (ferrous and non ferrous)
145,SIA/GJ/IND1/413994/2023,"Clearance Type: Application for EC (Category A, B1, and B2 Violation)- Form 1
S/W No.: SW/114848/2023
Category: B1
Sector: Industrial Projects - 1
Date of Submission:
12/01/2023",Proposed expansion of Metallurgical Industry(ferrous) (TMT Steel Bars) by M/s. Ajay Steel,GUJARAT,AJAY STEEL,SEIAA,EC Granted,GUJARAT,3(a) Metallurgical Industries (ferrous and non ferrous)
146,SIA/GJ/IND1/400931/2022,"Clearance Type: Application for EC (Category A, B1, and B2 Violation)- Form 1
S/W No.: SW/101936/2022
Category: B1
Sector: Industrial Projects - 1
Date of Submission:
01/12/2022",M/s. Panchratan Steels Pvt. Ltd.,GUJARAT,M/S. PANCHRATAN STEELS PVT. LTD.,SEIAA,EC Granted,GUJARAT,3(a) Metallurgical Industries (ferrous and non ferrous)
147,SIA/GJ/IND1/407593/2022,"Clearance Type: Application for ToR (Category A, B1, and B2 Violation)/EC (Category B2) - Form 1
S/W No.: SW/108796/2022
Category: B1
Sector: Industrial Projects - 1
Date of Submission:
26/11/2022",M/s. Shree Shakti Metal Rolling Mill,GUJARAT,SHREE SHAKTI METAL ROLLING MILL,SEIAA,TOR GRANTED,GUJARAT,3(a) Metallurgical Industries (ferrous and non ferrous)
148,SIA/GJ/IND1/407758/2022,"Clearance Type: Application for ToR (Category A, B1, and B2 Violation)/EC (Category B2) - Form 1
S/W No.: SW/108992/2022
Category: B1
Sector: Industrial Projects - 1
Date of Submission:
24/11/2022",M/s. Veer Metal Industries Pvt. Ltd. - Application for ToR for Existing Manufacturing unit of Steel Rolling Mill,GUJARAT,VEER METAL INDUSTRIES PRIVATE LIMITED,SEIAA,TOR GRANTED,GUJARAT,3(a) Metallurgical Industries (ferrous and non ferrous)
149,SIA/GJ/IND1/406201/2022,"Clearance Type: Application for ToR (Category A, B1, and B2 Violation)/EC (Category B2) - Form 1
S/W No.: SW/107593/2022
Category: B1
Sector: Industrial Projects - 1
Date of Submission:
12/11/2022",Environment Clearance for Existing Steel Rolling Mill,GUJARAT,CHANDAN STEEL LIMITED,SEIAA,TOR GRANTED,GUJARAT,3(a) Metallurgical Industries (ferrous and non ferrous)
150,SIA/GJ/IND1/406241/2022,"Clearance Type: Application for ToR (Category A, B1, and B2 Violation)/EC (Category B2) - Form 1
S/W No.: SW/107613/2022
Category: B1
Sector: Industrial Projects - 1
Date of Submission:
12/11/2022",SHREE BALRAM ROLLING MILLS PVT LTD,GUJARAT,SHREE BALRAM ROLLING MILLS PRIVATE LIMITED,SEIAA,TOR GRANTED,GUJARAT,3(a) Metallurgical Industries (ferrous and non ferrous)
151,SIA/GJ/IND1/400743/2022,"Clearance Type: Application for ToR (Category A, B1, and B2 Violation)/EC (Category B2) - Form 1
S/W No.: SW/102322/2022
Category: B1
Sector: Industrial Projects - 1
Date of Submission:
11/11/2022",M/s. Metronox Private Limited,GUJARAT,METRONOX PRIVATE LIMITED,SEIAA,TOR GRANTED,GUJARAT,3(a) Metallurgical Industries (ferrous and non ferrous)
152,SIA/GJ/IND1/406034/2022,"Clearance Type: Application for ToR (Category A, B1, and B2 Violation)/EC (Category B2) - Form 1
S/W No.: SW/107441/2022
Category: B1
Sector: Industrial Projects - 1
Date of Submission:
11/11/2022",GANDHI SPECIAL TUBES LTD,GUJARAT,GANDHI SPECIAL TUBES LIMITED,SEIAA,TOR GRANTED,GUJARAT,3(a) Metallurgical Industries (ferrous and non ferrous)
153,SIA/GJ/IND1/404882/2022,"Clearance Type: Application for ToR (Category A, B1, and B2 Violation)/EC (Category B2) - Form 1
S/W No.: SW/106364/2022
Category: B1
Sector: Industrial Projects - 1
Date of Submission:
03/11/2022",Heavy Metal and Tubes (India) Pvt. Ltd.,GUJARAT,HEAVY METAL AND TUBES (INDIA) PRIVATE LIMITED,SEIAA,TOR Granted,GUJARAT,3(a) Metallurgical Industries (ferrous and non ferrous)
154,SIA/GJ/IND1/403085/2022,"Clearance Type: Application for ToR (Category A, B1, and B2 Violation)/EC (Category B2) - Form 1
S/W No.: SW/104730/2022
Category: B1
Sector: Industrial Projects - 1
Date of Submission:
14/10/2022",Environment Clearance for Existing Secondary Metallurgical Industry by M/s. Steelcast Limited,GUJARAT,STEELCAST LIMITED,SEIAA,TOR Granted,GUJARAT,3(a) Metallurgical Industries (ferrous and non ferrous)
155,SIA/GJ/IND1/402503/2022,"Clearance Type: Application for ToR (Category A, B1, and B2 Violation)/EC (Category B2) - Form 1
S/W No.: SW/104056/2022
Category: B1
Sector: Industrial Projects - 1
Date of Submission:
10/10/2022",Rashtriya Metal Industries Limited,GUJARAT,RASHTRIYA METAL INDUSTRIES LIMITED,SEIAA,TOR GRANTED,GUJARAT,3(a) Metallurgical Industries (ferrous and non ferrous)
156,SIA/GJ/IND1/400288/2022,"Clearance Type: Application for ToR (Category A, B1, and B2 Violation)/EC (Category B2) - Form 1
S/W No.: SW/101211/2022
Category: B1
Sector: Industrial Projects - 1
Date of Submission:
01/10/2022",Blue Star Industries,GUJARAT,CHANDRAKANT GADA,SEIAA,TOR GRANTED,GUJARAT,3(a) Metallurgical Industries (ferrous and non ferrous)
1,SIA/GJ/IND1/582072/2026,"Clearance Type: Application for Transfer of EC- Form-7
S/W No.: SW/286726/2026
Category: B1
Sector: Industrial Projects - 1
Date of Submission:
19/06/2026","Transfer of Environmental Clearance granted to Sanghi Industries Limited for setting up of stand-alone Cement Grinding Unit at Survey No. 125/1, 125/2 and 126/1+2+3, Vill.: Shivrampur, Ta.: Choryasi, Dist.: Surat in favour of Ambuja Cements Ltd.",GUJARAT,Ambuja Cements Limited,SEIAA,Under Verification,GUJARAT,3(b) Cement plants
2,SIA/GJ/IND1/567405/2026,"Clearance Type: Application for EC (Category A, B1, and B2 Violation)- Form 1
S/W No.: SW/234926/2025
Category: B1
Sector: Industrial Projects - 1
Date of Submission:
17/03/2026","Proposed Standalone Grinding Unit for Cement Production Capacity of 6.0 Million TPA (2 x 3 Million TPA)” within the port limit of Adani Hazira Port Limited (AHPL) at Village: Hazira Taluka: Chorasi, District: Surat, Gujarat by M/s. Ambuja Concrete North Private Limited.",GUJARAT,AMBUJA CONCRETE NORTH PRIVATE LIMITED,SEIAA,EC Granted,GUJARAT,3(b) Cement plants
3,SIA/GJ/IND1/564059/2026,"Clearance Type: Application for ToR (Category A, B1, and B2 Violation)/EC (Category B2) - Form 1
S/W No.: SW/271042/2026
Category: B2
Sector: Industrial Projects - 1
Date of Submission:
23/01/2026","Proposed Standalone Grinding Unit with Cement Production Capacity of 5.0 Million TPA (2 x 2.5 Million TPA) at Mundra Industrial Area, Taluka: Mundra, District: Kachchh, Gujarat by M/s. Ambuja Concrete North Private Limited",GUJARAT,AMBUJA CONCRETE NORTH PRIVATE LIMITED,SEIAA,EC Granted,GUJARAT,3(b) Cement plants
4,SIA/GJ/IND1/560615/2025,"Clearance Type: Application for Amendment in EC- Form-4
S/W No.: SW/114841/2023
Category: B1
Sector: Industrial Projects - 1
Date of Submission:
04/12/2025",Proposed expansion of Stand Alone Cement Manufacturing (Clinker Grinding) Unit from 1.5 MMTPA to 3.0 MMTPA by M/s. JK Lakshmi Cement Limited,GUJARAT,JK LAKSHMI CEMENT LTD,SEIAA,EC Granted,GUJARAT,3(b) Cement plants
5,SIA/GJ/IND1/553806/2025,"Clearance Type: Application for ToR (Category A, B1, and B2 Violation)/EC (Category B2) - Form 1
S/W No.: SW/261919/2025
Category: B1
Sector: Industrial Projects - 1
Date of Submission:
11/11/2025","Expansion of Cement Production Capacity (3.0 Million TPA to 6.5 Million TPA) of Existing Grinding unit by installation of New Line - II (3.5 Million TPA) at Village: Sangol, Post: Sonipur, District: Kheda (Gujarat) by M/s. UltraTech Cement Ltd. (Unit: Wanakbori Cement Works)",GUJARAT,UltraTech Cement Limited,SEIAA,ToR Granted,GUJARAT,3(b) Cement plants
6,SIA/GJ/IND1/555065/2025,"Clearance Type: Application for ToR (Category A, B1, and B2 Violation)/EC (Category B2) - Form 1
S/W No.: SW/262933/2025
Category: B1
Sector: Industrial Projects - 1
Date of Submission:
05/11/2025",NILKANTH INDUSTRIES,GUJARAT,nilkanth industries,SEIAA,ADS Raised,GUJARAT,3(b) Cement plants
7,SIA/GJ/IND1/553300/2025,"Clearance Type: Application for Amendment in EC- Form-4
S/W No.: SW/259441/2025
Category: B1
Sector: Industrial Projects - 1
Date of Submission:
27/09/2025","Proposed Clinker Grinding Unit with Cement Production Capacity of 4.0 MTPA, DG Set 6.5 MW along with Railway Siding at Village: Tulsigam, Tehsil: Desar, District: Vadodara (Gujarat) by M/s. Wonder Cement Limited",GUJARAT,WONDER CEMENT LIMITED,SEIAA,EC Granted,GUJARAT,3(b) Cement plants
8,SIA/GJ/IND1/549551/2025,"Clearance Type: Application for ToR (Category A, B1, and B2 Violation)/EC (Category B2) - Form 1
S/W No.: SW/258152/2025
Category: B1
Sector: Industrial Projects - 1
Date of Submission:
13/09/2025",M/s. Seen Industries,GUJARAT,shabirhusain fakirmamad manjothi,SEIAA,ToR Granted,GUJARAT,3(b) Cement plants
9,SIA/GJ/IND1/534476/2025,"Clearance Type: Application for ToR (Category A, B1, and B2 Violation)/EC (Category B2) - Form 1
S/W No.: SW/244033/2025
Category: B1
Sector: Industrial Projects - 1
Date of Submission:
02/06/2025","Establishment of Standalone Grinding Unit for manufacturing of Cement at Village: Tulsigam, Tehsil: Desar, District- Vadodara, Gujarat by M/s Dalmia (Bharat) Green Vision Ltd.",GUJARAT,DALMIA BHARAT GREEN VISION LIMITED,SEIAA,"DELISTED BY SYSTEM
(at : 07/07/2026)",GUJARAT,3(b) Cement plants
10,SIA/GJ/IND1/532778/2025,"Clearance Type: Application for Transfer of EC- Form-7
S/W No.: SW/240804/2025
Category: B2
Sector: Industrial Projects - 1
Date of Submission:
08/04/2025",AVI CEMENT LIMITED,GUJARAT,AVI CEMENT LIMITED,SEIAA,Proposal returned in present form,GUJARAT,3(b) Cement plants
11,SIA/GJ/IND1/528250/2025,"Clearance Type: Application for Transfer of EC- Form-7
S/W No.: SW/129659/2023
Category: B1
Sector: Industrial Projects - 1
Date of Submission:
08/03/2025",Expansion in existing cement (clinker and grinding) manufacturing unit of M/s. PMC CEMENT PVT. LTD.,GUJARAT,PMC CEMENT PRIVATE LIMITED,SEIAA,EC Granted,GUJARAT,3(b) Cement plants
12,SIA/GJ/IND1/516293/2024,"Clearance Type: Application for ToR (Category A, B1, and B2 Violation)/EC (Category B2) - Form 1
S/W No.: SW/227865/2024
Category: B2
Sector: Industrial Projects - 1
Date of Submission:
01/03/2025",Rikin Enterprise Private Limited,GUJARAT,RIKIN ENTERPRISE PRIVATE LIMITED,SEIAA,EC Granted,GUJARAT,3(b) Cement plants
13,SIA/GJ/IND1/523887/2025,"Clearance Type: Application for ToR (Category A, B1, and B2 Violation)/EC (Category B2) - Form 1
S/W No.: SW/234926/2025
Category: B1
Sector: Industrial Projects - 1
Date of Submission:
28/02/2025","Proposed Standalone Grinding Unit for Cement Production Capacity of 6.0 Million TPA (2 x 3 Million TPA)” within the port limit of Adani Hazira Port Limited (AHPL) at Village: Hazira Taluka: Chorasi, District: Surat, Gujarat by M/s. Ambuja Concrete North Private Limited.",GUJARAT,AMBUJA CONCRETE NORTH PRIVATE LIMITED,SEIAA,ToR Granted,GUJARAT,3(b) Cement plants
14,SIA/GJ/IND1/516476/2024,"Clearance Type: Application for ToR (Category A, B1, and B2 Violation)/EC (Category B2) - Form 1
S/W No.: SW/228047/2024
Category: B1
Sector: Industrial Projects - 1
Date of Submission:
04/01/2025","Proposed Standalone Grinding Unit with Cement Production Capacity of 5.0 Million TPA (2 x 2.5 Million TPA) at Mundra Industrial Area, Taluka: Mundra, District: Kachchh, Gujarat by M/s. Ambuja Concrete North Private Limited",GUJARAT,AMBUJA CONCRETE NORTH PRIVATE LIMITED,SEIAA,ToR Granted,GUJARAT,3(b) Cement plants
15,SIA/GJ/IND1/462747/2024,"Clearance Type: Application for Amendment in EC- Form-4
S/W No.: SW/171889/2024
Category: B1
Sector: Industrial Projects - 1
Date of Submission:
23/11/2024",Midland Concrete Pvt. Ltd.,GUJARAT,MIDLAND CONCRETE PRIVATE LIMITED,SEIAA,EC Granted,GUJARAT,3(b) Cement plants
16,SIA/GJ/IND1/499911/2024,"Clearance Type: Application for EC (Category A, B1, and B2 Violation)- Form 1
S/W No.: SW/170177/2024
Category: B1
Sector: Industrial Projects - 1
Date of Submission:
15/10/2024","Environment clearance of M/s. Almega coatings Private Limited for White Cement by Grinding White Clinker at Halol Maswad Industrial Estate, Panchmahal, Gujarat.",GUJARAT,ALMEGA COATINGS PRIVATE LIMITED,SEIAA,EC Granted,GUJARAT,3(b) Cement plants
17,SIA/GJ/IND1/489738/2024,"Clearance Type: Application for Transfer of EC- Form-7
S/W No.: SW/179673/2024
Category: B1
Sector: Industrial Projects - 1
Date of Submission:
01/08/2024",AMUL CEMENT INDUSTRIES,GUJARAT,AMUL CEMENT INDUSTRIES,SEIAA,Proposal returned in present form,GUJARAT,3(b) Cement plants
18,SIA/GJ/IND1/460310/2024,"Clearance Type: Application for Corrigendum Form-13
S/W No.: SW/118250/2023
Category: B1
Sector: Industrial Projects - 1
Date of Submission:
22/04/2024",Expansion and Amendment in Existing Cement Grinding Project of M/s. Tapee Cement Industries,GUJARAT,TAPEE CEMENT INDUSTRIES,SEIAA,EC Granted,GUJARAT,3(b) Cement plants
19,SIA/GJ/IND1/455819/2023,"Clearance Type: Application for EC (Category A, B1, and B2 Violation)- Form 1
S/W No.: SW/154585/2023
Category: B1
Sector: Industrial Projects - 1
Date of Submission:
01/04/2024",M/S. Fibertech Cement India LLP,GUJARAT,FIBERTECH CEMENT INDIA LLP,SEIAA,EC Granted,GUJARAT,3(b) Cement plants
20,SIA/GJ/IND1/460176/2024,"Clearance Type: Application for ToR (Category A, B1, and B2 Violation)/EC (Category B2) - Form 1
S/W No.: SW/170177/2024
Category: B1
Sector: Industrial Projects - 1
Date of Submission:
31/01/2024","Environment clearance of M/s. Almega coatings Private Limited for White Cement by Grinding White Clinker at Halol Maswad Industrial Estate, Panchmahal, Gujarat.",GUJARAT,ALMEGA COATINGS PRIVATE LIMITED,SEIAA,ToR Granted,GUJARAT,3(b) Cement plants
21,SIA/GJ/IND1/457806/2024,"Clearance Type: Application for Transfer of EC- Form-7
S/W No.: SW/167677/2024
Category: B2
Sector: Industrial Projects - 1
Date of Submission:
08/01/2024",ARS PREMIUM CEMENT PVT. LTD.,GUJARAT,ARS PREMIUM CEMENT PRIVATE LIMITED,SEIAA,"DELISTED BY SYSTEM
(at : 30/10/2024)",GUJARAT,3(b) Cement plants
22,SIA/GJ/IND1/450506/2023,"Clearance Type: Application for EC (Category A, B1, and B2 Violation)- Form 1
S/W No.: SW/149481/2023
Category: B1
Sector: Industrial Projects - 1
Date of Submission:
28/10/2023",Proposed Cement Manufacturing Unit by M/s. Trinity Cement Industries,GUJARAT,TRINITY CEMENT INDUSTRIES,SEIAA,EC Granted,GUJARAT,3(b) Cement plants
23,SIA/GJ/IND1/440271/2023,"Clearance Type: Application for ToR (Category A, B1, and B2 Violation)/EC (Category B2) - Form 1
S/W No.: SW/139869/2023
Category: B1
Sector: Industrial Projects - 1
Date of Submission:
25/08/2023",M/s. Ambuja Cement Ltd.,GUJARAT,AMBUJA CEMENTS LIMITED,SEIAA,TOR Granted,GUJARAT,3(b) Cement plants
24,SIA/GJ/IND1/420896/2023,"Clearance Type: Application for EC (Category A, B1, and B2 Violation)- Form 1
S/W No.: SW/118250/2023
Category: B1
Sector: Industrial Projects - 1
Date of Submission:
26/05/2023",Expansion and Amendment in Existing Cement Grinding Project of M/s. Tapee Cement Industries,GUJARAT,TAPEE CEMENT INDUSTRIES,SEIAA,EC Granted,GUJARAT,3(b) Cement plants
25,SIA/GJ/IND1/415108/2023,"Clearance Type: Application for EC (Category A, B1, and B2 Violation)- Form 1
S/W No.: SW/114841/2023
Category: B1
Sector: Industrial Projects - 1
Date of Submission:
20/01/2023",Proposed expansion of Stand Alone Cement Manufacturing (Clinker Grinding) Unit from 1.5 MMTPA to 3.0 MMTPA by M/s. JK Lakshmi Cement Limited,GUJARAT,JK LAKSHMI CEMENT LTD,SEIAA,EC Granted,GUJARAT,3(b) Cement plants
1,SIA/GJ/IND3/581831/2026,"Clearance Type: Application for ToR (Category A, B1, and B2 Violation)/EC (Category B2) - Form 1
S/W No.: SW/286503/2026
Category: B1
Sector: Industrial Projects - 3
Date of Submission:
12/06/2026","Chemical Fertilizer Manufacturing Plant at Sy. No. 577, Luvara, Mangrol, Surat, Gujarat-394405 by M/s Terravira Fertichem India Pvt Ltd",GUJARAT,Terravira fertichem India private limited,SEIAA,Under Examination,GUJARAT,5(a) Chemical fertilizers
2,SIA/GJ/IND3/544718/2026,"Clearance Type: Application for Transfer of EC- Form-7
S/W No.: SW/251017/2025
Category: B1
Sector: Industrial Projects - 3
Date of Submission:
29/05/2026",TRANSWORLD FURTICHEM LIMITED,GUJARAT,RAJESH KUMAR,SEIAA,Referred to SEIAA,GUJARAT,5(a) Chemical fertilizers
3,SIA/GJ/IND3/580016/2026,"Clearance Type: Application for ToR (Category A, B1, and B2 Violation)/EC (Category B2) - Form 1
S/W No.: SW/285011/2026
Category: B1
Sector: Industrial Projects - 3
Date of Submission:
24/05/2026",GREENFIELD PHOSPHATE PVT LTD,GUJARAT,greenfield phosphate private limited,SEIAA,Standard ToR Granted,GUJARAT,5(a) Chemical fertilizers
4,SIA/GJ/IND3/579237/2026,"Clearance Type: Application for EC (Category A, B1, and B2 Violation)- Form 1
S/W No.: SW/234848/2025
Category: B1
Sector: Industrial Projects - 3
Date of Submission:
23/05/2026","Proposed Installation of Chemical Fertilizer Manufacturing (SSP/GSSP) in the Existing Fertilizer Blending Unit of M/s Creative Free Trade Warehousing Pvt. Ltd. at KASEZ, Gandhi Dham, Kutch, Gujarat",GUJARAT,CREATIVE FREE TRADE WAREHOUSING PRIVATE LIMITED,SEIAA,Under Verification,GUJARAT,5(a) Chemical fertilizers
5,SIA/GJ/IND3/568076/2026,"Clearance Type: Application for ToR (Category A, B1, and B2 Violation)/EC (Category B2) - Form 1
S/W No.: SW/274605/2026
Category: B1
Sector: Industrial Projects - 3
Date of Submission:
12/02/2026","Expansion of Chemical Manufacturing Plant at Plot No.-353 & 367, Sector-IV, Kandla SEZ, Gandhidham, Taluka- Anjar, District-Kutch, State-Gujarat – 370230 by M/s Transworld Furtichem Ltd. (TFL)",GUJARAT,Transworld Furtichem Limited,SEIAA,Standard ToR Granted,GUJARAT,5(a) Chemical fertilizers
6,SIA/GJ/IND3/552233/2025,"Clearance Type: Application for EC (Category A, B1, and B2 Violation)- Form 1
S/W No.: SW/216447/2024
Category: B1
Sector: Industrial Projects - 3
Date of Submission:
05/11/2025","Proposed Establishment of Phosphatic Fertilizer Manufacturing Unit by Ocean Fertchem Pvt. Ltd., Plot no. NZ-12, NZ-13, NZ-15, NZ-16, Kandla Special Economic Zone (KASEZ), Gandhidham, Kachchh, Gujarat",GUJARAT,PUNIT MAKHARIA,SEIAA,EC Granted,GUJARAT,5(a) Chemical fertilizers
7,SIA/GJ/IND3/549791/2025,"Clearance Type: Application for Transfer of EC- Form-7
S/W No.: SW/249660/2025
Category: B1
Sector: Industrial Projects - 3
Date of Submission:
24/09/2025",Transfer of Environmental clearance (EC) from M/s Transworld Furtichem Pvt. Ltd to M/s Transworld Furtichem Ltd for “EXPANSION IN CHEMICAL MANUFACTURING PLANT,GUJARAT,Transworld Furtichem Limited,SEIAA,EC Granted,GUJARAT,5(a) Chemical fertilizers
8,SIA/GJ/IND3/551174/2025,"Clearance Type: Application for EC (Category A, B1, and B2 Violation)- Form 1
S/W No.: SW/253055/2025
Category: B1
Sector: Industrial Projects - 3
Date of Submission:
11/09/2025",Proposed Project for the Manufacturing of Chemical Fertilizers by M/s. Narmada Bio-Chem Ltd. (Unit -V),GUJARAT,NARMADA BIO-CHEM LIMITED,SEIAA,EC Granted,GUJARAT,5(a) Chemical fertilizers
9,SIA/GJ/IND3/549559/2025,"Clearance Type: Application for ToR (Category A, B1, and B2 Violation)/EC (Category B2) - Form 1
S/W No.: SW/258028/2025
Category: B1
Sector: Industrial Projects - 3
Date of Submission:
28/08/2025",Proposed Expansion Project for the Manufacturing of Chemical Fertilizers by M/s. Indian Potash Limited.,GUJARAT,INDIAN POTASH LIMITED,SEIAA,Standard ToR Granted,GUJARAT,5(a) Chemical fertilizers
10,SIA/GJ/IND3/543906/2025,"Clearance Type: Application for ToR (Category A, B1, and B2 Violation)/EC (Category B2) - Form 1
S/W No.: SW/253055/2025
Category: B1
Sector: Industrial Projects - 3
Date of Submission:
24/07/2025",Proposed Project for the Manufacturing of Chemical Fertilizers by M/s. Narmada Bio-Chem Ltd. (Unit -V),GUJARAT,NARMADA BIO-CHEM LIMITED,SEIAA,Standard ToR Granted,GUJARAT,5(a) Chemical fertilizers
11,SIA/GJ/IND3/540260/2025,"Clearance Type: Application for Transfer of EC- Form-7
S/W No.: SW/249733/2025
Category: B1
Sector: Industrial Projects - 3
Date of Submission:
04/06/2025",EC Transfer for the proposed expansion of existing fertilizer manufacturing unit from M/s. T. J. Agro Fertilizers Pvt. Ltd. to M/s. Indian Potash Limited.,GUJARAT,INDIAN POTASH LIMITED,SEIAA,EC Granted,GUJARAT,5(a) Chemical fertilizers
12,SIA/GJ/IND3/523803/2025,"Clearance Type: Application for ToR (Category A, B1, and B2 Violation)/EC (Category B2) - Form 1
S/W No.: SW/234848/2025
Category: B1
Sector: Industrial Projects - 3
Date of Submission:
20/05/2025","Proposed Installation of Chemical Fertilizer Manufacturing (SSP/GSSP) in the Existing Fertilizer Blending Unit of M/s Creative Free Trade Warehousing Pvt. Ltd. at KASEZ, Gandhi Dham, Kutch, Gujarat",GUJARAT,CREATIVE FREE TRADE WAREHOUSING PRIVATE LIMITED,SEIAA,Standard ToR Granted,GUJARAT,5(a) Chemical fertilizers
13,SIA/GJ/IND3/505176/2024,"Clearance Type: Application for ToR (Category A, B1, and B2 Violation)/EC (Category B2) - Form 1
S/W No.: SW/216447/2024
Category: B1
Sector: Industrial Projects - 3
Date of Submission:
10/12/2024","Proposed Establishment of Phosphatic Fertilizer Manufacturing Unit by Ocean Fertchem Pvt. Ltd., Plot no. NZ-12, NZ-13, NZ-15, NZ-16, Kandla Special Economic Zone (KASEZ), Gandhidham, Kachchh, Gujarat",GUJARAT,PUNIT MAKHARIA,SEIAA,ToR Granted,GUJARAT,5(a) Chemical fertilizers
14,SIA/GJ/IND3/484517/2024,"Clearance Type: Application for ToR (Category A, B1, and B2 Violation)/EC (Category B2) - Form 1
S/W No.: SW/177892/2024
Category: B1
Sector: Industrial Projects - 3
Date of Submission:
22/08/2024",EXPANSION IN CHEMICAL FERTILIZER MANUFACTURING PLANT,GUJARAT,Transworld Furtichem Limited,SEIAA,"DELISTED BY SYSTEM
(at : 04/09/2025)",GUJARAT,5(a) Chemical fertilizers
1,SIA/GJ/THE/584407/2026,"Clearance Type: Application for Transfer of EC- Form-7
S/W No.: SW/288768/2026
Category: B2
Sector: Thermal Projects
Date of Submission:
11/07/2026",M/s. PGP Glass Limited,GUJARAT,PGP GLASS PRIVATE LIMITED,SEIAA,Under Verification,GUJARAT,1(d) Thermal Power Plants
2,SIA/GJ/THE/581101/2026,"Clearance Type: Application for Transfer of EC- Form-7
S/W No.: SW/285936/2026
Category: B1
Sector: Thermal Projects
Date of Submission:
11/06/2026","Transfer of Environmental Clearance and its amendment granted to Sanghi Industries Limited for expansion of Captive Power Plant within the existing premises located at Un-surveyed land, Village: Akri, Sanghipuram, Ta: Abdasa, Dist:- Kutch, Gujarat in favour of Ambuja Cements Ltd.",GUJARAT,Ambuja Cements Limited,SEIAA,EC Granted,GUJARAT,1(d) Thermal Power Plants
3,SIA/GJ/THE/541071/2025,"Clearance Type: Application for Transfer of EC- Form-7
S/W No.: SW/128882/2023
Category: B1
Sector: Thermal Projects
Date of Submission:
01/07/2025",Proposed Expansion of Captive Power Plant Capacity from 270 MW to 300 MW,GUJARAT,AMNS POWER HAZIRA LIMITED,SEIAA,EC Granted,GUJARAT,1(d) Thermal Power Plants
4,SIA/GJ/THE/482956/2024,"Clearance Type: Application for Transfer of EC- Form-7
S/W No.: SW/192063/2024
Category: B2
Sector: Thermal Projects
Date of Submission:
21/06/2024",M/s. PGP Glass Pvt. Ltd.,GUJARAT,PGP GLASS PRIVATE LIMITED,SEIAA,EC Granted,GUJARAT,1(d) Thermal Power Plants
5,SIA/GJ/THE/469018/2024,"Clearance Type: Application for Corrigendum Form-13
S/W No.: SW/128882/2023
Category: B1
Sector: Thermal Projects
Date of Submission:
05/06/2024",Proposed Expansion of Captive Power Plant Capacity from 270 MW to 300 MW,GUJARAT,AMNS POWER HAZIRA LIMITED,SEIAA,EC Granted,GUJARAT,1(d) Thermal Power Plants
6,SIA/GJ/THE/461108/2024,"Clearance Type: Application for Transfer of EC- Form-7
S/W No.: SW/170605/2024
Category: B1
Sector: Thermal Projects
Date of Submission:
11/04/2024",M/s. Welspun Living Limited,GUJARAT,WELSPUN INDIA LIMITED,SEIAA,EC Granted,GUJARAT,1(d) Thermal Power Plants
7,SIA/GJ/THE/412732/2023,"Clearance Type: Application for EC (Category A, B1, and B2 Violation)- Form 1
S/W No.: SW/113453/2022
Category: B1
Sector: Thermal Projects
Date of Submission:
16/11/2023",Proposed expansion project for settling of Captive Co-Gen Power Plant by M/s. Kilburn Chemicals Ltd.,GUJARAT,KILBURN CHEMICALS LIMITED,SEIAA,EC Granted,GUJARAT,1(d) Thermal Power Plants
8,SIA/GJ/THE/440365/2023,"Clearance Type: Application for EC (Category A, B1, and B2 Violation)- Form 1
S/W No.: SW/128882/2023
Category: B1
Sector: Thermal Projects
Date of Submission:
13/09/2023",Proposed Expansion of Captive Power Plant Capacity from 270 MW to 300 MW,GUJARAT,AMNS POWER HAZIRA LIMITED,SEIAA,EC Granted,GUJARAT,1(d) Thermal Power Plants
9,SIA/GJ/THE/428961/2023,"Clearance Type: Application for ToR (Category A, B1, and B2 Violation)/EC (Category B2) - Form 1
S/W No.: SW/128882/2023
Category: B1
Sector: Thermal Projects
Date of Submission:
12/05/2023",Proposed Expansion of Captive Power Plant Capacity from 270 MW to 300 MW,GUJARAT,AMNS POWER HAZIRA LIMITED,SEIAA,TOR GRANTED,GUJARAT,1(d) Thermal Power Plants
1,SIA/GJ/IND2/529107/2025,"Clearance Type: Application for Amendment in EC- Form-4
S/W No.: SW/137462/2023
Category: B1
Sector: Industrial Projects - 2
Date of Submission:
13/03/2025","Proposed Capacity Expansion of Sugar Manufacturing Unit due to Modernization of Sugar Mill (Cane Crushing Capacity 10,000 TCD to 12,000 TCD) and Cogeneration Power Plant (13 MW to 42 MW)",GUJARAT,SHREE KHEDUT SAHAKARI KHAND UDYOG MANDALI LTD,SEIAA,EC Granted,GUJARAT,5(j) Sugar Industry
2,SIA/GJ/IND2/486387/2024,"Clearance Type: Application for EC (Category A, B1, and B2 Violation)- Form 1
S/W No.: SW/137462/2023
Category: B1
Sector: Industrial Projects - 2
Date of Submission:
05/09/2024","Proposed Capacity Expansion of Sugar Manufacturing Unit due to Modernization of Sugar Mill (Cane Crushing Capacity 10,000 TCD to 12,000 TCD) and Cogeneration Power Plant (13 MW to 42 MW)",GUJARAT,SHREE KHEDUT SAHAKARI KHAND UDYOG MANDALI LTD,SEIAA,EC Granted,GUJARAT,5(j) Sugar Industry
3,SIA/GJ/IND2/488122/2024,"Clearance Type: Application for EC (Category A, B1, and B2 Violation)- Form 1
S/W No.: SW/131962/2023
Category: B1
Sector: Industrial Projects - 2
Date of Submission:
06/08/2024","Proposed Expansion/ Modernization of Sugar Manufacturing Unit (Cane Crushing Capacity 5,000 TCD to 7,000 TCD) and Cogeneration Power Plant (11 MW to 41 MW)",GUJARAT,SHREE NARMADA KHAND UDYOG SAHAKARI MANDALI LTD,SEIAA,EC Granted,GUJARAT,5(j) Sugar Industry
4,SIA/GJ/IND2/432662/2023,"Clearance Type: Application for ToR (Category A, B1, and B2 Violation)/EC (Category B2) - Form 1
S/W No.: SW/131962/2023
Category: B1
Sector: Industrial Projects - 2
Date of Submission:
18/09/2023","Proposed Expansion/ Modernization of Sugar Manufacturing Unit (Cane Crushing Capacity 5,000 TCD to 7,000 TCD) and Cogeneration Power Plant (11 MW to 41 MW)",GUJARAT,SHREE NARMADA KHAND UDYOG SAHAKARI MANDALI LTD,SEIAA,TOR Granted,GUJARAT,5(j) Sugar Industry
5,SIA/GJ/IND2/437658/2023,"Clearance Type: Application for ToR (Category A, B1, and B2 Violation)/EC (Category B2) - Form 1
S/W No.: SW/137462/2023
Category: B1
Sector: Industrial Projects - 2
Date of Submission:
25/07/2023","Proposed Capacity Expansion of Sugar Manufacturing Unit due to Modernization of Sugar Mill (Cane Crushing Capacity 10,000 TCD to 12,000 TCD) and Cogeneration Power Plant (13 MW to 42 MW)",GUJARAT,SHREE KHEDUT SAHAKARI KHAND UDYOG MANDALI LTD,SEIAA,EDS raised,GUJARAT,5(j) Sugar Industry
1,SIA/GJ/IND2/574522/2026,"Clearance Type: Application for Amendment in EC- Form-4
S/W No.: SW/280198/2026
Category: B2
Sector: Industrial Projects - 2
Date of Submission:
04/04/2026",Proposed 50 KLPD Molasses /Sugarcane Juice/Sugar Syrup/Sugar based Distillery Plant with 2.5 MW Captive Cogeneration Power Plant within existing 45 KLPD Distillery,GUJARAT,SAHAKARI KHAND UDYOG MANDAL LTD,SEIAA,Referred to SEAC,GUJARAT,5(g) Distilleries
2,SIA/GJ/IND2/556260/2025,"Clearance Type: Application for ToR (Category A, B1, and B2 Violation)/EC (Category B2) - Form 1
S/W No.: SW/264108/2025
Category: B1
Sector: Industrial Projects - 2
Date of Submission:
10/11/2025","Demo scale 2G Ethanol Plant (3.5 KLPD) at Village Dudapur, Taluka Dhrangadhra, District Surendranagar - 363310, Gujarat by M/s. DCM Shriram Limited.",GUJARAT,DCM Shriram Limited,SEIAA,"DELISTED BY SYSTEM
(at : 21/03/2026)",GUJARAT,5(g) Distilleries
3,SIA/GJ/IND2/557410/2025,"Clearance Type: Application for ToR (Category A, B1, and B2 Violation)/EC (Category B2) - Form 1
S/W No.: SW/258609/2025
Category: B1
Sector: Industrial Projects - 2
Date of Submission:
08/11/2025","Greenfield Project of ""Grain Based Distillery Plant of 30 KLD along with Co-generation Power Plant of 1 MW"" at Village Sarsa, Taluka-Anand, District-Anand, Gujarat-388365 by M/s Cornol Agrofuels Private Limited",GUJARAT,CORNOL AGROFUELS PRIVATE LIMITED,SEIAA,ToR Granted,GUJARAT,5(g) Distilleries
4,SIA/GJ/IND2/544085/2025,"Clearance Type: Application for amendment in ToR (for categories A & B1)/Amendment in EC (for category B2)- Form-3
S/W No.: SW/114016/2023
Category: B2
Sector: Industrial Projects - 2
Date of Submission:
25/07/2025","Greenfield Project of 150 KLD Grain Based Ethanol Plant along with 3 MW Co-generation Power Plant at Khasra no. 394/12 paiki 1, 394/15 paiki 2, Village-Vejpur, Tehsil-Desar, District-Vadodara, Gujarat by M/s Edhas Biofuel Refinery Private Limited",GUJARAT,EDHAS BIOFUEL REFINERY PRIVATE LIMITED,SEIAA,EC Granted,GUJARAT,5(g) Distilleries
1,SIA/GJ/IND2/561565/2025,"Clearance Type: Application for amendment in ToR (for categories A & B1)/Amendment in EC (for category B2)- Form-3
S/W No.: SW/268047/2025
Category: A
Sector: Industrial Projects - 2
Date of Submission:
24/12/2025",M/s. Shaktichem Private Limited,GUJARAT,SHAKTICHEM PRIVATE LIMITED,SEIAA,ADS Raised,GUJARAT,5(ga) Grain based distilleries
2,SIA/GJ/IND2/529878/2025,"Clearance Type: Application for ToR (Category A, B1, and B2 Violation)/EC (Category B2) - Form 1
S/W No.: SW/176215/2024
Category: A
Sector: Industrial Projects - 2
Date of Submission:
21/03/2025",Proposed 200 KLPD Grain Based Distillery (for fuel ethanol) by Energen Biotech LLP,GUJARAT,ENERGEN BIOTECH LLP,SEIAA,"DELISTED BY SYSTEM
(at : 29/06/2025)",GUJARAT,5(ga) Grain based distilleries
1,SIA/GJ/IND1/579200/2026,"Clearance Type: Application for ToR (Category A, B1, and B2 Violation)/EC (Category B2) - Form 1
S/W No.: SW/284307/2026
Category: B1
Sector: Industrial Projects - 1
Date of Submission:
16/05/2026","Proposed Project for manufacturing of Multilayer Board (including virgin board) with capacity of 5,04,000 TPA from waste paper and/or virgin pulp of different grades & 43 MW Captive Power Plant (33 MW Co-generation and 10 MW Waste to Energy) located at Survey No. 559 to 567, 573 to 582, 648, 650 to 652, Village Nandida, Ta. Vagra, Dis: Bharuch (Gujarat) - 392130 by N R Agarwal Industries Limited",GUJARAT,NR AGARWAL INDUSTRIES LTD,SEIAA,Referred to SEAC,GUJARAT,5(i) Pulp & Paper Industry
2,SIA/GJ/IND1/406429/2022,"Clearance Type: Application for EC (Category A, B1, and B2 Violation)- Form 1
S/W No.: SW/106911/2022
Category: B1
Sector: Industrial Projects - 1
Date of Submission:
16/11/2022",M/s. Mehali Papers Pvt. Ltd. - Proposed expansion project for Paper manufacturing & CPP,GUJARAT,MEHALI PAPERS PVT LTD,SEIAA,EC Granted,GUJARAT,5(i) Pulp & Paper Industry
1,SIA/GJ/IND1/568594/2026,"Clearance Type: Application for Validity Extension of EC- Form-6
S/W No.: SW/275066/2026
Category: B1
Sector: Industrial Projects - 1
Date of Submission:
17/02/2026",Extension of Environment Clearance(EC) Validity for M/s. Genus Paper and Coke Limited.,GUJARAT,GENUS PAPER AND COKE LIMITED,SEIAA,EC Granted,GUJARAT,4(b) Coke oven plants
1,SIA/HR/IND1/522676/2026,"Clearance Type: Application for EC (Category A, B1, and B2 Violation)- Form 1
S/W No.: SW/229361/2025
Category: B1
Sector: Industrial Projects - 1
Date of Submission:
21/01/2026","Proposed Expansion by Augmentation of Capacity for Ingot, Bloom/Billet and Slab in Steel Melting Shop. Installation of ESR and forging facilities at Jindal Stainless Limited [Hot Rolling Division], O P Jindal Marg, Hisar, Haryana – 125 005",HARYANA,Jindal Stainless limited,SEIAA,EC Granted,HARYANA,3(a) Metallurgical Industries (ferrous and non ferrous)
2,SIA/HR/IND1/517773/2025,"Clearance Type: Application for ToR (Category A, B1, and B2 Violation)/EC (Category B2) - Form 1
S/W No.: SW/229361/2025
Category: B1
Sector: Industrial Projects - 1
Date of Submission:
17/01/2025","Proposed Expansion by Augmentation of Capacity for Ingot, Bloom/Billet and Slab in Steel Melting Shop. Installation of ESR and forging facilities at Jindal Stainless Limited [Hot Rolling Division], O P Jindal Marg, Hisar, Haryana – 125 005",HARYANA,Jindal Stainless limited,SEIAA,Standard ToR Granted,HARYANA,3(a) Metallurgical Industries (ferrous and non ferrous)
3,SIA/HR/IND1/513467/2024,"Clearance Type: Application for Transfer of EC- Form-7
S/W No.: SW/224297/2024
Category: B1
Sector: Industrial Projects - 1
Date of Submission:
09/12/2024","Jindal Stainless Limited [Cold Rolling Division] O.P Jindal Marg, Hisar, Haryana",HARYANA,Jindal Stainless limited,SEIAA,EC Granted,HARYANA,3(a) Metallurgical Industries (ferrous and non ferrous)
4,SIA/HR/IND1/509133/2024,"Clearance Type: Application for Transfer of EC- Form-7
S/W No.: SW/220562/2024
Category: B1
Sector: Industrial Projects - 1
Date of Submission:
28/11/2024","Environment Clearance of project “Jindal Stainless Limited [Hot Rolling Division] at O P Jindal Marg, Hisar, Haryana",HARYANA,Jindal Stainless limited,SEIAA,EC Granted,HARYANA,3(a) Metallurgical Industries (ferrous and non ferrous)
5,SIA/HR/IND1/453437/2023,"Clearance Type: Application for EC (Category A, B1, and B2 Violation)- Form 1
S/W No.: SW/124942/2023
Category: B1
Sector: Industrial Projects - 1
Date of Submission:
23/05/2024",JSW Steel Coated Product Ltd (Cold Rolling Division) Bawal Works,HARYANA,JSW STEEL COATED PRODUCTS LIMITED,SEIAA,EC Granted,HARYANA,3(a) Metallurgical Industries (ferrous and non ferrous)
6,SIA/HR/IND1/465709/2024,"Clearance Type: Application for ToR (Category A, B1, and B2 Violation)/EC (Category B2) - Form 1
S/W No.: SW/174640/2024
Category: B1
Sector: Industrial Projects - 1
Date of Submission:
12/03/2024","Regularisation of existing production facility of 15,876 TPA Rolling Mill at 21/4 Mathura Road, Ballabgarh, Tehsil- Ballabgarh, District Faridabad, Haryana by M/s. Star Wire (India) Limited, Plant - I",HARYANA,STAR WIRE INDIA LIMITED,SEIAA,ToR Rejected,HARYANA,3(a) Metallurgical Industries (ferrous and non ferrous)
7,SIA/HR/IND1/465625/2024,"Clearance Type: Application for ToR (Category A, B1, and B2 Violation)/EC (Category B2) - Form 1
S/W No.: SW/174553/2024
Category: B1
Sector: Industrial Projects - 1
Date of Submission:
11/03/2024","Regularisation of existing production facility of 18,300 TPA Rolling Mill at Village- Chhainsa, Tehsil- Ballabgarh, District- Faridabad, Haryana by M/s. Star Wire (India) Limited, Plant - II",HARYANA,STAR WIRE INDIA LIMITED,SEIAA,ToR Rejected,HARYANA,3(a) Metallurgical Industries (ferrous and non ferrous)
8,SIA/HR/IND1/458929/2024,"Clearance Type: Application for EC (Category A, B1, and B2 Violation)- Form 1
S/W No.: SW/168131/2024
Category: B1
Sector: Industrial Projects - 1
Date of Submission:
27/01/2024","Expansion of Manufacturing Capacity of Avtar Steel Limited Unit – B, Village - Jat Joshi, District - Sonipat, Haryana from 29000 MTPA to 80000 MTPA",HARYANA,AVTAR STEEL LIMITED,SEIAA,EC Granted,HARYANA,3(a) Metallurgical Industries (ferrous and non ferrous)
9,SIA/HR/IND1/459597/2024,"Clearance Type: Application for ToR (Category A, B1, and B2 Violation)/EC (Category B2) - Form 1
S/W No.: SW/169600/2024
Category: B1
Sector: Industrial Projects - 1
Date of Submission:
24/01/2024",Gupta Metal Sheets Ltd. (Metallurgy Project),HARYANA,GUPTA METAL SHEETS LIMITED,SEIAA,ToR Rejected,HARYANA,3(a) Metallurgical Industries (ferrous and non ferrous)
10,SIA/HR/IND1/457183/2023,"Clearance Type: Application for ToR (Category A, B1, and B2 Violation)/EC (Category B2) - Form 1
S/W No.: SW/156487/2023
Category: B1
Sector: Industrial Projects - 1
Date of Submission:
30/12/2023","Regularization of the existing Cold Rolled Mill (12Hi) unit for production of 11,500TPA CRSS Coil and 500 TPA SS Scrap By M/s Varun Foils Limited at Plot No.79, Industrial Area, Sector-21, Bhiwani, Haryana",HARYANA,VARUN FOILS LIMITED,SEIAA,"DELISTED BY SYSTEM
(at : 30/10/2024)",HARYANA,3(a) Metallurgical Industries (ferrous and non ferrous)
11,SIA/HR/IND1/451888/2023,"Clearance Type: Application for ToR (Category A, B1, and B2 Violation)/EC (Category B2) - Form 1
S/W No.: SW/151004/2023
Category: B1
Sector: Industrial Projects - 1
Date of Submission:
14/11/2023","Expansion of Manufacturing Capacity of Avtar Steel Limited Unit – IV, Village- Mohana, district-Sonipat, Haryana from 29600 MTPA to 120000 MTPA",HARYANA,AVTAR STEEL LIMITED,SEIAA,TOR GRANTED,HARYANA,3(a) Metallurgical Industries (ferrous and non ferrous)
12,SIA/HR/IND1/438851/2023,"Clearance Type: Application for ToR (Category A, B1, and B2 Violation)/EC (Category B2) - Form 1
S/W No.: SW/138570/2023
Category: B1
Sector: Industrial Projects - 1
Date of Submission:
11/10/2023","Jyoti Strips Private Limited “Proposed Cold Rolling Mill Complex with Galvanizing and color coating line having total Capacity of Various products 7, 80,000 MTPA"" located at # Kila No. 4 to 24, Prithla - Tatarpur Road, Village Tatarpur, Palwal, Haryana over an area of 127294.69 sq.m. (12.729 ha).",HARYANA,JYOTI STRIPS PRIVATE LIMITED,SEIAA,TOR GRANTED,HARYANA,3(a) Metallurgical Industries (ferrous and non ferrous)
13,SIA/HR/IND1/442953/2023,"Clearance Type: Application for EC (Category A, B1, and B2 Violation)- Form 1
S/W No.: SW/124935/2023
Category: B1
Sector: Industrial Projects - 1
Date of Submission:
08/09/2023","Manufacturing of CRCA sheets and Steel Pipes by Prompt Enterprises PVT Ltd at Village Dhatir & Dudhola, Palwal",HARYANA,PROMPT ENTERPRISES PRIVATE LIMITED,SEIAA,EC Granted,HARYANA,3(a) Metallurgical Industries (ferrous and non ferrous)
14,SIA/HR/IND1/436957/2023,"Clearance Type: Application for ToR (Category A, B1, and B2 Violation)/EC (Category B2) - Form 1
S/W No.: SW/136758/2023
Category: B1
Sector: Industrial Projects - 1
Date of Submission:
17/07/2023","M/s Lohia Alloys Ltd. at 41-2/5, Village-Joshi Chauhan NH-1, Bahalgarh, District -Sonepat, Haryana",HARYANA,LOHIA ALLOYS LIMITED,SEIAA,EDS raised,HARYANA,3(a) Metallurgical Industries (ferrous and non ferrous)
15,SIA/HR/IND1/436584/2023,"Clearance Type: Application for ToR (Category A, B1, and B2 Violation)/EC (Category B2) - Form 1
S/W No.: SW/136364/2023
Category: B1
Sector: Industrial Projects - 1
Date of Submission:
14/07/2023","Quality Foils (India) Ltd., [Formerly: Quality Foils (India) Pvt. Ltd.] at 3, Industrial Development Colony, Hisar, Haryana",HARYANA,QUALITY FOILS (INDIA) LIMITED,SEIAA,TOR GRANTED,HARYANA,3(a) Metallurgical Industries (ferrous and non ferrous)
16,SIA/HR/IND1/430805/2023,"Clearance Type: Application for ToR (Category A, B1, and B2 Violation)/EC (Category B2) - Form 1
S/W No.: SW/130640/2023
Category: B1
Sector: Industrial Projects - 1
Date of Submission:
25/05/2023","Hisar Metals Industries Limited, Near Industrial Development Colony, Hisar, Haryana - 125 005",HARYANA,HISAR METAL INDUSTRIES LTD,SEIAA,TOR GRANTED,HARYANA,3(a) Metallurgical Industries (ferrous and non ferrous)
17,SIA/HR/IND1/427136/2023,"Clearance Type: Application for ToR (Category A, B1, and B2 Violation)/EC (Category B2) - Form 1
S/W No.: SW/127068/2023
Category: B1
Sector: Industrial Projects - 1
Date of Submission:
11/05/2023","Regularization of existing Cold Rolling Mill for Production of 16,010 TPA of Copper and Copper Alloy Products by M/s Agrawal Metal Works Pvt. Ltd. at Jhajjar Road, District: Rewari, State: Haryana 123401",HARYANA,AGRAWAL METAL WORKS PVT LIMITED,SEIAA,TOR GRANTED,HARYANA,3(a) Metallurgical Industries (ferrous and non ferrous)
18,SIA/HR/IND1/428203/2023,"Clearance Type: Application for ToR (Category A, B1, and B2 Violation)/EC (Category B2) - Form 1
S/W No.: SW/128151/2023
Category: B1
Sector: Industrial Projects - 1
Date of Submission:
05/05/2023","Jindal Supreme (India) Private Limited at 9th Km, O. P. Jindal Marg, Hisar, Haryana -125006",HARYANA,JINDAL SUPREME (INDIA) PRIVATE LIMITED,SEIAA,TOR GRANTED,HARYANA,3(a) Metallurgical Industries (ferrous and non ferrous)
19,SIA/HR/IND1/426179/2023,"Clearance Type: Application for ToR (Category A, B1, and B2 Violation)/EC (Category B2) - Form 1
S/W No.: SW/126164/2023
Category: B1
Sector: Industrial Projects - 1
Date of Submission:
15/04/2023","JNB Steel Industries Pvt. Ltd. [Unit 2] at Raipur Road, Hisar, Haryana",HARYANA,JNB STEEL INDUSTRIES PRIVATE LIMITED,SEIAA,TOR GRANTED,HARYANA,3(a) Metallurgical Industries (ferrous and non ferrous)
20,SIA/HR/IND1/424767/2023,"Clearance Type: Application for ToR (Category A, B1, and B2 Violation)/EC (Category B2) - Form 1
S/W No.: SW/124942/2023
Category: B1
Sector: Industrial Projects - 1
Date of Submission:
06/04/2023",JSW Steel Coated Product Ltd (Cold Rolling Division) Bawal Works,HARYANA,JSW STEEL COATED PRODUCTS LIMITED,SEIAA,TOR GRANTED,HARYANA,3(a) Metallurgical Industries (ferrous and non ferrous)
21,SIA/HR/IND1/424752/2023,"Clearance Type: Application for ToR (Category A, B1, and B2 Violation)/EC (Category B2) - Form 1
S/W No.: SW/124935/2023
Category: B1
Sector: Industrial Projects - 1
Date of Submission:
04/04/2023","Manufacturing of CRCA sheets and Steel Pipes by Prompt Enterprises PVT Ltd at Village Dhatir & Dudhola, Palwal",HARYANA,PROMPT ENTERPRISES PRIVATE LIMITED,SEIAA,TOR GRANTED,HARYANA,3(a) Metallurgical Industries (ferrous and non ferrous)
22,SIA/HR/IND1/422269/2023,"Clearance Type: Application for ToR (Category A, B1, and B2 Violation)/EC (Category B2) - Form 1
S/W No.: SW/122621/2023
Category: B1
Sector: Industrial Projects - 1
Date of Submission:
17/03/2023","JNB STEEL INDUSTRIES PVT LTD [UNIT 3] at Village – Mirzapur, Hisar, Haryana.",HARYANA,JNB STEEL INDUSTRIES PRIVATE LIMITED,SEIAA,TOR GRANTED,HARYANA,3(a) Metallurgical Industries (ferrous and non ferrous)
23,SIA/HR/IND1/401180/2022,"Clearance Type: Application for EC (Category A, B1, and B2 Violation)- Form 1
S/W No.: SW/102751/2022
Category: B1
Sector: Industrial Projects - 1
Date of Submission:
23/09/2022",Jindal Stainless (Hisar) Limited [COLD Rolling Division],HARYANA,JINDAL STAINLESS (HISAR) LIMITED,SEIAA,EC Granted,HARYANA,3(a) Metallurgical Industries (ferrous and non ferrous)
24,SIA/HR/IND1/401077/2022,"Clearance Type: Application for EC (Category A, B1, and B2 Violation)- Form 1
S/W No.: SW/102607/2022
Category: B1
Sector: Industrial Projects - 1
Date of Submission:
22/09/2022",Jindal Stainless (Hisar) Limited [Hot Rolling Division],HARYANA,JINDAL STAINLESS (HISAR) LIMITED,SEIAA,EC Granted,HARYANA,3(a) Metallurgical Industries (ferrous and non ferrous)
1,SIA/HR/IND1/572153/2026,"Clearance Type: Application for ToR (Category A, B1, and B2 Violation)/EC (Category B2) - Form 1
S/W No.: SW/278148/2026
Category: B1
Sector: Industrial Projects - 1
Date of Submission:
24/04/2026","Standalone Clinker Grinding Unit with Cement Production Capacity of 6.0 Million TPA (3 x 2.0 Million TPA) within existing premises of Jhajjar Power Ltd. Thermal Power Plant to utilize the Waste Materials at Village: Khanpur Kalan, Tehsil: Matenhail, District: Jhajjar, Haryana by M/s. Jindal Cement Industries Private Limited",HARYANA,JINDAL CEMENT INDUSTRIES PRIVATE LIMITED,SEIAA,"DELISTED BY SYSTEM
(at : 18/06/2026)",HARYANA,3(b) Cement plants
2,SIA/HR/IND1/575146/2026,"Clearance Type: Application for Amendment in EC- Form-4
S/W No.: SW/280715/2026
Category: B1
Sector: Industrial Projects - 1
Date of Submission:
09/04/2026","Amendment in Existing Environmental Clearance of Clinker Grinding Unit for installation of Bulk Terminal facility with capacity of 2.0 Million TPA along with additional railway siding line within the existing premises located at Village - Jharli, Tehsil - Matanhail, District - Jhajjar, Haryana by M/s. JK Cement Limited",HARYANA,J K CEMENT LIMITED,SEIAA,Referred to SEAC,HARYANA,3(b) Cement plants
3,SIA/HR/IND1/521106/2025,"Clearance Type: Application for ToR (Category A, B1, and B2 Violation)/EC (Category B2) - Form 1
S/W No.: SW/232595/2025
Category: B1
Sector: Industrial Projects - 1
Date of Submission:
01/02/2025","Expansion in Cement production capacity of Standalone Grinding Unit from EC granted capacity of 1.8 Million TPA to 5.5 Million TPA (Phase - I: 1.8 to 2.5 Million TPA through process optimization and de-bottlenecking in existing Cement Mill) & (Phase-II: 3.0 Million TPA by installation of additional Cement Mill) At Village: Jharli, Tehsil: Matenhail, District: Jhajjar, Haryana by M/s. UltraTech Cement Limited (Unit: Jhajjar Cement Works)",HARYANA,UltraTech Cement Limited,SEIAA,Standard ToR Granted,HARYANA,3(b) Cement plants
4,SIA/HR/IND1/449852/2023,"Clearance Type: Application for ToR (Category A, B1, and B2 Violation)/EC (Category B2) - Form 1
S/W No.: SW/148692/2023
Category: B1
Sector: Industrial Projects - 1
Date of Submission:
27/08/2024","Proposed Cement Grinding Unit with Cement Production Capacity of 2 x 3 Million Metric Tons per Annum (6.0 MMTPA) at located Village: Devli, Tehsil+ District: Palwal, State: Haryana by M/S. Ambuja Cements Limited (ACL)",HARYANA,Ambuja Cements Limited,SEIAA,Standard ToR Granted,HARYANA,3(b) Cement plants
5,SIA/HR/IND1/441923/2023,"Clearance Type: Application for ToR (Category A, B1, and B2 Violation)/EC (Category B2) - Form 1
S/W No.: SW/141436/2023
Category: B1
Sector: Industrial Projects - 1
Date of Submission:
05/04/2024","Proposed Naulatha Cement Grinding Unit with Cement Production capacity of 1 x 4.0 Million MTPA at Village: Naulatha, Tehsil: Israna, District: Panipat, State: Haryana by M/s. AMBUJA CEMENTS LIMITED (ACL), a group company of Adani Group",HARYANA,Ambuja Cement Limited,SEIAA,Standard ToR Granted,HARYANA,3(b) Cement plants
1,SIA/HR/IND2/575995/2026,"Clearance Type: Application for ToR (Category A, B1, and B2 Violation)/EC (Category B2) - Form 1
S/W No.: SW/281560/2026
Category: B1
Sector: Industrial Projects - 2
Date of Submission:
17/04/2026","Expansion in capacity of grain based distillery unit from 120 KLD to 195 KLD Along with Captive Power Plant (CPP) from 3.5 MW to 4.5 MW at Khasara No 24//23, 24/2, 26//4, 5, 6, 7, 14, 15, 27//1/2, 9/1, 10, 11 and 12, village Kadrabad, Tehsil Indri, District Karnal, Haryana Pin: 132041 by M/S Nakshtra Biofuels Pvt Ltd",HARYANA,NAKSHTRA BIOFUELS PRIVATE LIMITED,SEIAA,Standard ToR Granted,HARYANA,5(g) Distilleries
2,SIA/HR/IND2/497063/2024,"Clearance Type: Application for ToR (Category A, B1, and B2 Violation)/EC (Category B2) - Form 1
S/W No.: SW/207404/2024
Category: B1
Sector: Industrial Projects - 2
Date of Submission:
18/09/2024","Proposed 150 KLD Grain based Fuel Ethanol Distillery Plant under EBP program at Village & P.O. - Goria, Tehsil – Matanhail District – Jhajjar, Haryana by M/s K2 Ethanol Pvt. Ltd.",HARYANA,k2 ethanol pRIVATE limited,SEIAA,Standard ToR Granted,HARYANA,5(g) Distilleries
3,SIA/HR/IND2/495435/2024,"Clearance Type: Application for ToR (Category A, B1, and B2 Violation)/EC (Category B2) - Form 1
S/W No.: SW/205741/2024
Category: B1
Sector: Industrial Projects - 2
Date of Submission:
06/09/2024",Proposed 30 KLD Grain based Bioethanol Plant and By- Product of Distillers Dried Grains with Solubles (DDGS) with 700KW Co-generation Power Plant,HARYANA,ARAVALLI BIOFUELS PRIVATE LIMITED,SEIAA,Standard ToR Granted,HARYANA,5(g) Distilleries
4,SIA/HR/IND2/422334/2023,"Clearance Type: Application for EC (Category A, B1, and B2 Violation)- Form 1
S/W No.: SW/121187/2023
Category: B1
Sector: Industrial Projects - 2
Date of Submission:
16/03/2023","Proposed New 90 KLPD distillery consisting of A 60 KLPD new plant based on B-Heavy molasses from the new Sugar Mill And 30 KLPD grain Based distillery as supplementary raw material and with option of Spent Wash In specially designed Incineration Boiler with at Panipat Coop. Sugar Mill Panipat City, Village-Dahar.,1, Gohana Road Panipat, Haryana 132103",HARYANA,THE PANIPAT COOPERATIVE SUGAR MILL LIMITED,SEIAA,EC Granted,HARYANA,5(g) Distilleries
1,SIA/HP/IND2/583372/2026,"Clearance Type: Application for Amendment in EC- Form-4
S/W No.: SW/287779/2026
Category: A
Sector: Industrial Projects - 2
Date of Submission:
26/06/2026",Proposed 5 KLPD Malt Spirit Distillery,HIMACHAL PRADESH,IAN MACLEOD DISTILLERS INDIA PRIVATE LIMITED,SEIAA,Under Examination,HIMACHAL PRADESH,5(g) Distilleries
2,SIA/HP/IND2/577255/2026,"Clearance Type: Application for EC (Category A, B1, and B2 Violation)- Form 1
S/W No.: SW/243174/2025
Category: B1
Sector: Industrial Projects - 2
Date of Submission:
30/04/2026","Proposed 30 KLD Malt Spirit Distillery and 2 KLD Craft Gin Plant along with Pilot Plant for bottling of 1000 Cases per day of IMFL in the revenue estate of Mohal Parei Village- Salol, Tehsil & Distt. Kangra, Himachal Pradesh by M/s Angus Dundee India Private Limited",HIMACHAL PRADESH,ANGUS DUNDEE INDIA PRIVATE LIMITED,SEIAA,Referred to SEAC,HIMACHAL PRADESH,5(g) Distilleries
3,SIA/HP/IND2/558905/2025,"Clearance Type: Application for EC (Category A, B1, and B2 Violation)- Form 1
S/W No.: SW/207033/2024
Category: B1
Sector: Industrial Projects - 2
Date of Submission:
26/11/2025",Proposed 2KLPD Malt/Spirit/Grain Spirit Plant by VKM Liquor LLP,HIMACHAL PRADESH,VKM LIQUOR LLP,SEIAA,EC Granted,HIMACHAL PRADESH,5(g) Distilleries
4,SIA/HP/IND2/554730/2025,"Clearance Type: Application for EC (Category A, B1, and B2 Violation)- Form 1
S/W No.: SW/224747/2024
Category: B1
Sector: Industrial Projects - 2
Date of Submission:
22/10/2025","Proposed 30 KLPD Malt Spirit Distillery & Bottling Plant for IMFL/CL (60 Lacs cases Annually) along with 1.5 MW Co-generation Power Plant at Village Phandi Boriwala, Tehsil Paonta Sahib, District Sirmaur, Himachal Pradesh by M/s. ADS Spirits Private Limited",HIMACHAL PRADESH,ADS Spirits private limited,SEIAA,EC Granted,HIMACHAL PRADESH,5(g) Distilleries
5,SIA/HP/IND2/533095/2025,"Clearance Type: Application for ToR (Category A, B1, and B2 Violation)/EC (Category B2) - Form 1
S/W No.: SW/243174/2025
Category: B1
Sector: Industrial Projects - 2
Date of Submission:
07/04/2025","Proposed 30 KLD Malt Spirit Distillery and 2 KLD Craft Gin Plant along with Pilot Plant for bottling of 1000 Cases per day of IMFL in the revenue estate of Mohal Parei Village- Salol, Tehsil & Distt. Kangra, Himachal Pradesh by M/s Angus Dundee India Private Limited",HIMACHAL PRADESH,ANGUS DUNDEE INDIA PRIVATE LIMITED,SEIAA,ToR Granted,HIMACHAL PRADESH,5(g) Distilleries
6,SIA/HP/IND2/497904/2024,"Clearance Type: Application for ToR (Category A, B1, and B2 Violation)/EC (Category B2) - Form 1
S/W No.: SW/207033/2024
Category: B1
Sector: Industrial Projects - 2
Date of Submission:
03/04/2025",Proposed 2KLPD Malt/Spirit/Grain Spirit Plant by VKM Liquor LLP,HIMACHAL PRADESH,VKM LIQUOR LLP,SEIAA,ToR Granted,HIMACHAL PRADESH,5(g) Distilleries
7,SIA/HP/IND2/513416/2024,"Clearance Type: Application for ToR (Category A, B1, and B2 Violation)/EC (Category B2) - Form 1
S/W No.: SW/224747/2024
Category: B1
Sector: Industrial Projects - 2
Date of Submission:
20/12/2024","Proposed 30 KLPD Malt Spirit Distillery & Bottling Plant for IMFL/CL (60 Lacs cases Annually) along with 1.5 MW Co-generation Power Plant at Village Phandi Boriwala, Tehsil Paonta Sahib, District Sirmaur, Himachal Pradesh by M/s. ADS Spirits Private Limited",HIMACHAL PRADESH,ADS Spirits private limited,SEIAA,ToR Granted,HIMACHAL PRADESH,5(g) Distilleries
1,SIA/HP/IND1/565797/2026,"Clearance Type: Application for Validity Extension of EC- Form-6
S/W No.: SW/272484/2026
Category: B1
Sector: Industrial Projects - 1
Date of Submission:
17/01/2026","Application for Extension in the Validity of Environmental Clearance of Steel Manufacturing Unit by M/s Valley Iron & Steel Co. Ltd. located in the revenue estate of Village- Rampur Majri, P.O. Dhaula Kuan, Tehsil- Paonta Sahib, District- Sirmaur (H.P.)",HIMACHAL PRADESH,VALLEY IRON & STEEL CO. LIMITED,SEIAA,EC Granted,HIMACHAL PRADESH,3(a) Metallurgical Industries (ferrous and non ferrous)
2,SIA/HP/IND1/491284/2024,"Clearance Type: Application for Corrigendum Form-13
S/W No.: SW/139491/2023
Category: B1
Sector: Industrial Projects - 1
Date of Submission:
28/08/2024","Expansion of the existing Steel Manufacturing Unit namely M/s Shree Siddi Vinayak Forging Pvt. Ltd. located at Village Nangal Uparla, Nalagarh-Swarghat Road, Tehsil Nalagarh, District Solan (H.P)",HIMACHAL PRADESH,SHREE SIDDI VINAYAK FORGING PRIVATE LIMITED,SEIAA,EC Granted,HIMACHAL PRADESH,3(a) Metallurgical Industries (ferrous and non ferrous)
3,SIA/HP/IND1/440843/2023,"Clearance Type: Application for EC (Category A, B1, and B2 Violation)- Form 1
S/W No.: SW/139491/2023
Category: B1
Sector: Industrial Projects - 1
Date of Submission:
17/10/2023","Expansion of the existing Steel Manufacturing Unit namely M/s Shree Siddi Vinayak Forging Pvt. Ltd. located at Village Nangal Uparla, Nalagarh-Swarghat Road, Tehsil Nalagarh, District Solan (H.P)",HIMACHAL PRADESH,SHREE SIDDI VINAYAK FORGING PRIVATE LIMITED,SEIAA,EC Granted,HIMACHAL PRADESH,3(a) Metallurgical Industries (ferrous and non ferrous)
1,SIA/JK/IND1/573201/2026,"Clearance Type: Application for ToR (Category A, B1, and B2 Violation)/EC (Category B2) - Form 1
S/W No.: SW/279106/2026
Category: B1
Sector: Industrial Projects - 1
Date of Submission:
11/07/2026","Manufacturing of lead ingots, pig ingots and battery plates through mechanised process in favour of M/s M V Alloys sidco industrial complex, bari brahmna , sambaj&K",JAMMU AND KASHMIR,M V ALLOYS,SEIAA,EDS raised,JAMMU AND KASHMIR,3(a) Metallurgical Industries (ferrous and non ferrous)
2,SIA/JK/IND1/562038/2026,"Clearance Type: Application for EC (Category A, B1, and B2 Violation)- Form 1
S/W No.: SW/173119/2024
Category: B1
Sector: Industrial Projects - 1
Date of Submission:
18/04/2026","Proposed New Steel manufacturing unit having capacity 1,80,000 TPA of Steel Billets/Ingots/TMT Bars (8mm-32mm) by installing two Induction Furnaces (2x25 TPH), one Concast and one rolling Mill (1X30 TPH) at Plot No. 22 & 23-SICOP-Industrial Estate, Sahar Logate, Kathua, Jammu & Kashmir by M/s German Steel Works.",JAMMU AND KASHMIR,GERMAN STEEL WORKS,SEIAA,ADS Raised,JAMMU AND KASHMIR,3(a) Metallurgical Industries (ferrous and non ferrous)
3,SIA/JK/IND1/491290/2024,"Clearance Type: Application for ToR (Category A, B1, and B2 Violation)/EC (Category B2) - Form 1
S/W No.: SW/201182/2024
Category: B2
Sector: Industrial Projects - 1
Date of Submission:
31/08/2024","Establishment of induction furnace with production capacity of 28,000 TPA Billets/Ingots with existing Manufacturing of Re-rolled Steel products (TMT bars, Angles, Channels, Round, MS Patti, and Flats, Gatters & patti (72161.28 TPA) at Phase II, SIDCO Industrial Complex Bari Brahmna Samba North, village- Bari Brahmana, Tehsil-Bari Brahmana & district- Samba, J&K by M/s Shakti Tools India Ltd",JAMMU AND KASHMIR,SHAKTI TOOLS INDIA LIMITED,SEIAA,EC Granted,JAMMU AND KASHMIR,3(a) Metallurgical Industries (ferrous and non ferrous)
4,SIA/JK/IND1/476598/2024,"Clearance Type: Application for EC (Category A, B1, and B2 Violation)- Form 1
S/W No.: SW/185308/2024
Category: B1
Sector: Industrial Projects - 1
Date of Submission:
12/07/2024","Expansion of the existing unit by installing 01 no. Induction furnace of 25 TPH capacity and one Continuous Casting Machine at SIDCO Industrial Estate, Bari Brahmana, Samba Jammu & Kashmir by M/s Kashmir Ispat for production of 1,19,000 TPA of Steel Ingots/Billets and to enhance the capacity of rolling mill to increase the production of Round, Angle, Channel, TMT Bars and Flats from 85,876 TPA to 1,13,050 TPA.",JAMMU AND KASHMIR,KASHMIR ISPAT,SEIAA,EC Granted,JAMMU AND KASHMIR,3(a) Metallurgical Industries (ferrous and non ferrous)
5,SIA/JK/IND1/464110/2024,"Clearance Type: Application for ToR (Category A, B1, and B2 Violation)/EC (Category B2) - Form 1
S/W No.: SW/173119/2024
Category: B1
Sector: Industrial Projects - 1
Date of Submission:
01/07/2024","Proposed New Steel manufacturing unit having capacity 1,80,000 TPA of Steel Billets/Ingots/TMT Bars (8mm-32mm) by installing two Induction Furnaces (2x25 TPH), one Concast and one rolling Mill (1X30 TPH) at Plot No. 22 & 23-SICOP-Industrial Estate, Sahar Logate, Kathua, Jammu & Kashmir by M/s German Steel Works.",JAMMU AND KASHMIR,GERMAN STEEL WORKS,SEIAA,ToR Granted,JAMMU AND KASHMIR,3(a) Metallurgical Industries (ferrous and non ferrous)
6,SIA/JK/IND1/476229/2024,"Clearance Type: Application for ToR (Category A, B1, and B2 Violation)/EC (Category B2) - Form 1
S/W No.: SW/184998/2024
Category: B1
Sector: Industrial Projects - 1
Date of Submission:
27/05/2024","Expansion of existing Steel Manufacturing Unit namely M/s Vijay Steel Industries located at Phase-II, SIDCO Industrial Complex, Bari Brahmana, Jammu for increasing the production capacity from 95,880 TPA to 1,76,400 TPA",JAMMU AND KASHMIR,VIJAY STEEL INDUSTRIES,SEIAA,"DELISTED BY SYSTEM
(at : 30/10/2024)",JAMMU AND KASHMIR,3(a) Metallurgical Industries (ferrous and non ferrous)
7,SIA/JK/IND1/467400/2024,"Clearance Type: Application for amendment in ToR (for categories A & B1)/Amendment in EC (for category B2)- Form-3
S/W No.: SW/172953/2024
Category: B1
Sector: Industrial Projects - 1
Date of Submission:
08/04/2024","M/s Shakti Tools India Ltd. Manufacturing of TMT, Angles, Channels, MS Patti, Flats and Billets.",JAMMU AND KASHMIR,SHAKTI TOOLS INDIA LIMITED,SEIAA,ToR Rejected,JAMMU AND KASHMIR,3(a) Metallurgical Industries (ferrous and non ferrous)
8,SIA/JK/IND1/467457/2024,"Clearance Type: Application for ToR (Category A, B1, and B2 Violation)/EC (Category B2) - Form 1
S/W No.: SW/176416/2024
Category: B1
Sector: Industrial Projects - 1
Date of Submission:
06/04/2024","Expansion of existing Steel Manufacturing Unit namely M/s Vijay Steel Industries (Unit-II) located at Phase-II, SIDCO Industrial Complex, Bari Brahmana, Jammu for increasing the production capacity from 10,000 TPA to 99,000 TPA.",JAMMU AND KASHMIR,VIJAY STEEL INDUSTRIES,SEIAA,ToR Rejected,JAMMU AND KASHMIR,3(a) Metallurgical Industries (ferrous and non ferrous)
9,SIA/JK/IND1/463728/2024,"Clearance Type: Application for ToR (Category A, B1, and B2 Violation)/EC (Category B2) - Form 1
S/W No.: SW/172789/2024
Category: B1
Sector: Industrial Projects - 1
Date of Submission:
01/04/2024","M/s Brij Agrochem Industries Private Limited, a Private limited Company, is proposed to set up a manufacturing unit of Steel Products",JAMMU AND KASHMIR,BRIJ AGROCHEM INDUSTRIES PRIVATE LIMITED,SEIAA,ToR Rejected,JAMMU AND KASHMIR,3(a) Metallurgical Industries (ferrous and non ferrous)
10,SIA/JK/IND1/466860/2024,"Clearance Type: Application for ToR (Category A, B1, and B2 Violation)/EC (Category B2) - Form 1
S/W No.: SW/175822/2024
Category: B1
Sector: Industrial Projects - 1
Date of Submission:
28/03/2024",M/s Kargil steel and Power Ltd.,JAMMU AND KASHMIR,KARGIL STEEL AND POWER PRIVATE LIMITED,SEIAA,ToR Rejected,JAMMU AND KASHMIR,3(a) Metallurgical Industries (ferrous and non ferrous)
11,SIA/JK/IND1/463916/2024,"Clearance Type: Application for ToR (Category A, B1, and B2 Violation)/EC (Category B2) - Form 1
S/W No.: SW/172953/2024
Category: B1
Sector: Industrial Projects - 1
Date of Submission:
23/02/2024","M/s Shakti Tools India Ltd. Manufacturing of TMT, Angles, Channels, MS Patti, Flats and Billets.",JAMMU AND KASHMIR,SHAKTI TOOLS INDIA LIMITED,SEIAA,Standard ToR Granted,JAMMU AND KASHMIR,3(a) Metallurgical Industries (ferrous and non ferrous)
12,SIA/JK/IND1/428690/2023,"Clearance Type: Application for ToR (Category A, B1, and B2 Violation)/EC (Category B2) - Form 1
S/W No.: SW/128639/2023
Category: B1
Sector: Industrial Projects - 1
Date of Submission:
10/05/2023","Existing Steel Manufacturing unit ""M/s Quality Casting Industries""",JAMMU AND KASHMIR,QUALITY CASTING INDUSTRIES,SEIAA,EDS RAISED,JAMMU AND KASHMIR,3(a) Metallurgical Industries (ferrous and non ferrous)
1,SIA/JK/IND1/576459/2026,"Clearance Type: Application for Validity Extension of EC- Form-6
S/W No.: SW/152619/2023
Category: B1
Sector: Industrial Projects - 1
Date of Submission:
01/06/2026",Mehboob Cement Industries Pvt. Ltd.,JAMMU AND KASHMIR,M/S. MEHBOOB CEMENT PVT LTD,SEIAA,"DELISTED BY SYSTEM
(at : 12/07/2026)",JAMMU AND KASHMIR,3(b) Cement plants
1,SIA/JH/IND1/521365/2026,"Clearance Type: Application for ToR (Category A, B1, and B2 Violation)/EC (Category B2) - Form 1
S/W No.: SW/231401/2025
Category: B1
Sector: Industrial Projects - 1
Date of Submission:
16/06/2026","Proposal for 0.5 MTPA Electrical Steel Complex at village - Dugdha, Gamharia, Dist: Saraikela Kharsawan, Jharkhand - 832108",JHARKHAND,Tata Steel Limited,SEIAA,"DELISTED BY SYSTEM
(at : 18/07/2026)",JHARKHAND,3(a) Metallurgical Industries (ferrous and non ferrous)
2,SIA/JH/IND1/534425/2026,"Clearance Type: Application for ToR (Category A, B1, and B2 Violation)/EC (Category B2) - Form 1
S/W No.: SW/244380/2025
Category: B1
Sector: Industrial Projects - 1
Date of Submission:
06/06/2026","Expansion of Ingot/Billet Production from 16,800 TPA to 6,99,600 TPA (Installation of 4x35 T IF along with 2x30 MT EAF) and Rolling Mill Capacity from 6,000 TPA to 7,26,000 TPA (MS Rebars, M.S Rounds & M.S Light Structures) with Fly Ash Brick Plant (3.30 Crore Bricks/Annum) and 350 TPD Slag Crushing Unit at Sri Langta Baba Steels Pvt. Ltd., Giridih, Jharkhand",JHARKHAND,SRI LANGTA BABA STEELS PRIVATE LIMITED,SEIAA,ADS Raised,JHARKHAND,3(a) Metallurgical Industries (ferrous and non ferrous)
3,SIA/JH/IND1/580873/2026,"Clearance Type: Application for Amendment in EC- Form-4
S/W No.: SW/114071/2023
Category: B1
Sector: Industrial Projects - 1
Date of Submission:
04/06/2026","Expansion of existing plant of 36000 TPA M.S. Billets/Ingots to a final configuration of Induction Furnaces 2x10T & 2x12T (Billets/Ingots- 145200 TPA) with Slag Crusher (10 TPH) –33000 TPA, TMT Bars & Rolled Products – 165000 TPA and reheating furnace of 30 TPH (emergency use) at Plot No C-21 to C-25 at Kandra Industrial Area Govindpur, District -Dhanbad, Jharkhand by Jai Prabhuji Iron & Steel (P) Ltd",JHARKHAND,JAI PRABHUJI IRON & STEEL PRIVATE LIMITED,SEIAA,EC Granted,JHARKHAND,3(a) Metallurgical Industries (ferrous and non ferrous)
4,SIA/JH/IND1/574101/2026,"Clearance Type: Application for ToR (Category A, B1, and B2 Violation)/EC (Category B2) - Form 1
S/W No.: SW/279877/2026
Category: B2
Sector: Industrial Projects - 1
Date of Submission:
01/05/2026","Proposed Expansion of Rolling Mill (from 90,000 TPA to 1,15,200 TPA for Production of TMT Rebars (Hot Charging) along with Installation of 4×12 T Induction Furnace (1,18,000 TPA) by M/s. Saluja Metaliks Private Limited",JHARKHAND,SALUJA METALIKS Private limited,SEIAA,"DELISTED BY SYSTEM
(at : 14/06/2026)",JHARKHAND,3(a) Metallurgical Industries (ferrous and non ferrous)
5,SIA/JH/IND1/569809/2026,"Clearance Type: Application for Amendment in EC- Form-4
S/W No.: SW/238007/2025
Category: B1
Sector: Industrial Projects - 1
Date of Submission:
21/04/2026","Establishment of Greenfield Plant for 10,00,000 TPA Pickling Line with other facilities such as HR Slitter, Cut-to-Length, Coil Preparation Line by BMW Industries Limited at Plot No. IV/B-1 (P), Phase IV, Balidih Industrial Area, Bokaro Steel City, Dist. Bokaro – 827014, Jharkhand",JHARKHAND,BMW INDUSTRIES LIMITED,SEIAA,EC Granted,JHARKHAND,3(a) Metallurgical Industries (ferrous and non ferrous)
6,SIA/JH/IND1/564289/2026,"Clearance Type: Application for ToR (Category A, B1, and B2 Violation)/EC (Category B2) - Form 1
S/W No.: SW/271250/2026
Category: B1
Sector: Industrial Projects - 1
Date of Submission:
10/03/2026","Expansion of Existing plant for Manufacturing of Grey, SG, CI and ADI Iron Casting Component by electric furnaces from 23,520 TPA to 50,000 TPA by increasing the capacity of Casting Line at Village: Bholadih, P.O: Kolabira, P.S: Saraikela, Dist.: Saraikela Kharswan, Jharkhand by M/s Ramkrishna Forgings Limited (Plant-VIII).",JHARKHAND,RAMKRISHNA FORGINGS LIMITED,SEIAA,ToR Granted,JHARKHAND,3(a) Metallurgical Industries (ferrous and non ferrous)
7,SIA/JH/IND1/553737/2025,"Clearance Type: Application for EC (Category A, B1, and B2 Violation)- Form 1
S/W No.: SW/238007/2025
Category: B1
Sector: Industrial Projects - 1
Date of Submission:
06/10/2025","Establishment of Greenfield Plant for 10,00,000 TPA Pickling Line with other facilities such as HR Slitter, Cut-to-Length, Coil Preparation Line by BMW Industries Limited at Plot No. IV/B-1 (P), Phase IV, Balidih Industrial Area, Bokaro Steel City, Dist. Bokaro – 827014, Jharkhand",JHARKHAND,BMW INDUSTRIES LIMITED,SEIAA,EC Granted,JHARKHAND,3(a) Metallurgical Industries (ferrous and non ferrous)
8,SIA/JH/IND1/543778/2025,"Clearance Type: Application for Transfer of EC- Form-7
S/W No.: SW/248595/2025
Category: B1
Sector: Industrial Projects - 1
Date of Submission:
05/09/2025","Transfer of EC (EC identification no. EC23B008JH110673 & File no. EC/SEIAA/2023-24/2693/2023), granted by SEIAA Jharkhand, vide Memo no. EC/SEIAA/2023-24/2785/2023 from The Indian Steel & Wire Products Limited to Tata Steel Limited, Wires Division Jamshedpur",JHARKHAND,Tata Steel Limited,SEIAA,EC Granted,JHARKHAND,3(a) Metallurgical Industries (ferrous and non ferrous)
9,SIA/JH/IND1/536606/2025,"Clearance Type: Application for Corrigendum Form-13
S/W No.: SW/102562/2022
Category: B1
Sector: Industrial Projects - 1
Date of Submission:
15/05/2025","Environmental Clearance for enhancing the production of TMT Bars/Rods from 16,500TPA to 64,680TPA by modernization of Existing Re-Rolling Mill from 5TPH to 10TPH capacity and by enhancing the production of M.S. Billets from 12,210TPA to 79,200TPA by installing additional 2x10T induction furnace along with existing 1x4T induction furnace and existing 1x2 Strand, 4/7 Radius CCM by M/s Lall Steels Pvt Ltd at Village - Mahtodih, P.S – Mahtodih P.O - Udnabad, and District- Giridih, Jharkhand",JHARKHAND,LALL STEELS PRIVATE LIMITED,SEIAA,EC Granted,JHARKHAND,3(a) Metallurgical Industries (ferrous and non ferrous)
10,SIA/JH/IND1/535869/2025,"Clearance Type: Application for EC (Category A, B1, and B2 Violation)- Form 1
S/W No.: SW/178257/2024
Category: B1
Sector: Industrial Projects - 1
Date of Submission:
03/05/2025","Environmental Clearance for Production of MS Billets 3,00,000 TPA through installing 4x20T Induction Furnaces, CCM of 2X2 Strand, Radius-6/11 along with rolling mill to produce 2,90,500 TPA rolled product and Slag Crusher of 10 TPH by M/s Sarvashiva Iron and Steel Private Limited",JHARKHAND,SARVASHIVA IRON & STEEL PRIVATE LIMITED,SEIAA,EC Granted,JHARKHAND,3(a) Metallurgical Industries (ferrous and non ferrous)
11,SIA/JH/IND1/527097/2025,"Clearance Type: Application for Amendment in EC- Form-4
S/W No.: SW/102562/2022
Category: B1
Sector: Industrial Projects - 1
Date of Submission:
12/03/2025","Environmental Clearance for enhancing the production of TMT Bars/Rods from 16,500TPA to 64,680TPA by modernization of Existing Re-Rolling Mill from 5TPH to 10TPH capacity and by enhancing the production of M.S. Billets from 12,210TPA to 79,200TPA by installing additional 2x10T induction furnace along with existing 1x4T induction furnace and existing 1x2 Strand, 4/7 Radius CCM by M/s Lall Steels Pvt Ltd at Village - Mahtodih, P.S – Mahtodih P.O - Udnabad, and District- Giridih, Jharkhand",JHARKHAND,LALL STEELS PRIVATE LIMITED,SEIAA,EC Granted,JHARKHAND,3(a) Metallurgical Industries (ferrous and non ferrous)
12,SIA/JH/IND1/527372/2025,"Clearance Type: Application for ToR (Category A, B1, and B2 Violation)/EC (Category B2) - Form 1
S/W No.: SW/238007/2025
Category: B1
Sector: Industrial Projects - 1
Date of Submission:
11/03/2025","Establishment of Greenfield Plant for 10,00,000 TPA Pickling Line with other facilities such as HR Slitter, Cut-to-Length, Coil Preparation Line by BMW Industries Limited at Plot No. IV/B-1 (P), Phase IV, Balidih Industrial Area, Bokaro Steel City, Dist. Bokaro – 827014, Jharkhand",JHARKHAND,BMW INDUSTRIES LIMITED,SEIAA,ToR Granted,JHARKHAND,3(a) Metallurgical Industries (ferrous and non ferrous)
13,SIA/JH/IND1/503556/2024,"Clearance Type: Application for Transfer of EC- Form-7
S/W No.: SW/214569/2024
Category: B1
Sector: Industrial Projects - 1
Date of Submission:
27/12/2024","Transfer of EC (EC identification no. EC23B008JH191979 & File no. EC/SEIAA/2023-24/2693/2023), granted by SEIAA Jharkhand, vide Memo no. EC/SEIAA/2022-23/2693/2022/207 from The Indian Steel & Wire Products Limited to Tata Steel Limited (Combimill Division - unit of Tata Steel Gamharia)",JHARKHAND,Tata Steel Limited,SEIAA,EC Granted,JHARKHAND,3(a) Metallurgical Industries (ferrous and non ferrous)
14,SIA/JH/IND1/513292/2024,"Clearance Type: Application for EC (Category A, B1, and B2 Violation)- Form 1
S/W No.: SW/181434/2024
Category: B1
Sector: Industrial Projects - 1
Date of Submission:
14/12/2024","Expansion of Sponge iron plant production from 33,000TPA to 62700 TPA by enhancement of Kiln 100 TPD to 190 TPD M/s. Niranjan Metallic Limited",JHARKHAND,niranjan metalic limited,SEIAA,EC Granted,JHARKHAND,3(a) Metallurgical Industries (ferrous and non ferrous)
15,SIA/JH/IND1/514125/2024,"Clearance Type: Application for EC (Category A, B1, and B2 Violation)- Form 1
S/W No.: SW/181340/2024
Category: B1
Sector: Industrial Projects - 1
Date of Submission:
12/12/2024","Environmental Clearance for Expansion of Sponge Iron Plant from 33,000 TPA to 62,700 TPA by addition of 90 TPD Kiln & existing 100 TPD Kiln along with proposed Captive Power Plant 8MW(2X2MW WHRB & 1X4MW AFBC), M.S. Billets production 1,40,000 TPA by installing 2x20Ton Induction Furnace with CCM (3X6/11), Re Rolling Mill for production of 1,40,000 TPA rolled products and Slag Crusher Unit (10 TPH) by M/s. Venkateswara Sponge & Iron Company Private Limited at Village- Mahuatand, District- Giridih",JHARKHAND,VENKATESHWARA SPONGE AND IRON COMPANY PRIVATE LIMITED,SEIAA,EC Granted,JHARKHAND,3(a) Metallurgical Industries (ferrous and non ferrous)
16,SIA/JH/IND1/492673/2024,"Clearance Type: Application for EC (Category A, B1, and B2 Violation)- Form 1
S/W No.: SW/202702/2024
Category: B1
Sector: Industrial Projects - 1
Date of Submission:
20/08/2024","Expansion & Modernization for enhancing the production of 60,000 TPA ingots to 1,48,500 ΤΡΑ Billets, TMT Bar / Rods from 21,349 ΤΡΑ to 2,37,600 TPA and increase installed capacity of reheating furnace and slag crusher of M/s Atibir Hi-Tech Private Limited at Village : Mohanpur, Tehsil: Giridih, Dist. : Giridih, Jharkhand",JHARKHAND,ATIBIR HITECH PRIVATE LIMITED,SEIAA,EC Granted,JHARKHAND,3(a) Metallurgical Industries (ferrous and non ferrous)
17,SIA/JH/IND1/493102/2024,"Clearance Type: Application for EC (Category A, B1, and B2 Violation)- Form 1
S/W No.: SW/139904/2023
Category: B1
Sector: Industrial Projects - 1
Date of Submission:
20/08/2024","Expansion of existing 27000 TPA M.S. Ingot unit to 148,500TPA MS Ingot/Billets by installing 3x15T (by replacement of Existing 2x4T Furnace & Addition of 1x15T IF) along with CCM-1x2 strand, 4/7m radius, enhancement of slag crusher capacity from 9,000TPA to 33,000TPA and Production of 145,000TPA Rolled Products by installing 1x25TPH Rolling Mill along with 1x30TPH capacity reheating furnace by M/s Kumardhubi Steels Pvt Ltd at Village: Rajpura, P.O.: Kumardhubi, District: Dhanbad, Jharkhand",JHARKHAND,KUMARDHUBI STEELS PRIVATE LIMITED,SEIAA,EC Granted,JHARKHAND,3(a) Metallurgical Industries (ferrous and non ferrous)
18,SIA/JH/IND1/471081/2024,"Clearance Type: Application for Transfer of EC- Form-7
S/W No.: SW/113037/2022
Category: B1
Sector: Industrial Projects - 1
Date of Submission:
28/06/2024","Operation of current plant of capacity 415,000 TPA and proposed phase-wise expansion to 1,015,000 TPA capacity of Electrolytic Tinplateand Tin-Free Steel material including 28,000 TPA Printed and Lacquered sheets at Golmuri Works, Jamshedpur, East Singhbhum, Jharkhand",JHARKHAND,THE TINPLATE COMPANY OF INDIA LIMITED,SEIAA,"DELISTED BY SYSTEM
(at : 20/05/2025)",JHARKHAND,3(a) Metallurgical Industries (ferrous and non ferrous)
19,SIA/JH/IND1/471102/2024,"Clearance Type: Application for Transfer of EC- Form-7
S/W No.: SW/113037/2022
Category: B1
Sector: Industrial Projects - 1
Date of Submission:
24/06/2024","Operation of current plant of capacity 415,000 TPA and proposed phase-wise expansion to 1,015,000 TPA capacity of Electrolytic Tinplateand Tin-Free Steel material including 28,000 TPA Printed and Lacquered sheets at Golmuri Works, Jamshedpur, East Singhbhum, Jharkhand",JHARKHAND,THE TINPLATE COMPANY OF INDIA LIMITED,SEIAA,EC Granted,JHARKHAND,3(a) Metallurgical Industries (ferrous and non ferrous)
20,SIA/JH/IND1/472307/2024,"Clearance Type: Application for Transfer of EC- Form-7
S/W No.: SW/180185/2024
Category: B1
Sector: Industrial Projects - 1
Date of Submission:
30/05/2024","Transfer of EC granted by SEIAA Jharkhand vide letter no. EC/SEIAA/2015-16/872/2015/262 from Tata Steel Long Product limited to Tata Steel Limited, Gamharia",JHARKHAND,Tata Steel Limited,SEIAA,EC Granted,JHARKHAND,3(a) Metallurgical Industries (ferrous and non ferrous)
21,SIA/JH/IND1/428941/2023,"Clearance Type: Application for ToR (Category A, B1, and B2 Violation)/EC (Category B2) - Form 1
S/W No.: SW/128884/2023
Category: B1
Sector: Industrial Projects - 1
Date of Submission:
27/05/2024","Regularization of Existing Rolling mill, Multi blanking line (CTL), Reheating furnace (11 TPH) for production of 28160 TPA Round Bars, Flat Bars & Sections and 20 million/year M.S. Blanks-Disc along with Modernization of existing Coal Gasifier by M/s Steel Strips Wheel Limited at Village- Muria, P.O. Kolabira, Dist.- Saraikela Kharsawan, Jharkhand",JHARKHAND,STEEL STRIPS WHEELS LTD,SEIAA,ToR Granted,JHARKHAND,3(a) Metallurgical Industries (ferrous and non ferrous)
22,SIA/JH/IND1/472670/2024,"Clearance Type: Application for ToR (Category A, B1, and B2 Violation)/EC (Category B2) - Form 1
S/W No.: SW/181340/2024
Category: B1
Sector: Industrial Projects - 1
Date of Submission:
27/05/2024","Environmental Clearance for Expansion of Sponge Iron Plant from 33,000 TPA to 62,700 TPA by addition of 90 TPD Kiln & existing 100 TPD Kiln along with proposed Captive Power Plant 8MW(2X2MW WHRB & 1X4MW AFBC), M.S. Billets production 1,40,000 TPA by installing 2x20Ton Induction Furnace with CCM (3X6/11), Re Rolling Mill for production of 1,40,000 TPA rolled products and Slag Crusher Unit (10 TPH) by M/s. Venkateswara Sponge & Iron Company Private Limited at Village- Mahuatand, District- Giridih",JHARKHAND,VENKATESHWARA SPONGE AND IRON COMPANY PRIVATE LIMITED,SEIAA,ToR Granted,JHARKHAND,3(a) Metallurgical Industries (ferrous and non ferrous)
23,SIA/JH/IND1/472850/2024,"Clearance Type: Application for EC (Category A, B1, and B2 Violation)- Form 1
S/W No.: SW/129617/2023
Category: B1
Sector: Industrial Projects - 1
Date of Submission:
24/05/2024","Enhancement of MS Billet production from 27,000 TPA to 188,100 TPA through 3x15T (proposed) & 1x12T (existing) Induction Furnaces along with CCM-1x2 Strand, Rad- 4/7), Slag Crusher from 15,000TPA to 45,000TPA capacity and production of 181,500 TPA TMT Bars & Rolled Products by installing Rolling Mill of capacity 550TPD by M/s Divine Steels Pvt Ltd At Plot No. 13/IA, Barhi Industrial Area, Village: Konra, P.S.: Barhi, District: Hazaribagh, Jharkhand",JHARKHAND,DIVINE STEELS PRIVATE LIMITED,SEIAA,EC Granted,JHARKHAND,3(a) Metallurgical Industries (ferrous and non ferrous)
24,SIA/JH/IND1/472779/2024,"Clearance Type: Application for ToR (Category A, B1, and B2 Violation)/EC (Category B2) - Form 1
S/W No.: SW/181434/2024
Category: B1
Sector: Industrial Projects - 1
Date of Submission:
15/05/2024","Expansion of Sponge iron plant production from 33,000TPA to 62700 TPA by enhancement of Kiln 100 TPD to 190 TPD M/s. Niranjan Metallic Limited",JHARKHAND,niranjan metalic limited,SEIAA,ToR Granted,JHARKHAND,3(a) Metallurgical Industries (ferrous and non ferrous)
25,SIA/JH/IND1/469494/2024,"Clearance Type: Application for ToR (Category A, B1, and B2 Violation)/EC (Category B2) - Form 1
S/W No.: SW/178257/2024
Category: B1
Sector: Industrial Projects - 1
Date of Submission:
24/04/2024","Environmental Clearance for Production of MS Billets 3,00,000 TPA through installing 4x20T Induction Furnaces, CCM of 2X2 Strand, Radius-6/11 along with rolling mill to produce 2,90,500 TPA rolled product and Slag Crusher of 10 TPH by M/s Sarvashiva Iron and Steel Private Limited",JHARKHAND,SARVASHIVA IRON & STEEL PRIVATE LIMITED,SEIAA,ToR Granted,JHARKHAND,3(a) Metallurgical Industries (ferrous and non ferrous)
26,SIA/JH/IND1/469959/2024,"Clearance Type: Application for ToR (Category A, B1, and B2 Violation)/EC (Category B2) - Form 1
S/W No.: SW/178720/2024
Category: B1
Sector: Industrial Projects - 1
Date of Submission:
24/04/2024","ENVIRONMENTAL CLEARANCE TO ENHANCE THE PRODUCTION OF M.S INGOT/BILLET FROM 24000 TPA TO 105600 TPA BY ADDITION OF 3X 8 MT INDUCTION FURNACE WITH EXISTING 1X 8MT INDUCTION FURNACE ALONG WITH CCM 4/6 AND PROPOSED ROLLING MILL WITH CAPACITY 102630 TPA AND SLAG CRUSHER OF CAPACITY 10 TPH M/S INDRANI STEEL PRIVATE LIMITED AT Phase- III/A 4(P), Industrial Area Balidih, Bokaro Steel City, Jharkhand-827014",JHARKHAND,INDRANI STEELS PRIVATE LIMITED,SEIAA,"DELISTED BY SYSTEM
(at : 30/10/2024)",JHARKHAND,3(a) Metallurgical Industries (ferrous and non ferrous)
27,SIA/JH/IND1/469369/2024,"Clearance Type: Application for EC (Category A, B1, and B2 Violation)- Form 1
S/W No.: SW/113929/2023
Category: B1
Sector: Industrial Projects - 1
Date of Submission:
24/04/2024","Environmental clearance for enhancing the production of TMT bars from 27000 TPA to 144,210 TPA by modernizing the existing re-rolling mill and proposed production of ~148500 TPA of M.S billet by addition of 3 nos. of induction furnace of capacity 15 ton each with ccm-2x2strand & slag crusher 29700 TPA by M/s. Shailputri iron and steels private limited",JHARKHAND,SHAILPUTRI IRON AND STEELS PRIVATE LIMITED,SEIAA,EC Granted,JHARKHAND,3(a) Metallurgical Industries (ferrous and non ferrous)
28,SIA/JH/IND1/469495/2024,"Clearance Type: Application for EC (Category A, B1, and B2 Violation)- Form 1
S/W No.: SW/138903/2023
Category: B1
Sector: Industrial Projects - 1
Date of Submission:
24/04/2024","Proposed project for Enhancement of MS Billet Production From 15,000 TPA to 148,500 TPA through 3x15T Induction Furnaces (by Replacing existing 1x6 T furnace with 1x15T & Installing additional 2x15T Furnaces along with CCM-2X2 Strand, Slag Crusher from 2400 TPA to 30,000 TPA capacity and TMT Bars & Rolled Products from 13,500 TPA To 144,210 TPA By Modernization of Existing Rolling Mill from 1x5TPH to 1x25 TPH Capacity along with Electroplating Unit of 20 TPD by M/s Tulshyan Metals Private Limite",JHARKHAND,TULSHYAN METALS PRIVATE LIMITED,SEIAA,EC Granted,JHARKHAND,3(a) Metallurgical Industries (ferrous and non ferrous)
29,SIA/JH/IND1/469422/2024,"Clearance Type: Application for EC (Category A, B1, and B2 Violation)- Form 1
S/W No.: SW/125202/2023
Category: B1
Sector: Industrial Projects - 1
Date of Submission:
23/04/2024","Expansion of existing Rolling Mill from Production Capacity of TMT Bars - 28,800 TPA to TMT Bars & Rolled Products - 2,50,000 TPA with Coal/Oil Fired Re-heating Furnace & Coal Pulverizer at Mauza- Bhorandiha & Bishwasdih, Thana No. 275 & 278, Thana- Giridih, P.O.- Gadi Srirampur, District - Giridih, Jharkhand by M/s. Rebanta Steels Private Limited.",JHARKHAND,REBANTA STEELS PRIVATE LIMITED,SEIAA,EC Granted,JHARKHAND,3(a) Metallurgical Industries (ferrous and non ferrous)
30,SIA/JH/IND1/412624/2022,"Clearance Type: Application for ToR (Category A, B1, and B2 Violation)/EC (Category B2) - Form 1
S/W No.: SW/113298/2022
Category: B1
Sector: Industrial Projects - 1
Date of Submission:
23/11/2023","Enhancement of MS Billet production from 28800TPA to 118800TPA through 3x12T Induction Furnaces (by existing 1x12T Furnace & installing additional 2x12T Furnaces along with CCM-1x2strand, Rad- 4/7), Slag Crusher from 3600 TPA to 30000 TPA capacity and production of 117600TPA TMT Bars & Rolled Products by installing Rolling Mill of 1x20TPH Capacity at Plot No. 57/C, Barhi Industrial Area, Village: Konra, P.S.: Barhi, District: Hazaribagh, Jharkhand.",JHARKHAND,SHRESTH STEEL & ENERGY LLP,SEIAA,TOR Granted,JHARKHAND,3(a) Metallurgical Industries (ferrous and non ferrous)
31,SIA/JH/IND1/412624/2022,"Clearance Type: Application for ToR (Category A, B1, and B2 Violation)/EC (Category B2) - Form 1
S/W No.: SW/113298/2022
Category: B1
Sector: Industrial Projects - 1
Date of Submission:
23/11/2023","Enhancement of MS Billet production from 28800TPA to 118800TPA through 3x12T Induction Furnaces (by existing 1x12T Furnace & installing additional 2x12T Furnaces along with CCM-1x2strand, Rad- 4/7), Slag Crusher from 3600 TPA to 30000 TPA capacity and production of 117600TPA TMT Bars & Rolled Products by installing Rolling Mill of 1x20TPH Capacity at Plot No. 57/C, Barhi Industrial Area, Village: Konra, P.S.: Barhi, District: Hazaribagh, Jharkhand.",JHARKHAND,SHRESTH STEEL & ENERGY LLP,SEIAA,TOR Granted,JHARKHAND,3(a) Metallurgical Industries (ferrous and non ferrous)
32,SIA/JH/IND1/413082/2023,"Clearance Type: Application for ToR (Category A, B1, and B2 Violation)/EC (Category B2) - Form 1
S/W No.: SW/114097/2023
Category: B1
Sector: Industrial Projects - 1
Date of Submission:
23/11/2023","Environmental Clearance of Proposed production capacity 2,64,000 TPA of MS billets unit by addition of 4x20 T Induction Furnace with CCM (2x2strand) along with exsisting production capacity of ~9,000 TPA (MS Wire Chain, Link Galva Barbed Wire, Nail, Welded Mess), 3,000 TPA (Karibar & Karibar Ring) and Slag crusher 60,500 TPA",JHARKHAND,ANJANISUTA STEELS PRIVATE LIMITED,SEIAA,TOR Granted,JHARKHAND,3(a) Metallurgical Industries (ferrous and non ferrous)
33,SIA/JH/IND1/413273/2023,"Clearance Type: Application for ToR (Category A, B1, and B2 Violation)/EC (Category B2) - Form 1
S/W No.: SW/112538/2022
Category: B1
Sector: Industrial Projects - 1
Date of Submission:
23/11/2023","Environmental Clearance for enhancing the production of Angle, Flat, etc. from 13500 TPA to 50000 TPA by modernization of Existing Re-Rolling Mill and by enhancing the production of M.S. Billet from 14700 TPA to 60000 TPA by installing additional 1*10T induction furnace and modernization of existing induction furnace from 1*8T to 1*10T by M/S Renuka Ispat Private Limited",JHARKHAND,RENUKA ISPAT PRIVATE LIMITED,SEIAA,TOR Granted,JHARKHAND,3(a) Metallurgical Industries (ferrous and non ferrous)
34,SIA/JH/IND1/413313/2023,"Clearance Type: Application for ToR (Category A, B1, and B2 Violation)/EC (Category B2) - Form 1
S/W No.: SW/114348/2023
Category: B1
Sector: Industrial Projects - 1
Date of Submission:
23/11/2023","Expansion of Existing MS Ingot/Billet production from 13200 TPA to 118800 TPA through existing 2x8T Furnace & installing additional 2x10T Furnaces along with CCM-1x2strand, Rad- 4/7 and production of 29700 TPA to 117600 TPA by increasing Rolling Mill capacity to 1x20TPH located at Plot No. IV/A-5(P), Bokaro Industrial Area, Balidih, Bokaro, Jharkhand",JHARKHAND,MANGALAM ISPAT,SEIAA,TOR Granted,JHARKHAND,3(a) Metallurgical Industries (ferrous and non ferrous)
35,SIA/JH/IND1/411022/2022,"Clearance Type: Application for ToR (Category A, B1, and B2 Violation)/EC (Category B2) - Form 1
S/W No.: SW/112003/2022
Category: B1
Sector: Industrial Projects - 1
Date of Submission:
23/11/2023","Installation of 0.5 MTPA combi mill (Special Bar Quality and Wire Rod Mill) located in khata no. 35, ward no. 19, Jamshedpur, district – East Singhbhum, Jharkhand",JHARKHAND,THE INDIAN STEEL AND WIRE PRODUCTS LIMITED,SEIAA,TOR Granted,JHARKHAND,3(a) Metallurgical Industries (ferrous and non ferrous)
36,SIA/JH/IND1/412634/2022,"Clearance Type: Application for EC (Category A, B1, and B2 Violation)- Form 1
S/W No.: SW/113037/2022
Category: B1
Sector: Industrial Projects - 1
Date of Submission:
16/11/2023","Operation of current plant of capacity 415,000 TPA and proposed phase-wise expansion to 1,015,000 TPA capacity of Electrolytic Tinplateand Tin-Free Steel material including 28,000 TPA Printed and Lacquered sheets at Golmuri Works, Jamshedpur, East Singhbhum, Jharkhand",JHARKHAND,THE TINPLATE COMPANY OF INDIA LIMITED,SEIAA,EC Granted,JHARKHAND,3(a) Metallurgical Industries (ferrous and non ferrous)
37,SIA/JH/IND1/448527/2023,"Clearance Type: Application for EC (Category A, B1, and B2 Violation)- Form 1
S/W No.: SW/114071/2023
Category: B1
Sector: Industrial Projects - 1
Date of Submission:
16/10/2023","Expansion of existing plant of 36000 TPA M.S. Billets/Ingots to a final configuration of Induction Furnaces 2x10T & 2x12T (Billets/Ingots- 145200 TPA) with Slag Crusher (10 TPH) –33000 TPA, TMT Bars & Rolled Products – 165000 TPA and reheating furnace of 30 TPH (emergency use) at Plot No C-21 to C-25 at Kandra Industrial Area Govindpur, District -Dhanbad, Jharkhand by Jai Prabhuji Iron & Steel (P) Ltd",JHARKHAND,JAI PRABHUJI IRON & STEEL PRIVATE LIMITED,SEIAA,EC Granted,JHARKHAND,3(a) Metallurgical Industries (ferrous and non ferrous)
38,SIA/JH/IND1/448804/2023,"Clearance Type: Application for EC (Category A, B1, and B2 Violation)- Form 1
S/W No.: SW/122763/2023
Category: B1
Sector: Industrial Projects - 1
Date of Submission:
15/10/2023","Enhancement of MS Billet production from 27,000 TPA to 148,500 TPA through 3x15T Induction Furnaces (by replacing existing 1x9T Furnace with 1x15T & installing additional 2x15 T Furnaces along with CCM-1x2strand, 4/7 radius), and production of 145,500 TPA TMT Bars & Rolled Products by installing Rolling Mills of 1x25 TPH Capacity and reheating furnace of 30 TPH (emergency use) at Plot No C-13, C-15 & C-16, Village- Kansitanr, Thana No. 124, Thana-Govindpur, P.S.-Govindpur, District -Dhanbad,",JHARKHAND,SHREE DWARIKESH ECOTEX PRIVATE LIMITED,SEIAA,EC Granted,JHARKHAND,3(a) Metallurgical Industries (ferrous and non ferrous)
39,SIA/JH/IND1/447334/2023,"Clearance Type: Application for EC (Category A, B1, and B2 Violation)- Form 1
S/W No.: SW/126367/2023
Category: B1
Sector: Industrial Projects - 1
Date of Submission:
13/10/2023","Expansion of Forging Unit of M/s Ramkrishna Forgings Limited (Unit – VII) from 18,600 to 100,000TPA and Fabrication & Assembly capacity 13,130TPA at Plot No. 1988, Industrial Area, Village- Dugni, Block- Seraikela, District- Seraikela Kharsawan, State- Jharkhand",JHARKHAND,RAMKRISHNA FORGINGS LIMITED,SEIAA,EC Granted,JHARKHAND,3(a) Metallurgical Industries (ferrous and non ferrous)
40,SIA/JH/IND1/447255/2023,"Clearance Type: Application for EC (Category A, B1, and B2 Violation)- Form 1
S/W No.: SW/114348/2023
Category: B1
Sector: Industrial Projects - 1
Date of Submission:
11/10/2023","Expansion of Existing MS Ingot/Billet production from 13200 TPA to 118800 TPA through existing 2x8T Furnace & installing additional 2x10T Furnaces along with CCM-1x2strand, Rad- 4/7 and production of 29700 TPA to 117600 TPA by increasing Rolling Mill capacity to 1x20TPH located at Plot No. IV/A-5(P), Bokaro Industrial Area, Balidih, Bokaro, Jharkhand",JHARKHAND,MANGALAM ISPAT,SEIAA,EC Granted,JHARKHAND,3(a) Metallurgical Industries (ferrous and non ferrous)
41,SIA/JH/IND1/447067/2023,"Clearance Type: Application for EC (Category A, B1, and B2 Violation)- Form 1
S/W No.: SW/124192/2023
Category: B1
Sector: Industrial Projects - 1
Date of Submission:
08/10/2023","Environment clearance of existing unit of M/s Mohit Ventures Private limited, Koderma with proposed production capacity 1,80,000 TPA of TMT bar",JHARKHAND,MOHIT VENTURES PVT LTD,SEIAA,EC Granted,JHARKHAND,3(a) Metallurgical Industries (ferrous and non ferrous)
42,SIA/JH/IND1/447256/2023,"Clearance Type: Application for EC (Category A, B1, and B2 Violation)- Form 1
S/W No.: SW/112538/2022
Category: B1
Sector: Industrial Projects - 1
Date of Submission:
08/10/2023","Environmental Clearance for enhancing the production of Angle, Flat, etc. from 13500 TPA to 50000 TPA by modernization of Existing Re-Rolling Mill and by enhancing the production of M.S. Billet from 14700 TPA to 60000 TPA by installing additional 1*10T induction furnace and modernization of existing induction furnace from 1*8T to 1*10T by M/S Renuka Ispat Private Limited",JHARKHAND,RENUKA ISPAT PRIVATE LIMITED,SEIAA,EC Granted,JHARKHAND,3(a) Metallurgical Industries (ferrous and non ferrous)
43,SIA/JH/IND1/444539/2023,"Clearance Type: Application for EC (Category A, B1, and B2 Violation)- Form 1
S/W No.: SW/113298/2022
Category: B1
Sector: Industrial Projects - 1
Date of Submission:
18/09/2023","Enhancement of MS Billet production from 28800TPA to 118800TPA through 3x12T Induction Furnaces (by existing 1x12T Furnace & installing additional 2x12T Furnaces along with CCM-1x2strand, Rad- 4/7), Slag Crusher from 3600 TPA to 30000 TPA capacity and production of 117600TPA TMT Bars & Rolled Products by installing Rolling Mill of 1x20TPH Capacity at Plot No. 57/C, Barhi Industrial Area, Village: Konra, P.S.: Barhi, District: Hazaribagh, Jharkhand.",JHARKHAND,SHRESTH STEEL & ENERGY LLP,SEIAA,EC Granted,JHARKHAND,3(a) Metallurgical Industries (ferrous and non ferrous)
44,SIA/JH/IND1/440302/2023,"Clearance Type: Application for ToR (Category A, B1, and B2 Violation)/EC (Category B2) - Form 1
S/W No.: SW/139904/2023
Category: B1
Sector: Industrial Projects - 1
Date of Submission:
15/08/2023","Expansion of existing 27000 TPA M.S. Ingot unit to 148,500TPA MS Ingot/Billets by installing 3x15T (by replacement of Existing 2x4T Furnace & Addition of 1x15T IF) along with CCM-1x2 strand, 4/7m radius, enhancement of slag crusher capacity from 9,000TPA to 33,000TPA and Production of 145,000TPA Rolled Products by installing 1x25TPH Rolling Mill along with 1x30TPH capacity reheating furnace by M/s Kumardhubi Steels Pvt Ltd at Village: Rajpura, P.O.: Kumardhubi, District: Dhanbad, Jharkhand",JHARKHAND,KUMARDHUBI STEELS PRIVATE LIMITED,SEIAA,TOR Granted,JHARKHAND,3(a) Metallurgical Industries (ferrous and non ferrous)
45,SIA/JH/IND1/440120/2023,"Clearance Type: Application for EC (Category A, B1, and B2 Violation)- Form 1
S/W No.: SW/102562/2022
Category: B1
Sector: Industrial Projects - 1
Date of Submission:
15/08/2023","Environmental Clearance for enhancing the production of TMT Bars/Rods from 16,500TPA to 64,680TPA by modernization of Existing Re-Rolling Mill from 5TPH to 10TPH capacity and by enhancing the production of M.S. Billets from 12,210TPA to 79,200TPA by installing additional 2x10T induction furnace along with existing 1x4T induction furnace and existing 1x2 Strand, 4/7 Radius CCM by M/s Lall Steels Pvt Ltd at Village - Mahtodih, P.S – Mahtodih P.O - Udnabad, and District- Giridih, Jharkhand",JHARKHAND,LALL STEELS PRIVATE LIMITED,SEIAA,EC Granted,JHARKHAND,3(a) Metallurgical Industries (ferrous and non ferrous)
46,SIA/JH/IND1/440210/2023,"Clearance Type: Application for EC (Category A, B1, and B2 Violation)- Form 1
S/W No.: SW/122761/2023
Category: B1
Sector: Industrial Projects - 1
Date of Submission:
15/08/2023","Expansion of existing Rebars & Wire Rods at Wire Rod Mill from capacity 2,67,000 TPA to 4,75,200 TPA & HC & MS GI Wires at Wire Mill from 62,050 TPA to 2,37,600 TPA and 100 TPA Graphene Powder production facility, located at Jamshedpur Notified Area Committee, District: East Singhbhum, Jharkhand",JHARKHAND,THE INDIAN STEEL AND WIRE PRODUCTS LIMITED,SEIAA,EC Granted,JHARKHAND,3(a) Metallurgical Industries (ferrous and non ferrous)
47,SIA/JH/IND1/439213/2023,"Clearance Type: Application for ToR (Category A, B1, and B2 Violation)/EC (Category B2) - Form 1
S/W No.: SW/138903/2023
Category: B1
Sector: Industrial Projects - 1
Date of Submission:
14/08/2023","Proposed project for Enhancement of MS Billet Production From 15,000 TPA to 148,500 TPA through 3x15T Induction Furnaces (by Replacing existing 1x6 T furnace with 1x15T & Installing additional 2x15T Furnaces along with CCM-2X2 Strand, Slag Crusher from 2400 TPA to 30,000 TPA capacity and TMT Bars & Rolled Products from 13,500 TPA To 144,210 TPA By Modernization of Existing Rolling Mill from 1x5TPH to 1x25 TPH Capacity along with Electroplating Unit of 20 TPD by M/s Tulshyan Metals Private Limite",JHARKHAND,TULSHYAN METALS PRIVATE LIMITED,SEIAA,TOR Granted,JHARKHAND,3(a) Metallurgical Industries (ferrous and non ferrous)
48,SIA/JH/IND1/437572/2023,"Clearance Type: Application for ToR (Category A, B1, and B2 Violation)/EC (Category B2) - Form 1
S/W No.: SW/137382/2023
Category: B2
Sector: Industrial Projects - 1
Date of Submission:
27/07/2023",M/S PANKAJ STEELS,JHARKHAND,PANKAJ STEELS,SEIAA,EDS raised,JHARKHAND,3(a) Metallurgical Industries (ferrous and non ferrous)
49,SIA/JH/IND1/436829/2023,"Clearance Type: Application for ToR (Category A, B1, and B2 Violation)/EC (Category B2) - Form 1
S/W No.: SW/136660/2023
Category: B1
Sector: Industrial Projects - 1
Date of Submission:
17/07/2023","Environmental Clearance for Enhancing the production of MS Billets from 27,000TPA to 99,000TPA by installing additional 2x10T Induction Furnace and 1x10T LRF and to enhance the production of TMT Bar from 28,000TPA to 96,000TPA by modernizing the existing rolling mill capacity from 5TPH to 10TPH and Installation of Slag Crusher of 5TPH Capacity by M/s Narayani Fuels Pvt. Ltd. at Plot No. D-165, Kandra Industrial Area, Village – Kanshitar, P.S. – Barwadda, District – Dhanbad, Jharkhand",JHARKHAND,NARAYANI FUELS PRIVATE LIMITED,SEIAA,EDS raised,JHARKHAND,3(a) Metallurgical Industries (ferrous and non ferrous)
50,SIA/JH/IND1/429703/2023,"Clearance Type: Application for ToR (Category A, B1, and B2 Violation)/EC (Category B2) - Form 1
S/W No.: SW/129617/2023
Category: B1
Sector: Industrial Projects - 1
Date of Submission:
17/07/2023","Enhancement of MS Billet production from 27,000 TPA to 188,100 TPA through 3x15T (proposed) & 1x12T (existing) Induction Furnaces along with CCM-1x2 Strand, Rad- 4/7), Slag Crusher from 15,000TPA to 45,000TPA capacity and production of 181,500 TPA TMT Bars & Rolled Products by installing Rolling Mill of capacity 550TPD by M/s Divine Steels Pvt Ltd At Plot No. 13/IA, Barhi Industrial Area, Village: Konra, P.S.: Barhi, District: Hazaribagh, Jharkhand",JHARKHAND,DIVINE STEELS PRIVATE LIMITED,SEIAA,TOR Granted,JHARKHAND,3(a) Metallurgical Industries (ferrous and non ferrous)
51,SIA/JH/IND1/436455/2023,"Clearance Type: Application for ToR (Category A, B1, and B2 Violation)/EC (Category B2) - Form 1
S/W No.: SW/136242/2023
Category: B1
Sector: Industrial Projects - 1
Date of Submission:
15/07/2023","Expansion of existing Rolling Mill form Production Capacity of TMT Bars – 29,000 TPA to TMT Bars & Rolled Products - 2,00,000 TPA With Coal/Oil Fired Re-heating Furnace & Coal Pulverizer at Mauza- Manjhiladih, P.O.- Gadi Srirampur, Thana No.- 267, Thana- Giridih, District- Giridih, Jharkhand",JHARKHAND,ASLE ROLLING MILLS PRIVATE LIMITED,SEIAA,TOR Granted,JHARKHAND,3(a) Metallurgical Industries (ferrous and non ferrous)
52,SIA/JH/IND1/436639/2023,"Clearance Type: Application for EC (Category A, B1, and B2 Violation)- Form 1
S/W No.: SW/112003/2022
Category: B1
Sector: Industrial Projects - 1
Date of Submission:
15/07/2023","Installation of 0.5 MTPA combi mill (Special Bar Quality and Wire Rod Mill) located in khata no. 35, ward no. 19, Jamshedpur, district – East Singhbhum, Jharkhand",JHARKHAND,THE INDIAN STEEL AND WIRE PRODUCTS LIMITED,SEIAA,EC Granted,JHARKHAND,3(a) Metallurgical Industries (ferrous and non ferrous)
53,SIA/JH/IND1/433038/2023,"Clearance Type: Application for EC (Category A, B1, and B2 Violation)- Form 1
S/W No.: SW/114097/2023
Category: B1
Sector: Industrial Projects - 1
Date of Submission:
14/06/2023","Environmental Clearance of Proposed production capacity 2,64,000 TPA of MS billets unit by addition of 4x20 T Induction Furnace with CCM (2x2strand) along with exsisting production capacity of ~9,000 TPA (MS Wire Chain, Link Galva Barbed Wire, Nail, Welded Mess), 3,000 TPA (Karibar & Karibar Ring) and Slag crusher 60,500 TPA",JHARKHAND,ANJANISUTA STEELS PRIVATE LIMITED,SEIAA,EC Granted,JHARKHAND,3(a) Metallurgical Industries (ferrous and non ferrous)
54,SIA/JH/IND1/429580/2023,"Clearance Type: Application for EC (Category A, B1, and B2 Violation)- Form 1
S/W No.: SW/104938/2022
Category: B1
Sector: Industrial Projects - 1
Date of Submission:
20/05/2023","M/s JKI Infrastructure Pvt. Ltd. at Mauza- Barwadih, P.S- Telaiya, Tehsil, Koderma, District- Koderma, State- Jharkhand",JHARKHAND,JKI INFRASTRUCTURE PRIVATE LIMITED,SEIAA,EC Granted,JHARKHAND,3(a) Metallurgical Industries (ferrous and non ferrous)
55,SIA/JH/IND1/429861/2023,"Clearance Type: Application for EC (Category A, B1, and B2 Violation)- Form 1
S/W No.: SW/129601/2023
Category: B1
Sector: Industrial Projects - 1
Date of Submission:
20/05/2023","PROPOSED PRODUCTION CAPACITY OF THE M.S. BILLETS IS ~500 MT/DAY (1,50,000 TPA) ~500 MT/DAY (1,50,000 TPA) ROLLING MILL OF (USING CCM) ~500 TPD & SLAG CRUSHING UNIT -~10 TPH by M/s Ramkripal Steel Pvt. Ltd. at Village- Barwadih, Tehsil- Koderma, District. Koderma, Jharkhand",JHARKHAND,RAMKRIPAL STEELS PRIVATE LIMITED,SEIAA,EC Granted,JHARKHAND,3(a) Metallurgical Industries (ferrous and non ferrous)
56,SIA/JH/IND1/426384/2023,"Clearance Type: Application for ToR (Category A, B1, and B2 Violation)/EC (Category B2) - Form 1
S/W No.: SW/126367/2023
Category: B1
Sector: Industrial Projects - 1
Date of Submission:
24/04/2023","Expansion of Forging Unit of M/s Ramkrishna Forgings Limited (Unit – VII) from 18,600 to 100,000TPA and Fabrication & Assembly capacity 13,130TPA at Plot No. 1988, Industrial Area, Village- Dugni, Block- Seraikela, District- Seraikela Kharsawan, State- Jharkhand",JHARKHAND,RAMKRISHNA FORGINGS LIMITED,SEIAA,TOR Granted,JHARKHAND,3(a) Metallurgical Industries (ferrous and non ferrous)
57,SIA/JH/IND1/425536/2023,"Clearance Type: Application for ToR (Category A, B1, and B2 Violation)/EC (Category B2) - Form 1
S/W No.: SW/125202/2023
Category: B1
Sector: Industrial Projects - 1
Date of Submission:
12/04/2023","Expansion of existing Rolling Mill from Production Capacity of TMT Bars - 28,800 TPA to TMT Bars & Rolled Products - 2,50,000 TPA with Coal/Oil Fired Re-heating Furnace & Coal Pulverizer at Mauza- Bhorandiha & Bishwasdih, Thana No. 275 & 278, Thana- Giridih, P.O.- Gadi Srirampur, District - Giridih, Jharkhand by M/s. Rebanta Steels Private Limited.",JHARKHAND,REBANTA STEELS PRIVATE LIMITED,SEIAA,TOR Granted,JHARKHAND,3(a) Metallurgical Industries (ferrous and non ferrous)
58,SIA/JH/IND1/412914/2023,"Clearance Type: Application for ToR (Category A, B1, and B2 Violation)/EC (Category B2) - Form 1
S/W No.: SW/113929/2023
Category: B1
Sector: Industrial Projects - 1
Date of Submission:
12/04/2023","Environmental clearance for enhancing the production of TMT bars from 27000 TPA to 144,210 TPA by modernizing the existing re-rolling mill and proposed production of ~148500 TPA of M.S billet by addition of 3 nos. of induction furnace of capacity 15 ton each with ccm-2x2strand & slag crusher 29700 TPA by M/s. Shailputri iron and steels private limited",JHARKHAND,SHAILPUTRI IRON AND STEELS PRIVATE LIMITED,SEIAA,TOR Granted,JHARKHAND,3(a) Metallurgical Industries (ferrous and non ferrous)
59,SIA/JH/IND1/425399/2023,"Clearance Type: Application for EC (Category A, B1, and B2 Violation)- Form 1
S/W No.: SW/118181/2023
Category: B1
Sector: Industrial Projects - 1
Date of Submission:
10/04/2023",M/s Radha Gopal Ispat LLP,JHARKHAND,M/S RADHAGOPAL ISPAT LLP,SEIAA,EC Granted,JHARKHAND,3(a) Metallurgical Industries (ferrous and non ferrous)
60,SIA/JH/IND1/422426/2023,"Clearance Type: Application for ToR (Category A, B1, and B2 Violation)/EC (Category B2) - Form 1
S/W No.: SW/122761/2023
Category: B1
Sector: Industrial Projects - 1
Date of Submission:
17/03/2023","Expansion of existing Rebars & Wire Rods at Wire Rod Mill from capacity 2,67,000 TPA to 4,75,200 TPA & HC & MS GI Wires at Wire Mill from 62,050 TPA to 2,37,600 TPA and 100 TPA Graphene Powder production facility, located at Jamshedpur Notified Area Committee, District: East Singhbhum, Jharkhand",JHARKHAND,THE INDIAN STEEL AND WIRE PRODUCTS LIMITED,SEIAA,TOR Granted,JHARKHAND,3(a) Metallurgical Industries (ferrous and non ferrous)
61,SIA/JH/IND1/422444/2023,"Clearance Type: Application for ToR (Category A, B1, and B2 Violation)/EC (Category B2) - Form 1
S/W No.: SW/122763/2023
Category: B1
Sector: Industrial Projects - 1
Date of Submission:
17/03/2023","Enhancement of MS Billet production from 27,000 TPA to 148,500 TPA through 3x15T Induction Furnaces (by replacing existing 1x9T Furnace with 1x15T & installing additional 2x15 T Furnaces along with CCM-1x2strand, 4/7 radius), and production of 145,500 TPA TMT Bars & Rolled Products by installing Rolling Mills of 1x25 TPH Capacity and reheating furnace of 30 TPH (emergency use) at Plot No C-13, C-15 & C-16, Village- Kansitanr, Thana No. 124, Thana-Govindpur, P.S.-Govindpur, District -Dhanbad,",JHARKHAND,SHREE DWARIKESH ECOTEX PRIVATE LIMITED,SEIAA,TOR Granted,JHARKHAND,3(a) Metallurgical Industries (ferrous and non ferrous)
62,SIA/JH/IND1/402903/2022,"Clearance Type: Application for ToR (Category A, B1, and B2 Violation)/EC (Category B2) - Form 1
S/W No.: SW/104497/2022
Category: B1
Sector: Industrial Projects - 1
Date of Submission:
26/11/2022","Enhancement of M.S. Billet production from 24000TPA to 148,500TPA through2x15T Induction Furnaces (by replacing existing 1x8T Furnace with 1x15T & installing additional 2x15T Furnaces along with CCM – 2x2 strand), Slag Crusher from 4200TPA to 33,000TPA capacity and production of 145,500TPA TMT Bars & Rolled Products by installing Rolling Mills of 1X25TPH Capacity by M/s Pavanputra Steel and Alloys at Plot No. 57/B, Barhi Industrial Area, Village: Konra, P.S.: Barhi, District: Hazaribagh, Jharkha",JHARKHAND,SNEH JAIN,SEIAA,TOR GRANTED,JHARKHAND,3(a) Metallurgical Industries (ferrous and non ferrous)
63,SIA/JH/IND1/407476/2022,"Clearance Type: Application for EC (Category A, B1, and B2 Violation)- Form 1
S/W No.: SW/104519/2022
Category: B1
Sector: Industrial Projects - 1
Date of Submission:
24/11/2022","Expansion of Existing 24600 TPA Billets Unit by addition of 2x12 T Induction Furnaces with CCM (2X2 Strand 4/7) and replacement of existing 1x8 T furnace by 1x12 T Induction Furnace along with addition of 20 TPH Rolling Mill For Final Production Capacity of Billets 118800 TPA, Rolled Products (Direct Hot Rolling) 117600 TPA & Slag Crusher 30000 TPA by M/s JSV Enterprises at Plot No. 48, Barhi Industrial Area, Barhi, District- Hazaribagh, State- Jharkhand",JHARKHAND,JSV ENTERPRISES,SEIAA,EC Granted,JHARKHAND,3(a) Metallurgical Industries (ferrous and non ferrous)
64,SIA/JH/IND1/406493/2022,"Clearance Type: Application for EC (Category A, B1, and B2 Violation)- Form 1
S/W No.: SW/104497/2022
Category: B1
Sector: Industrial Projects - 1
Date of Submission:
16/11/2022","Enhancement of M.S. Billet production from 24000TPA to 148,500TPA through2x15T Induction Furnaces (by replacing existing 1x8T Furnace with 1x15T & installing additional 2x15T Furnaces along with CCM – 2x2 strand), Slag Crusher from 4200TPA to 33,000TPA capacity and production of 145,500TPA TMT Bars & Rolled Products by installing Rolling Mills of 1X25TPH Capacity by M/s Pavanputra Steel and Alloys at Plot No. 57/B, Barhi Industrial Area, Village: Konra, P.S.: Barhi, District: Hazaribagh, Jharkha",JHARKHAND,SNEH JAIN,SEIAA,EC Granted,JHARKHAND,3(a) Metallurgical Industries (ferrous and non ferrous)
65,SIA/JH/IND1/400932/2022,"Clearance Type: Application for ToR (Category A, B1, and B2 Violation)/EC (Category B2) - Form 1
S/W No.: SW/102562/2022
Category: B1
Sector: Industrial Projects - 1
Date of Submission:
15/11/2022","Environmental Clearance for enhancing the production of TMT Bars/Rods from 16,500TPA to 64,680TPA by modernization of Existing Re-Rolling Mill from 5TPH to 10TPH capacity and by enhancing the production of M.S. Billets from 12,210TPA to 79,200TPA by installing additional 2x10T induction furnace along with existing 1x4T induction furnace and existing 1x2 Strand, 4/7 Radius CCM by M/s Lall Steels Pvt Ltd at Village - Mahtodih, P.S – Mahtodih P.O - Udnabad, and District- Giridih, Jharkhand",JHARKHAND,LALL STEELS PRIVATE LIMITED,SEIAA,TOR Granted,JHARKHAND,3(a) Metallurgical Industries (ferrous and non ferrous)
66,SIA/JH/IND1/403496/2022,"Clearance Type: Application for ToR (Category A, B1, and B2 Violation)/EC (Category B2) - Form 1
S/W No.: SW/104938/2022
Category: B1
Sector: Industrial Projects - 1
Date of Submission:
08/11/2022","M/s JKI Infrastructure Pvt. Ltd. at Mauza- Barwadih, P.S- Telaiya, Tehsil, Koderma, District- Koderma, State- Jharkhand",JHARKHAND,JKI INFRASTRUCTURE PRIVATE LIMITED,SEIAA,TOR Granted,JHARKHAND,3(a) Metallurgical Industries (ferrous and non ferrous)
1,SIA/JH/IND1/496283/2024,"Clearance Type: Application for EC (Category A, B1, and B2 Violation)- Form 1
S/W No.: SW/184585/2024
Category: B1
Sector: Industrial Projects - 1
Date of Submission:
23/09/2024","Expansion in Cement Production Capacity from 0.528 Million TPA to 4.6 Million TPA (Expansion in existing Cement Mill from 0.528 to 0.60 Million TPA and additional Cement Mill of 4.0 Million TPA) at Patratu Industrial Area, Villages: Katia & Solia, Tehsil: Patratu, District: Ramgarh (Jharkhand) by M/s. UltraTech Cement Ltd. (Unit: Patratu Cement Works)",JHARKHAND,UltraTech Cement Limited,SEIAA,EC Granted,JHARKHAND,3(b) Cement plants
2,SIA/JH/IND1/476272/2024,"Clearance Type: Application for ToR (Category A, B1, and B2 Violation)/EC (Category B2) - Form 1
S/W No.: SW/184585/2024
Category: B1
Sector: Industrial Projects - 1
Date of Submission:
29/05/2024","Expansion in Cement Production Capacity from 0.528 Million TPA to 4.6 Million TPA (Expansion in existing Cement Mill from 0.528 to 0.60 Million TPA and additional Cement Mill of 4.0 Million TPA) at Patratu Industrial Area, Villages: Katia & Solia, Tehsil: Patratu, District: Ramgarh (Jharkhand) by M/s. UltraTech Cement Ltd. (Unit: Patratu Cement Works)",JHARKHAND,UltraTech Cement Limited,SEIAA,ToR Granted,JHARKHAND,3(b) Cement plants
3,SIA/JH/IND1/470705/2024,"Clearance Type: Application for Transfer of EC- Form-7
S/W No.: SW/179423/2024
Category: B1
Sector: Industrial Projects - 1
Date of Submission:
21/05/2024","Transfer of Environment Clearance MoEF&CC /SEIAA File No. F. No-J-11011/45/2009-IA II (I) , SEIAA Letter No. – EC /SEIAA/2017-18/2068/2017/261 and SEIAA Letter No. – EC /SEIAA/2017-18/2068/2017/261 dated 30th Dec’2010 , 5th Nov’2018 and 30th Apr’2019 respectively from M/s. Burnpur Cement Limited to UltraTech Cement Limited issued for Clinker Production Capacity 0.528 MTPA & Cement Production Capacity 0.528 MTPA located at Patratu Industrial area, Ramgarh, Jharkhand- 829119",JHARKHAND,KOYYA REDDY,SEIAA,EC Granted,JHARKHAND,3(b) Cement plants
4,SIA/JH/IND1/469401/2024,"Clearance Type: Application for ToR (Category A, B1, and B2 Violation)/EC (Category B2) - Form 1
S/W No.: SW/178077/2024
Category: B1
Sector: Industrial Projects - 1
Date of Submission:
18/04/2024","Expansion in Cement Production Capacity from 0.528 Million TPA to 4.6 Million TPA (Expansion in existing Cement Mill from 0.528 to 0.60 Million TPA and additional Cement Mill of 4.0 Million TPA) at Patratu Industrial Area, Villages: Katia & Solia, Tehsil: Patratu, District: Ramgarh (Jharkhand) by M/s. UltraTech Cement Ltd. (Unit: Patratu Cement Works)",JHARKHAND,KOYYA REDDY,SEIAA,Under Examination,JHARKHAND,3(b) Cement plants
5,SIA/JH/IND1/413630/2023,"Clearance Type: Application for EC (Category A, B1, and B2 Violation)- Form 1
S/W No.: SW/114575/2023
Category: B1
Sector: Industrial Projects - 1
Date of Submission:
16/11/2023","Expansion of Standalone Clinker Grinding Unit for manufacturing of Cement (OPC, PPC, PSC & Composite Cement) from 2.5 Million TPA to 3.0 Million TPA by internal modification of VRM main gear box and process optimization at Village: Hansda, PO: Burudih, Block: Kharsawan, District: Saraikela - Kharsawan (Jharkhand) by Shree Jharkhand Cement Plant (A Unit of Shree Cement Ltd.)",JHARKHAND,Shree Cement Ltd.,SEIAA,EC Granted,JHARKHAND,3(b) Cement plants
6,SIA/JH/IND1/413722/2023,"Clearance Type: Application for EC (Category A, B1, and B2 Violation)- Form 1
S/W No.: SW/100615/2022
Category: B1
Sector: Industrial Projects - 1
Date of Submission:
16/11/2023","Expansion of cement production capacity of Bokaro Cement Manufacturing Works, a standalone Grinding Unit of Dalmia Cement (Bharat) Limited, from 2.0 Million TPA to 3.1 Million TPA at Plot No. IV/A-7(P)4, Village- Gorabali, Notified Bokaro Industrial Area under JIADA, Balidih Phase-4, Bokaro, Jharkhand.",JHARKHAND,DALMIA CEMENT (BHARAT) LIMITED,SEIAA,EC Granted,JHARKHAND,3(b) Cement plants
7,SIA/JH/IND1/400155/2022,"Clearance Type: Application for ToR (Category A, B1, and B2 Violation)/EC (Category B2) - Form 1
S/W No.: SW/100615/2022
Category: B1
Sector: Industrial Projects - 1
Date of Submission:
28/09/2022","Expansion of cement production capacity of Bokaro Cement Manufacturing Works, a standalone Grinding Unit of Dalmia Cement (Bharat) Limited, from 2.0 Million TPA to 3.1 Million TPA at Plot No. IV/A-7(P)4, Village- Gorabali, Notified Bokaro Industrial Area under JIADA, Balidih Phase-4, Bokaro, Jharkhand.",JHARKHAND,DALMIA CEMENT (BHARAT) LIMITED,SEIAA,TOR Granted,JHARKHAND,3(b) Cement plants
1,SIA/JH/IND2/578882/2026,"Clearance Type: Application for ToR (Category A, B1, and B2 Violation)/EC (Category B2) - Form 1
S/W No.: SW/284076/2026
Category: B2
Sector: Industrial Projects - 2
Date of Submission:
08/06/2026",Expansion of Grain Based Distelleray Plant by M/s Sheonarain Jaiswal Private Limited,JHARKHAND,SHEONARAIN JAISWAL PRIVATE LIMITED,SEIAA,EC Granted,JHARKHAND,5(ga) Grain based distilleries
2,SIA/JH/IND2/540168/2025,"Clearance Type: Application for EC (Category A, B1, and B2 Violation)- Form 1
S/W No.: SW/213943/2024
Category: B1
Sector: Industrial Projects - 2
Date of Submission:
04/06/2025","Grain based Distillery to produce Ethanol with installed capacity 40 KLPD under 100% EBP program by M/s Maheshwari Carbons Private Limited at Mouza–Nawadih, P.S.- Sariakella, Thana No-292, Halka No - 8, Khata No-43, Plot No.-402 (P), Jharkhand – 833 219.",JHARKHAND,maheshwari carbons private limited,SEIAA,EC Granted,JHARKHAND,5(ga) Grain based distilleries
3,SIA/JH/IND2/503037/2024,"Clearance Type: Application for ToR (Category A, B1, and B2 Violation)/EC (Category B2) - Form 1
S/W No.: SW/213943/2024
Category: B1
Sector: Industrial Projects - 2
Date of Submission:
11/12/2024","Grain based Distillery to produce Ethanol with installed capacity 40 KLPD under 100% EBP program by M/s Maheshwari Carbons Private Limited at Mouza–Nawadih, P.S.- Sariakella, Thana No-292, Halka No - 8, Khata No-43, Plot No.-402 (P), Jharkhand – 833 219.",JHARKHAND,maheshwari carbons private limited,SEIAA,ToR Granted,JHARKHAND,5(ga) Grain based distilleries
4,SIA/JH/IND2/511796/2024,"Clearance Type: Application for ToR (Category A, B1, and B2 Violation)/EC (Category B2) - Form 1
S/W No.: SW/223107/2024
Category: B1
Sector: Industrial Projects - 2
Date of Submission:
02/12/2024","Grain based Distillery to produce Ethanol with installed capacity 40 KLPD under 100% EBP program by M/s Maheshwari Carbons Private Limited at Mouza–Nawadih, P.S.- Sariakella, Thana No-292, Halka No - 8, Khata No-43, Plot No.-402 (P), Jharkhand – 833 219.",JHARKHAND,maheshwari carbons private limited,SEIAA,"DELISTED BY SYSTEM
(at : 06/01/2025)",JHARKHAND,5(ga) Grain based distilleries
1,SIA/JH/IND2/540524/2025,"Clearance Type: Application for ToR (Category A, B1, and B2 Violation)/EC (Category B2) - Form 1
S/W No.: SW/249684/2025
Category: B1
Sector: Industrial Projects - 2
Date of Submission:
30/09/2025",Greenfield Project of “Grain Based Distillery Plant of 130 KLD along with Co-generation Power Plant of 3 MW” by M/s Abhiyan Distilcomm Pvt. Ltd.,JHARKHAND,abhiyan distilcomm private limited,SEIAA,"DELISTED BY SYSTEM
(at : 06/11/2025)",JHARKHAND,5(g) Distilleries
2,SIA/JH/IND2/442593/2023,"Clearance Type: Application for EC (Category A, B1, and B2 Violation)- Form 1
S/W No.: SW/116204/2023
Category: B1
Sector: Industrial Projects - 2
Date of Submission:
11/09/2023",SHEONARAIN JAISWAL PVT. LTD. (GRAIN BASED DISTILLERY WITH COGENERATION PLANT),JHARKHAND,SHEONARAIN JAISWAL PRIVATE LIMITED,SEIAA,EC Granted,JHARKHAND,5(g) Distilleries
3,SIA/JH/IND2/415276/2023,"Clearance Type: Application for ToR (Category A, B1, and B2 Violation)/EC (Category B2) - Form 1
S/W No.: SW/116204/2023
Category: B1
Sector: Industrial Projects - 2
Date of Submission:
14/02/2023",SHEONARAIN JAISWAL PVT. LTD. (GRAIN BASED DISTILLERY WITH COGENERATION PLANT),JHARKHAND,SHEONARAIN JAISWAL PRIVATE LIMITED,SEIAA,TOR Granted,JHARKHAND,5(g) Distilleries
1,SIA/KA/IND2/573368/2026,"Clearance Type: Application for EC (Category A, B1, and B2 Violation)- Form 1
S/W No.: SW/167737/2024
Category: A
Sector: Industrial Projects - 2
Date of Submission:
08/06/2026","Environment clearance for proposes to establish 200 KLPD distillery unit based on sugarcane juice/syrup/ C molasses/ “B” heavy molasses as a raw material to produce Rectified Spirit/ Extra Neutral Alcohol/ Ethanol along with 9 MW Co-generation power plant at S. No. 102/3, 102/4, 102/5, 102/2A, 102/1B Village Pandegaon, Taluka Athani, Dist. Belgavi, Karnataka By M/s. Supreme Sugars Private Limited (SSPL).",KARNATAKA,SUPREME SUGARS PRIVATE LIMITED,SEIAA,EDS raised,KARNATAKA,5(g) Distilleries
2,SIA/KA/IND2/568578/2026,"Clearance Type: Application for ToR (Category A, B1, and B2 Violation)/EC (Category B2) - Form 1
S/W No.: SW/275053/2026
Category: B1
Sector: Industrial Projects - 2
Date of Submission:
24/02/2026","Proposed Expansion of Grain based Distillery plant from 40 KLPD to 100 KLPD & Cogeneration Power Plant from 0.9 MWh to 2.8 MWh at Survey No: 371/*/1, 371/*/3, 371/*/4, 371/*/6 and 371/*/9, Karatagi Village, Karatagi Hobli, Karatagi Taluk, Koppal District, Karnataka by M/s. Tungabhadra Ethanol Private Limited",KARNATAKA,TUNGABHADRA ETHANOL PRIVATE LIMITED,SEIAA,ToR Granted,KARNATAKA,5(g) Distilleries
3,SIA/KA/IND2/416983/2026,"Clearance Type: Application for EC (Category A, B1, and B2 Violation)- Form 1
S/W No.: SW/117334/2023
Category: B1
Sector: Industrial Projects - 2
Date of Submission:
02/01/2026","Establishment of 45 KLPD Molasses (B & C Heavy)/ Cane Syrup based Distillery by Shri Someshwar Sahakari Sakkare Karkhane Ni. at Village: Siddasamudra , Belawadi Post, Tal.: Bailhongal ,Dist.: Belagavi , Karnataka State.",KARNATAKA,SHRI SOMESHWAR SAHAKARI SAKKARE KARKHANE NI.,SEIAA,EC Granted,KARNATAKA,5(g) Distilleries
4,SIA/KA/IND2/552665/2025,"Clearance Type: Application for ToR (Category A, B1, and B2 Violation)/EC (Category B2) - Form 1
S/W No.: SW/260667/2025
Category: B1
Sector: Industrial Projects - 2
Date of Submission:
20/12/2025",“Expansion of Grain Based Ethanol Plant from 40 KLPD to 100 KLPD and Cogeneration Power Plant from 0.9 MWh to 2.8 MWh”,KARNATAKA,TUNGABHADRA ETHANOL PRIVATE LIMITED,SEIAA,Proposal pulled back (withdrawn),KARNATAKA,5(g) Distilleries
5,SIA/KA/IND2/551221/2025,"Clearance Type: Application for ToR (Category A, B1, and B2 Violation)/EC (Category B2) - Form 1
S/W No.: SW/259725/2025
Category: B1
Sector: Industrial Projects - 2
Date of Submission:
14/10/2025","Proposed 100 KLPD Grain Based Distillery Plant located at village - Achunur, Taluka - Bagalkote, District -Bagalkote, Karnataka, Proposed by Reverence Bioenergy Private Limited.",KARNATAKA,REVERENCE BIOENERGY PRIVATE LIMITED,SEIAA,ToR Granted,KARNATAKA,5(g) Distilleries
6,SIA/KA/IND2/541709/2025,"Clearance Type: Application for Surrender of Environmental Clearance - Form -11
S/W No.: SW/251068/2025
Category: B2
Sector: Industrial Projects - 2
Date of Submission:
18/06/2025","Surrender of Prior EC accorded by SEIAA, Karnataka vide file No. SEIAA 33 IND 2021 and (EC Identification No. EC22B022KA142745) dated 24.02.2022 to expand the Distillery from 60 KLD to 100 KLD to produce Ethanol under the EBP program in the B2 category by M/s. Shri Dutt India Private Limited (formerly M/s. Indian Sugar Manufacturing Company Limited.)",KARNATAKA,shri dutt india private limited,SEIAA,"DELISTED BY SYSTEM
(at : 25/07/2025)",KARNATAKA,5(g) Distilleries
7,SIA/KA/IND2/501150/2024,"Clearance Type: Application for Transfer of EC- Form-7
S/W No.: SW/211736/2024
Category: B1
Sector: Industrial Projects - 2
Date of Submission:
24/12/2024",Request for transfer of Environment Clearance from M/s. Indian Sugar Manufacturing Company Limited to M/s. Shri Dutt India Private Limited.,KARNATAKA,shri dutt india private limited,SEIAA,EC Granted,KARNATAKA,5(g) Distilleries
8,SIA/KA/IND2/497466/2024,"Clearance Type: Application for EC (Category A, B1, and B2 Violation)- Form 1
S/W No.: SW/173242/2024
Category: B1
Sector: Industrial Projects - 2
Date of Submission:
08/10/2024","Proposed Establishment of 120 KLPD Multi Grain Based Biofuels/Distillery plant to produce 120 KLPD Rectified Spirit/Extra Neutral Alcohol (ENA) /fuel ethanol plant and Captive Power Plant of 3 MW Capacity by M/s. S.R. Ballary Biofuels Private Limited.,",KARNATAKA,S. R. BALLARY BIO FUELS PRIVATE LIMITED,SEIAA,EC Granted,KARNATAKA,5(g) Distilleries
9,SIA/KA/IND2/468007/2024,"Clearance Type: Application for Amendment in EC- Form-4
S/W No.: SW/176859/2024
Category: B1
Sector: Industrial Projects - 2
Date of Submission:
01/04/2024","Amendment in Environmental Clearance of Integrated sugar complex with 5000 TCD sugar plant, 24 MW Co-gen Power Plant and Distillery Plant of capacity 50 KLPD at village Tumkur, Taluk Shahpur in District Gulbarga in Karnataka by M/s Core green sugars and fuels Pvt. Ltd.",KARNATAKA,CORE GREEN SUGAR AND FUELS PRIVATE LIMITED,SEIAA,"DELISTED BY SYSTEM
(at : 30/10/2024)",KARNATAKA,5(g) Distilleries
10,SIA/KA/IND2/435771/2023,"Clearance Type: Application for ToR (Category A, B1, and B2 Violation)/EC (Category B2) - Form 1
S/W No.: SW/135509/2023
Category: B1
Sector: Industrial Projects - 2
Date of Submission:
14/07/2023","60 KLPD Molasses based distillery & 18 MW Co-generation power plant at Village Jalageri & Ganganabudihal, Taluka Badami, District Bagalkote, Karnataka by M/s. Shree Kedarnath Sugar and Agro Products Ltd.",KARNATAKA,SHREE KEDARNATH SUGAR AND AGRO PRODUCTS LIMITED,SEIAA,TOR GRANTED,KARNATAKA,5(g) Distilleries
11,SIA/KA/IND2/418986/2023,"Clearance Type: Application for EC (Category A, B1, and B2 Violation)- Form 1
S/W No.: SW/118075/2023
Category: B1
Sector: Industrial Projects - 2
Date of Submission:
30/05/2023",Proposed establishment of grain-based distillery plant of capacity 60 KLPD to produce 60 KLPD ENA and 30 KLPD Ethanol by using impure spirit and Captive power plant of capacity 2.5 MW by M/s NSP Distillery Pvt Ltd,KARNATAKA,NSP DISTILLERY PVT LTD,SEIAA,EC Granted,KARNATAKA,5(g) Distilleries
1,SIA/KA/IND1/580878/2026,"Clearance Type: Application for ToR (Category A, B1, and B2 Violation)/EC (Category B2) - Form 1
S/W No.: SW/285732/2026
Category: B2
Sector: Industrial Projects - 1
Date of Submission:
20/06/2026","Expansion of Aluminium Rolled and Extrusion Products Unit, enhancing the production capacity of Aluminium Rolled Products 60,000 TPA to 73,872 TPA, Installation of Extruded Products 33,792 and Powder coating unit capacity of 4,800 TPA by increasing the Extent from 26 Acres 17.5 Guntas to 29 Acres 29.05 Guntas at Sy No. 72, 78, 79, 80, 82, 83, 86 and (81/1, 81/3, 81/5, 81/6, 81/7, 81/8, 81/9, 81/10, 81/11 ,81/12, 81/13, 81/14, 81/15 ,81/16 ) KIADB Industrial Area, Yedehalli village,Nelamangala Taluk",KARNATAKA,JINDAL ALUMINIUM LIMITED,SEIAA,Under Verification,KARNATAKA,3(a) Metallurgical Industries (ferrous and non ferrous)
2,SIA/KA/IND1/581185/2026,"Clearance Type: Application for ToR (Category A, B1, and B2 Violation)/EC (Category B2) - Form 1
S/W No.: SW/285815/2026
Category: B1
Sector: Industrial Projects - 1
Date of Submission:
20/06/2026","Proposed Integrated Secondary Aluminium Metallurgical and Downstream Processing Complex comprising Aluminium Scrap Processing Capacity of 3,87,504 MTPA, Aluminium Billet Casting / Foundry Capacity of 5,20,000 MTPA, Aluminium Extrusion Profile Manufacturing Capacity of 4,50,000 MTPA, Shot Blasting unit, Anodizing unit and Solar Frame Manufacturing unit each with Capacity of 72,000 MTPA, Powder Coating unit and Aluminium Fabrication & Machining unit each with Capacity of 12,000 MTPA.",KARNATAKA,JINDAL ALUMINIUM LIMITED,SEIAA,Proposal Accepted and Referred to SEAC,KARNATAKA,3(a) Metallurgical Industries (ferrous and non ferrous)
3,SIA/KA/IND1/575212/2026,"Clearance Type: Application for ToR (Category A, B1, and B2 Violation)/EC (Category B2) - Form 1
S/W No.: SW/280814/2026
Category: B1
Sector: Industrial Projects - 1
Date of Submission:
12/06/2026","Expansion in Environmental Clearance of the existing Ferro Alloys and Coke Oven Plant with increase in production of its Ferro Alloys Plant from 37100TPA to 52100TPA and Coke Oven Plant from 24000 TPA to 2,00,000TPA with existing Captive Power Plant 12MW (No change)",KARNATAKA,A-ONE STEELS INDIA LIMITED,SEIAA,EDS raised,KARNATAKA,3(a) Metallurgical Industries (ferrous and non ferrous)
4,SIA/KA/IND1/580900/2026,"Clearance Type: Application for Transfer of EC- Form-7
S/W No.: SW/285711/2026
Category: B1
Sector: Industrial Projects - 1
Date of Submission:
03/06/2026","Transfer of Environmental Clearance from M/s Srihari Sponge LLP to M/s. SHRI VARA ISPAT PRIVATE LIMITED for “Establishment of Sponge Iron Unit of capacity 100 TPD (2X50 TPD) at Sy. No 17, Voderahalli village, Molakalmuru Taluk, Chitradurga District",KARNATAKA,SHRI VARA ISPAT PRIVATE LIMITED,SEIAA,Referred to SEIAA,KARNATAKA,3(a) Metallurgical Industries (ferrous and non ferrous)
5,SIA/KA/IND1/558985/2025,"Clearance Type: Application for ToR (Category A, B1, and B2 Violation)/EC (Category B2) - Form 1
S/W No.: SW/266271/2025
Category: B1
Sector: Industrial Projects - 1
Date of Submission:
03/12/2025","Proposed installation of “Cold Rolled Non-Grain Oriented” (CRNO) Steel Plant with Capacity of 1.1 MTPA by JSW Vijayanagar Metallics Limited (JVML) at KIADB Industrial area- Phase-II, Kudithini Village in Ballari District of Karnataka State",KARNATAKA,JSW VIJAYANAGAR METALLICS LIMITED,SEIAA,ToR Granted,KARNATAKA,3(a) Metallurgical Industries (ferrous and non ferrous)
6,SIA/KA/IND1/555540/2025,"Clearance Type: Application for EC (Category A, B1, and B2 Violation)- Form 1
S/W No.: SW/219462/2024
Category: B1
Sector: Industrial Projects - 1
Date of Submission:
14/11/2025","Proposed installation of “Cold Rolled Grain Oriented” (CRGO) Steel Plant - 216000 TPA by JSW- JFE Electrical Steel Private Limited at KIADB Industrial area- Phase-II, Kuduthini Village in Ballari District of Karnataka State",KARNATAKA,JSW- JFE Electrical Steel Private Limited,SEIAA,EC Granted,KARNATAKA,3(a) Metallurgical Industries (ferrous and non ferrous)
7,SIA/KA/IND1/542513/2025,"Clearance Type: Application for ToR (Category A, B1, and B2 Violation)/EC (Category B2) - Form 1
S/W No.: SW/251640/2025
Category: B2
Sector: Industrial Projects - 1
Date of Submission:
21/07/2025",APL Apollo Tubes Limited,KARNATAKA,RAHUL GUPTA,SEIAA,"DELISTED BY SYSTEM
(at : 07/09/2025)",KARNATAKA,3(a) Metallurgical Industries (ferrous and non ferrous)
8,SIA/KA/IND1/473006/2025,"Clearance Type: Application for Amendment in EC- Form-4
S/W No.: SW/101204/2022
Category: B1
Sector: Industrial Projects - 1
Date of Submission:
16/07/2025",M/s. Saivijay Pragati Steels Udyog Pvt Ltd.,KARNATAKA,SAIVIJAY PRAGATI STEEL UDYOG PRIVATE LIMITED,SEIAA,"DELISTED BY SYSTEM
(at : 30/03/2026)",KARNATAKA,3(a) Metallurgical Industries (ferrous and non ferrous)
9,SIA/KA/IND1/541289/2025,"Clearance Type: Application for Amendment in EC- Form-4
S/W No.: SW/129930/2023
Category: B1
Sector: Industrial Projects - 1
Date of Submission:
16/06/2025","EXPANSION OF M.S. BILLETS FROM 7,000 TPM TO 14,000 TPM & ESTABLISHMENT OF ROLLING MILL- PRODUCTS OF 15,000 TPM",KARNATAKA,M S METALS AND STEELS PRIVATE LIMITED,SEIAA,EC Granted,KARNATAKA,3(a) Metallurgical Industries (ferrous and non ferrous)
10,SIA/KA/IND1/531630/2025,"Clearance Type: Application for Transfer of EC- Form-7
S/W No.: SW/241934/2025
Category: B2
Sector: Industrial Projects - 1
Date of Submission:
27/03/2025","Transfer of Environmental Clearances, from ‘M/s A-One Steels India Pvt. Ltd.’ to ‘A-One Steels India Limited’, with respect to Integrated Steel Plant’ (Ferro alloys Plant 37100 TPA, Captive Power Plant 12MW and Coke Oven Plant 24000TPA)’ being operated at Survey no 173, Chikkantapura , Sandur, Bellary, Karnataka -583123, by M/s A-One Steel and Alloys Pvt. Limited (now changed as ‘A-One Steels India Limited’)",KARNATAKA,A-ONE STEELS INDIA LIMITED,SEIAA,EC Granted,KARNATAKA,3(a) Metallurgical Industries (ferrous and non ferrous)
11,SIA/KA/IND1/508106/2024,"Clearance Type: Application for ToR (Category A, B1, and B2 Violation)/EC (Category B2) - Form 1
S/W No.: SW/219462/2024
Category: B1
Sector: Industrial Projects - 1
Date of Submission:
20/12/2024","Proposed installation of “Cold Rolled Grain Oriented” (CRGO) Steel Plant - 216000 TPA by JSW- JFE Electrical Steel Private Limited at KIADB Industrial area- Phase-II, Kuduthini Village in Ballari District of Karnataka State",KARNATAKA,JSW- JFE Electrical Steel Private Limited,SEIAA,ToR Granted,KARNATAKA,3(a) Metallurgical Industries (ferrous and non ferrous)
12,SIA/KA/IND1/448431/2023,"Clearance Type: Application for EC (Category A, B1, and B2 Violation)- Form 1
S/W No.: SW/137295/2023
Category: B1
Sector: Industrial Projects - 1
Date of Submission:
07/11/2024",APL APOLLO TUBES LIMITED,KARNATAKA,RAHUL GUPTA,SEIAA,EC Granted,KARNATAKA,3(a) Metallurgical Industries (ferrous and non ferrous)
13,SIA/KA/IND1/468741/2024,"Clearance Type: Application for EC (Category A, B1, and B2 Violation)- Form 1
S/W No.: SW/138294/2023
Category: B1
Sector: Industrial Projects - 1
Date of Submission:
12/09/2024","Expansion of TMT Bar production from 24,000 TPA to 2,40,000 TPA by replacing 4 no’s of 4 TPH furnace with 4 no’s of 40 TPH and establishment of M.S Pipes facility of 50,000 TPA by M/s. S K Steel Tech",KARNATAKA,GEORGE PRABHU,SEIAA,EC Granted,KARNATAKA,3(a) Metallurgical Industries (ferrous and non ferrous)
14,SIA/KA/IND1/494086/2024,"Clearance Type: Application for EC (Category A, B1, and B2 Violation)- Form 1
S/W No.: SW/140083/2023
Category: B1
Sector: Industrial Projects - 1
Date of Submission:
02/09/2024","Establishment of Sponge Iron Unit- 62,700 TPA (2 X 95 TPD), M S Billets- 39,600 TPA by installing Induction Furnace- 12 T/H and Captive Power Plant- 6MW",KARNATAKA,RANGINENI STEEL AND POWER PRIVATE LIMITED,SEIAA,EC Granted,KARNATAKA,3(a) Metallurgical Industries (ferrous and non ferrous)
15,SIA/KA/IND1/489328/2024,"Clearance Type: Application for ToR (Category A, B1, and B2 Violation)/EC (Category B2) - Form 1
S/W No.: SW/199020/2024
Category: B1
Sector: Industrial Projects - 1
Date of Submission:
14/08/2024",Sponge Iron Plant of M/s. Divyajyoti Steels Limited,KARNATAKA,DIVYAJYOTI STEELS LIMITED,SEIAA,ToR Granted,KARNATAKA,3(a) Metallurgical Industries (ferrous and non ferrous)
16,SIA/KA/IND1/468454/2024,"Clearance Type: Application for EC (Category A, B1, and B2 Violation)- Form 1
S/W No.: SW/129930/2023
Category: B1
Sector: Industrial Projects - 1
Date of Submission:
10/07/2024","EXPANSION OF M.S. BILLETS FROM 7,000 TPM TO 14,000 TPM & ESTABLISHMENT OF ROLLING MILL- PRODUCTS OF 15,000 TPM",KARNATAKA,M S METALS AND STEELS PRIVATE LIMITED,SEIAA,EC Granted,KARNATAKA,3(a) Metallurgical Industries (ferrous and non ferrous)
17,SIA/KA/IND1/409800/2022,"Clearance Type: Application for ToR (Category A, B1, and B2 Violation)/EC (Category B2) - Form 1
S/W No.: SW/110383/2022
Category: B1
Sector: Industrial Projects - 1
Date of Submission:
23/11/2023",Vinayak Ispat,KARNATAKA,VIKRAM GUNDURAO BENAKE (HUF),SEIAA,TOR GRANTED,KARNATAKA,3(a) Metallurgical Industries (ferrous and non ferrous)
18,SIA/KA/IND1/411177/2022,"Clearance Type: Application for ToR (Category A, B1, and B2 Violation)/EC (Category B2) - Form 1
S/W No.: SW/112138/2022
Category: B1
Sector: Industrial Projects - 1
Date of Submission:
23/11/2023",SPONGE IRON PLANT OF M/S. SRI VIJAYA DURGA DEVI MINERALS,KARNATAKA,SRI VIJAYA DURGA DEVI MINERALS,SEIAA,TOR GRANTED,KARNATAKA,3(a) Metallurgical Industries (ferrous and non ferrous)
19,SIA/KA/IND1/412052/2022,"Clearance Type: Application for ToR (Category A, B1, and B2 Violation)/EC (Category B2) - Form 1
S/W No.: SW/112863/2022
Category: B1
Sector: Industrial Projects - 1
Date of Submission:
23/11/2023","Environmental Clearance for proposed 95 TPD DRI plant (Sponge Iron), 5 MW WHRB Power Plant & 5.0 LTPA Iron ore Beneficiation plant of M/s. Lakshmipriya Steels Private Limited.",KARNATAKA,LAKSHMIPRIYA STEELS PRIVATE LIMITED,SEIAA,TOR GRANTED,KARNATAKA,3(a) Metallurgical Industries (ferrous and non ferrous)
20,SIA/KA/IND1/450742/2023,"Clearance Type: Application for EC (Category A, B1, and B2 Violation)- Form 1
S/W No.: SW/114163/2023
Category: B1
Sector: Industrial Projects - 1
Date of Submission:
14/11/2023",SPONGE IRON PLANT OF M/S. SRI VIJAYA DURGA DEVI MINERALS,KARNATAKA,SRI VIJAYA DURGA DEVI MINERALS,SEIAA,EC Granted,KARNATAKA,3(a) Metallurgical Industries (ferrous and non ferrous)
21,SIA/KA/IND1/449508/2023,"Clearance Type: Application for EC (Category A, B1, and B2 Violation)- Form 1
S/W No.: SW/130205/2023
Category: B1
Sector: Industrial Projects - 1
Date of Submission:
14/11/2023",M/s. PBS STEEL (Unit of M/s. P Balasubba Setty and Son),KARNATAKA,P BALASUBBA SETTY AND SON,SEIAA,EC Granted,KARNATAKA,3(a) Metallurgical Industries (ferrous and non ferrous)
22,SIA/KA/IND1/447420/2023,"Clearance Type: Application for ToR (Category A, B1, and B2 Violation)/EC (Category B2) - Form 1
S/W No.: SW/147134/2023
Category: B2
Sector: Industrial Projects - 1
Date of Submission:
04/11/2023",Proposed Expansion for Machining and assembling of Autoparts & components including Casting,KARNATAKA,AT INDIA AUTO PARTS PRIVATE LIMITED,SEIAA,EC Granted,KARNATAKA,3(a) Metallurgical Industries (ferrous and non ferrous)
23,SIA/KA/IND1/434164/2023,"Clearance Type: Application for EC (Category A, B1, and B2 Violation)- Form 1
S/W No.: SW/106893/2022
Category: B1
Sector: Industrial Projects - 1
Date of Submission:
03/11/2023","Proposed 95 TPD DRI (Sponge Iron), 5 MW WHRB Power Plant, 4.99 LTPA Mineral Beneficiation Plant of M/s. KOPPAL STEEL PVT LTD",KARNATAKA,KOPPAL STEELS PRIVATE LIMITED,SEIAA,EC Granted,KARNATAKA,3(a) Metallurgical Industries (ferrous and non ferrous)
24,SIA/KA/IND1/435457/2023,"Clearance Type: Application for EC (Category A, B1, and B2 Violation)- Form 1
S/W No.: SW/135194/2023
Category: B1
Sector: Industrial Projects - 1
Date of Submission:
15/09/2023","INCREASE IN PRODUCTION CAPACITY OF INDUCTION FURNACE PRODUCT - STEEL BILLETS FROM 29,988 TPA TO 2,10,000 TPA, ROLLING MILL PRODUCT - NARROW STRIP /ROLLED PRODUCTS FROM 29,904 TPA TO 2,10,000 TPA WITH ADDITIONAL NEW PIPE MILL PRODUCT- MS PIPE OF CAPACITY 2,10,000 TPA BY M/S. KHAYATI STEEL INDUSTRIES PVT LTD",KARNATAKA,M/S KHAYATI STEEL INDUSTRIES PVT LTD.,SEIAA,EC Granted,KARNATAKA,3(a) Metallurgical Industries (ferrous and non ferrous)
25,SIA/KA/IND1/440570/2023,"Clearance Type: Application for ToR (Category A, B1, and B2 Violation)/EC (Category B2) - Form 1
S/W No.: SW/140083/2023
Category: B1
Sector: Industrial Projects - 1
Date of Submission:
17/08/2023","Establishment of Sponge Iron Unit- 62,700 TPA (2 X 95 TPD), M S Billets- 39,600 TPA by installing Induction Furnace- 12 T/H and Captive Power Plant- 6MW",KARNATAKA,RANGINENI STEEL AND POWER PRIVATE LIMITED,SEIAA,TOR GRANTED,KARNATAKA,3(a) Metallurgical Industries (ferrous and non ferrous)
26,SIA/KA/IND1/438580/2023,"Clearance Type: Application for ToR (Category A, B1, and B2 Violation)/EC (Category B2) - Form 1
S/W No.: SW/138294/2023
Category: B1
Sector: Industrial Projects - 1
Date of Submission:
29/07/2023","Expansion of TMT Bar production from 24,000 TPA to 2,40,000 TPA by replacing 4 no’s of 4 TPH furnace with 4 no’s of 40 TPH and establishment of M.S Pipes facility of 50,000 TPA by M/s. S K Steel Tech",KARNATAKA,GEORGE PRABHU,SEIAA,EDS raised,KARNATAKA,3(a) Metallurgical Industries (ferrous and non ferrous)
27,SIA/KA/IND1/438550/2023,"Clearance Type: Application for ToR (Category A, B1, and B2 Violation)/EC (Category B2) - Form 1
S/W No.: SW/138262/2023
Category: B1
Sector: Industrial Projects - 1
Date of Submission:
29/07/2023","Expansion of TMT Bar production from 24,000 TPA to 2,40,000 TPA by replacing 4 no’s of 4 TPH furnace with 4 no’s of 40 TPH and establishment of M.S Pipes facility of 50,000 TPA by M/s. S K Steel Tech .",KARNATAKA,GEORGE PRABHU,SEIAA,EDS raised,KARNATAKA,3(a) Metallurgical Industries (ferrous and non ferrous)
28,SIA/KA/IND1/437484/2023,"Clearance Type: Application for ToR (Category A, B1, and B2 Violation)/EC (Category B2) - Form 1
S/W No.: SW/137295/2023
Category: B1
Sector: Industrial Projects - 1
Date of Submission:
21/07/2023",APL APOLLO TUBES LIMITED,KARNATAKA,RAHUL GUPTA,SEIAA,EDS raised,KARNATAKA,3(a) Metallurgical Industries (ferrous and non ferrous)
29,SIA/KA/IND1/436019/2023,"Clearance Type: Application for EC (Category A, B1, and B2 Violation)- Form 1
S/W No.: SW/126802/2023
Category: B1
Sector: Industrial Projects - 1
Date of Submission:
10/07/2023",VINAYAK ISPAT,KARNATAKA,VIKRAM GUNDURAO BENAKE (HUF),SEIAA,EC Granted,KARNATAKA,3(a) Metallurgical Industries (ferrous and non ferrous)
30,SIA/KA/IND1/433800/2023,"Clearance Type: Application for ToR (Category A, B1, and B2 Violation)/EC (Category B2) - Form 1
S/W No.: SW/126802/2023
Category: B1
Sector: Industrial Projects - 1
Date of Submission:
22/06/2023",VINAYAK ISPAT,KARNATAKA,VIKRAM GUNDURAO BENAKE (HUF),SEIAA,TOR GRANTED,KARNATAKA,3(a) Metallurgical Industries (ferrous and non ferrous)
1,SIA/KA/IND2/574226/2026,"Clearance Type: Application for ToR (Category A, B1, and B2 Violation)/EC (Category B2) - Form 1
S/W No.: SW/279994/2026
Category: B1
Sector: Industrial Projects - 2
Date of Submission:
30/06/2026","Proposed Expansion of Sugar Plant from 5000TCD to 10000TCD, Cogeneration from 12MW to 30MW and New 100 KLPD Molasses/Sugarcane Syrup Based Distillery by M/s. Bilagi Sugar Mill Limited Unit II (Formerly known as M/s. Ryatar Sahakari Sakkare Karkhane Niyamit)",KARNATAKA,BILAGI SUGAR MILL LIMITED,SEIAA,Under Examination,KARNATAKA,5(j) Sugar Industry
2,SIA/KA/IND2/446242/2026,"Clearance Type: Application for EC (Category A, B1, and B2 Violation)- Form 1
S/W No.: SW/118432/2023
Category: B1
Sector: Industrial Projects - 2
Date of Submission:
06/05/2026",Expansion of Sugar Unit from 15000 TCD to 25000 TCD & Co-generation Unit from 80 MW/hr to 120 MW/hr by M/s. Satish Sugars Limited.,KARNATAKA,SATISH SUGARS LTD,SEIAA,"DELISTED BY SYSTEM
(at : 07/07/2026)",KARNATAKA,5(j) Sugar Industry
3,SIA/KA/IND2/575199/2026,"Clearance Type: Application for Amendment in EC- Form-4
S/W No.: SW/280758/2026
Category: B1
Sector: Industrial Projects - 2
Date of Submission:
21/04/2026","Amendment to the Environmental Clearance issued to M/s. E.I.D Parry (India) Ltd., at survey Nos. 29, 32/1, 32/2, 33/1/B, 33/1A, 36, 27/2, 27/3, 28/1, 28/2, 29/1, 30/6, 30/3, 30/4b, 30/4a, 30/4c, 30/5a, 30/5b, 33/2a, 35/2, 36/1b, 36/2, 48/1a, 48/1b/1, 39/1, 36/3, 62/1a, 3/3+4/1, 30/1+2, 39/2b, 43/1+2/c, 43/1, 135/1 of Nagaral & Nainegali villages, Bagalkot Taluk & District, Karnataka.",KARNATAKA,e i d parry india limited,SEIAA,Referred to SEAC,KARNATAKA,5(j) Sugar Industry
4,SIA/KA/IND2/562280/2026,"Clearance Type: Application for ToR (Category A, B1, and B2 Violation)/EC (Category B2) - Form 1
S/W No.: SW/269489/2025
Category: B1
Sector: Industrial Projects - 2
Date of Submission:
17/01/2026","Expansion of Sugar Plant from 5,000 TCD to 15,000 TCD white crystal & refined sugar and Co-generation Power Plant from 20 MW to 50 MW by M/s. Nirani Sugars Limited Unit-5",KARNATAKA,NIRANI SUGARS LIMITED,SEIAA,ToR Granted,KARNATAKA,5(j) Sugar Industry
5,SIA/KA/IND2/524344/2025,"Clearance Type: Application for EC (Category A, B1, and B2 Violation)- Form 1
S/W No.: SW/218748/2024
Category: B1
Sector: Industrial Projects - 2
Date of Submission:
19/08/2025","Expansion of Sugar Plant capacity from 20,000 TCD to 24,000 TCD along with existing Cogeneration plant of 117 MW by M/s. Nirani Sugars Limited Unit-1",KARNATAKA,NIRANI SUGARS LIMITED,SEIAA,EC Granted,KARNATAKA,5(j) Sugar Industry
6,SIA/KA/IND2/533672/2025,"Clearance Type: Application for EC (Category A, B1, and B2 Violation)- Form 1
S/W No.: SW/168179/2024
Category: B1
Sector: Industrial Projects - 2
Date of Submission:
27/05/2025","Proposed expansion of Sugarcane crushing capacity from existing 12000 TCD to 18000 TCD by M/s. Shri Prabhulingeshwar Sugars and Chemicals Ltd.,",KARNATAKA,SHRI PRABHULINGESHWAR SUGARS AND CHEMICALS LIMITED,SEIAA,"DELISTED BY SYSTEM
(at : 14/09/2025)",KARNATAKA,5(j) Sugar Industry
7,SIA/KA/IND2/524548/2025,"Clearance Type: Application for Transfer of EC- Form-7
S/W No.: SW/234706/2025
Category: B1
Sector: Industrial Projects - 2
Date of Submission:
18/02/2025",Transfer of Environmental Clearance From M/s MRN Chamundi Cane Power and Biorefineries Private Limited Unit- 2 to M/s Nirani Sugars limited Unit-2,KARNATAKA,MRN CHAMUNDI CANEPOWER AND BIOREFINERIES PRIVATE LIMITED,SEIAA,EC Granted,KARNATAKA,5(j) Sugar Industry
8,SIA/KA/IND2/518385/2025,"Clearance Type: Application for Transfer of EC- Form-7
S/W No.: SW/229939/2025
Category: B1
Sector: Industrial Projects - 2
Date of Submission:
13/01/2025",Transfer of Environmental Clearance from M/s. Someshwar Sugars Ltd. to M/s. Indian Cane Power Ltd.,KARNATAKA,M/S. INDIAN CANE POWER LIMITED,SEIAA,EC Granted,KARNATAKA,5(j) Sugar Industry
9,SIA/KA/IND2/494781/2024,"Clearance Type: Application for Transfer of EC- Form-7
S/W No.: SW/205027/2024
Category: B2
Sector: Industrial Projects - 2
Date of Submission:
26/12/2024","Transfer of EC for 'Expansion of sugarcane crushing capacity from 5,000 TCD to 10,000 TCD, with Cogeneration plant 35 MW' by M/s. MRN Chamundi CanePower and Biorefineries Private Limited Unit – 3 to M/s. Nirani Sugars Limited (Unit No. 3)",KARNATAKA,MRN CHAMUNDI CANEPOWER AND BIOREFINERIES PRIVATE LIMITED,SEIAA,EC Granted,KARNATAKA,5(j) Sugar Industry
10,SIA/KA/IND2/493251/2024,"Clearance Type: Application for Transfer of EC- Form-7
S/W No.: SW/124396/2023
Category: A
Sector: Industrial Projects - 2
Date of Submission:
26/12/2024",The proposed establishment of new Distillery unit of 200 KLPD capacity and expansion of sugar plant from 2500 to 5000 TCD white crystal & refined sugar and Cogeneration Plant 8 MW to 20 MW by M/s Badami Sugars Ltd,KARNATAKA,M/S. BADAMI SUGARS LIMITED,SEIAA,EC Granted,KARNATAKA,5(j) Sugar Industry
11,SIA/KA/IND2/494376/2024,"Clearance Type: Application for Corrigendum Form-13
S/W No.: SW/204622/2024
Category: B2
Sector: Industrial Projects - 2
Date of Submission:
18/10/2024",Requisition for Corrigendum to the Environmental clearance granted to M/s Nirani Sugars Limited to M/s Nirani Sugars Limited Unit-1,KARNATAKA,NIRANI SUGARS LIMITED,SEIAA,EC Granted,KARNATAKA,5(j) Sugar Industry
12,SIA/KA/IND2/479089/2024,"Clearance Type: Application for Amendment in EC- Form-4
S/W No.: SW/187703/2024
Category: A
Sector: Industrial Projects - 2
Date of Submission:
13/09/2024",Amendment in Environment Clearances Condition Granted to Sugar & Cogen Complex Of M/S. MRN Chamundi Cane Power and Biorefineries Private Limited Unit 2 (Formerly known as M/s. Shri Sai Priya Sugars Ltd.),KARNATAKA,MRN CHAMUNDI CANEPOWER AND BIOREFINERIES PRIVATE LIMITED,SEIAA,EC Granted,KARNATAKA,5(j) Sugar Industry
13,SIA/KA/IND2/445560/2023,"Clearance Type: Application for EC (Category A, B1, and B2 Violation)- Form 1
S/W No.: SW/110611/2022
Category: B1
Sector: Industrial Projects - 2
Date of Submission:
25/06/2024",Expansion of Sugarcane Crushing Unit from 7500 TCD to 15000 TCD & Cogeneration Unit from 36 MW to 80 MW by M/s Belgaum Sugars Pvt. Ltd.,KARNATAKA,BELGAUM SUGARS PRIVATE LIMITED,SEIAA,"DELISTED BY SYSTEM
(at : 30/10/2024)",KARNATAKA,5(j) Sugar Industry
14,SIA/KA/IND2/409452/2022,"Clearance Type: Application for ToR (Category A, B1, and B2 Violation)/EC (Category B2) - Form 1
S/W No.: SW/110611/2022
Category: B1
Sector: Industrial Projects - 2
Date of Submission:
23/11/2023",Expansion of Sugarcane Crushing Unit from 7500 TCD to 15000 TCD & Cogeneration Unit from 36 MW to 80 MW by M/s Belgaum Sugars Pvt. Ltd.,KARNATAKA,BELGAUM SUGARS PRIVATE LIMITED,SEIAA,TOR GRANTED,KARNATAKA,5(j) Sugar Industry
15,SIA/KA/IND2/427909/2023,"Clearance Type: Application for EC (Category A, B1, and B2 Violation)- Form 1
S/W No.: SW/127689/2023
Category: B1
Sector: Industrial Projects - 2
Date of Submission:
26/05/2023","Expansion Sugar Plant Capacity from 12,000 TCD To 14,000 TCD Along with Existing Cogeneration Plant of 60 MWHR by Shivashakti Sugars Limited",KARNATAKA,SHIVASHAKTI SUGARS LIMITED,SEIAA,EC Granted,KARNATAKA,5(j) Sugar Industry
16,SIA/KA/IND2/417624/2023,"Clearance Type: Application for ToR (Category A, B1, and B2 Violation)/EC (Category B2) - Form 1
S/W No.: SW/118432/2023
Category: B1
Sector: Industrial Projects - 2
Date of Submission:
01/03/2023",Expansion of Sugar Unit from 15000 TCD to 25000 TCD & Co-generation Unit from 80 MW/hr to 120 MW/hr by M/s. Satish Sugars Limited.,KARNATAKA,SATISH SUGARS LTD,SEIAA,TOR GRANTED,KARNATAKA,5(j) Sugar Industry
17,SIA/KA/IND2/402867/2022,"Clearance Type: Application for EC (Category A, B1, and B2 Violation)- Form 1
S/W No.: SW/104477/2022
Category: B1
Sector: Industrial Projects - 2
Date of Submission:
12/10/2022","Expansion Of Sugar Plant Capacity From 10,000 Tcd To 12,000 Tcd Along With Existing Cogeneration Plant Of 60 Mwhr By Shivashakti Sugars Limited",KARNATAKA,SHIVASHAKTI SUGARS LIMITED,SEIAA,EC Granted,KARNATAKA,5(j) Sugar Industry
1,SIA/KA/IND1/495151/2025,"Clearance Type: Application for ToR (Category A, B1, and B2 Violation)/EC (Category B2) - Form 1
S/W No.: SW/175960/2024
Category: B1
Sector: Industrial Projects - 1
Date of Submission:
12/09/2025",Standalone proposed grinding and packing unit for cement manufacturing.,KARNATAKA,MUSTAQ SHAIK,SEIAA,ToR Granted,KARNATAKA,3(b) Cement plants
2,SIA/KA/IND1/536085/2025,"Clearance Type: Application for ToR (Category A, B1, and B2 Violation)/EC (Category B2) - Form 1
S/W No.: SW/245867/2025
Category: B1
Sector: Industrial Projects - 1
Date of Submission:
25/07/2025","Expansion in Cement Production capacity of Stand-alone Grinding Unit from 1.5 Million TPA to 5.0 Million TPA (Expansion in existing Cement mill from 1.5 to 2.0 Million TPA by process optimization and Installation of additional cement mill of 3.0 Million TPA) At Ginigera Village, Koppal Taluk & District, Karnataka State.",KARNATAKA,UltraTech Cement Limited,SEIAA,ToR Granted,KARNATAKA,3(b) Cement plants
3,SIA/KA/IND1/493447/2024,"Clearance Type: Application for EC (Category A, B1, and B2 Violation)- Form 1
S/W No.: SW/140393/2023
Category: B1
Sector: Industrial Projects - 1
Date of Submission:
07/02/2025","Proposed Expansion of Slag Grinding & Mixing Unit from 6.0 MTPA to 12.0 MTPA located near village Tornagallu, Tehsil- Sandur, District -Bellary, Karnataka. by M/s. JSW Cement Ltd.",KARNATAKA,Rajkumar Dhempe,SEIAA,EC Granted,KARNATAKA,3(b) Cement plants
4,SIA/KA/IND1/465617/2024,"Clearance Type: Application for ToR (Category A, B1, and B2 Violation)/EC (Category B2) - Form 1
S/W No.: SW/174369/2024
Category: B1
Sector: Industrial Projects - 1
Date of Submission:
12/09/2024","Proposed Expansion of Cement Grinding Unit for production from 2.0 MTPA to 8.0 MTPA by Installation of New Line Capacity of 2X3.0 MTPA within existing plant area for producing OPC/PPC/PSC/PCC located at Thondebhavi (Village), Gowribidanur (Tehsil), Chikkaballapura (District), Karnataka State",KARNATAKA,ACC LIMITED,SEIAA,ToR Granted,KARNATAKA,3(b) Cement plants
5,SIA/KA/IND1/461064/2024,"Clearance Type: Application for ToR (Category A, B1, and B2 Violation)/EC (Category B2) - Form 1
S/W No.: SW/171080/2024
Category: B1
Sector: Industrial Projects - 1
Date of Submission:
27/07/2024","Expansion of RCL Mathodu Cement Grinding Unit from 0.3 MTPA to 0.5 MTPA Cement (OPC / PPC / PSC / PCC) along with Import Cement Packing of 0.2 MTPA additionally & Stand Alone operation of Primary & Secondary Crushers @ 0.5 MTPA Limestone at Mathodu Village, Hoasadurga Taluk, Chitradurga District of Karnataka by M/s. The Ramco Cements Limited",KARNATAKA,THE RAMCO CEMENTS LIMITED,SEIAA,ToR Granted,KARNATAKA,3(b) Cement plants
6,SIA/KA/IND1/410035/2022,"Clearance Type: Application for ToR (Category A, B1, and B2 Violation)/EC (Category B2) - Form 1
S/W No.: SW/111104/2022
Category: B1
Sector: Industrial Projects - 1
Date of Submission:
23/11/2023","Shree Bengaluru Cement Plant (Clinker Grinding Unit) with Cement Production Capacity of 5.0 Million TPA (OPC, RHPC, SRC, PPC, PSC and Composite Cement) and D.G. Sets of 1250 KVA {1000 KVA or (2 x 500 KVA) & 250 KVA} along with Railway Siding at Villages: Vaddarahalli & Thirumagondahalli, Taluka: Doddaballapura, District: Bengaluru Rural (Karnataka) by Shree Cement East Private Limited",KARNATAKA,SHREE CEMENT EAST PRIVATE LIMITED,SEIAA,TOR GRANTED,KARNATAKA,3(b) Cement plants
7,SIA/KA/IND1/440769/2023,"Clearance Type: Application for ToR (Category A, B1, and B2 Violation)/EC (Category B2) - Form 1
S/W No.: SW/140393/2023
Category: B1
Sector: Industrial Projects - 1
Date of Submission:
06/11/2023","Proposed Expansion of Slag Grinding & Mixing Unit from 6.0 MTPA to 12.0 MTPA located near village Tornagallu, Tehsil- Sandur, District -Bellary, Karnataka. by M/s. JSW Cement Ltd.",KARNATAKA,Rajkumar Dhempe,SEIAA,TOR GRANTED,KARNATAKA,3(b) Cement plants
8,SIA/KA/IND1/448542/2023,"Clearance Type: Application for EC (Category A, B1, and B2 Violation)- Form 1
S/W No.: SW/111256/2022
Category: B1
Sector: Industrial Projects - 1
Date of Submission:
18/10/2023",Expansion of Cement manufacturing unit by M/s. Ratna Cements (Yadwad) Limited,KARNATAKA,RATNA CEMENTS,SEIAA,EC Granted,KARNATAKA,3(b) Cement plants
9,SIA/KA/IND1/410237/2023,"Clearance Type: Application for ToR (Category A, B1, and B2 Violation)/EC (Category B2) - Form 1
S/W No.: SW/111256/2022
Category: B1
Sector: Industrial Projects - 1
Date of Submission:
27/02/2023",Expansion of Cement manufacturing unit by M/s. Ratna Cements (Yadwad) Limited,KARNATAKA,RATNA CEMENTS,SEIAA,TOR GRANTED,KARNATAKA,3(b) Cement plants
1,SIA/KA/IND3/502699/2024,"Clearance Type: Application for ToR (Category A, B1, and B2 Violation)/EC (Category B2) - Form 1
S/W No.: SW/213492/2024
Category: B1
Sector: Industrial Projects - 3
Date of Submission:
18/02/2025","Expansion of Single Super Phosphate plant from 45,000 TPA to 1,32,000 TPA and Granular Single Super Phosphate plant from 60,000 TPA to 1,32,000 TPA within existing Fertilizer plant at Plot No.101-102, Huligi-Road, Munirabad (RS), Koppal Karnataka by Coromandel International Limited",KARNATAKA,COROMANDEL INTERNATIONAL LIMITED,SEIAA,ToR Granted,KARNATAKA,5(a) Chemical fertilizers
1,SIA/KL/IND1/525525/2025,"Clearance Type: Application for ToR (Category A, B1, and B2 Violation)/EC (Category B2) - Form 1
S/W No.: SW/236323/2025
Category: B2
Sector: Industrial Projects - 1
Date of Submission:
27/02/2025","Expansion of existing rolling mill (TMT Bars from 1,01,500 TPA to 1,50,000 TPA) with inclusion of Steel Melt Shop (Billet production 1,18,500 TPA) by M/s. Gasha Steels Pvt. Ltd",KERALA,GASHA STEELS PRIVATE LIMITED,SEIAA,Referred to SEAC,KERALA,3(a) Metallurgical Industries (ferrous and non ferrous)
2,SIA/KL/IND1/490474/2024,"Clearance Type: Application for EC (Category A, B1, and B2 Violation)- Form 1
S/W No.: SW/121703/2023
Category: B1
Sector: Industrial Projects - 1
Date of Submission:
13/09/2024",Kairali sttels & Alloys integrated furnace and hot rolling mill,KERALA,KAIRALI STEELS & ALLOYS PRIVATE LIMITED,SEIAA,EC Granted,KERALA,3(a) Metallurgical Industries (ferrous and non ferrous)
3,SIA/KL/IND1/489874/2024,"Clearance Type: Application for ToR (Category A, B1, and B2 Violation)/EC (Category B2) - Form 1
S/W No.: SW/199609/2024
Category: B2
Sector: Industrial Projects - 1
Date of Submission:
26/07/2024",Establishment of steel making and rolling mill unit by M/s. YESEMM STEEL PRODUCTS (KANJIKKODU) PVT. LTD. Unit II,KERALA,YESEMM STEEL Products kanjikkodu private limited,SEIAA,EC Granted,KERALA,3(a) Metallurgical Industries (ferrous and non ferrous)
4,SIA/KL/IND1/480217/2024,"Clearance Type: Application for EC (Category A, B1, and B2 Violation)- Form 1
S/W No.: SW/136772/2023
Category: B1
Sector: Industrial Projects - 1
Date of Submission:
10/06/2024",Existing Re-Rolling mill by M/s Steel Max Rolling Mills Limited,KERALA,STEELMAX ROLLING MILLS LIMITED,SEIAA,"DELISTED BY SYSTEM
(at : 27/05/2025)",KERALA,3(a) Metallurgical Industries (ferrous and non ferrous)
5,SIA/KL/IND1/470929/2024,"Clearance Type: Application for ToR (Category A, B1, and B2 Violation)/EC (Category B2) - Form 1
S/W No.: SW/179666/2024
Category: B1
Sector: Industrial Projects - 1
Date of Submission:
30/05/2024",Establishment of steel making and rolling mill unit by M/s. YESEMM STEEL PRODUCTS (KANJIKKODU) PVT. LTD. Unit II,KERALA,YESEMM STEEL Products kanjikkodu private limited,SEIAA,Standard ToR Granted,KERALA,3(a) Metallurgical Industries (ferrous and non ferrous)
6,SIA/KL/IND1/463347/2024,"Clearance Type: Application for EC (Category A, B1, and B2 Violation)- Form 1
S/W No.: SW/137189/2023
Category: B1
Sector: Industrial Projects - 1
Date of Submission:
29/05/2024",Regularization of existing Mild Steel Re-Rolling mill by M/s. Lal Steels Pvt. Ltd.,KERALA,LAL STEELS PRIVATE LIMITED,SEIAA,"DELISTED BY SYSTEM
(at : 27/05/2025)",KERALA,3(a) Metallurgical Industries (ferrous and non ferrous)
7,SIA/KL/IND1/463490/2024,"Clearance Type: Application for EC (Category A, B1, and B2 Violation)- Form 1
S/W No.: SW/136946/2023
Category: B1
Sector: Industrial Projects - 1
Date of Submission:
29/05/2024",Regularization of existing Re-Rolling mill by M/s. Palakkad Steels Pvt. Ltd,KERALA,PALAKKAD STEELS PRIVATE LIMITED,SEIAA,"DELISTED BY SYSTEM
(at : 27/05/2025)",KERALA,3(a) Metallurgical Industries (ferrous and non ferrous)
8,SIA/KL/IND1/464150/2024,"Clearance Type: Application for EC (Category A, B1, and B2 Violation)- Form 1
S/W No.: SW/137202/2023
Category: B1
Sector: Industrial Projects - 1
Date of Submission:
25/04/2024",Regularization of Existing Steel making and Rolling mill by M/s. Minar Ispat Private Limited,KERALA,MINAR ISPAT PRIVATE LIMITED,SEIAA,"DELISTED BY SYSTEM
(at : 27/05/2025)",KERALA,3(a) Metallurgical Industries (ferrous and non ferrous)
9,SIA/KL/IND1/464083/2024,"Clearance Type: Application for EC (Category A, B1, and B2 Violation)- Form 1
S/W No.: SW/137173/2023
Category: B1
Sector: Industrial Projects - 1
Date of Submission:
22/04/2024",Regularization of Existing Re-Rolling mill by M/s. Vadhi Steels Private Limited,KERALA,VADHI STEELS PRIVATE LIMITED,SEIAA,"DELISTED BY SYSTEM
(at : 27/05/2025)",KERALA,3(a) Metallurgical Industries (ferrous and non ferrous)
10,SIA/KL/IND1/463629/2024,"Clearance Type: Application for EC (Category A, B1, and B2 Violation)- Form 1
S/W No.: SW/137210/2023
Category: B1
Sector: Industrial Projects - 1
Date of Submission:
22/04/2024",Regularization of existing steel making and rolling mill by M/s. Beepath Castings (P) Ltd.,KERALA,BEE PATH CASTINGS P LTD,SEIAA,"DELISTED BY SYSTEM
(at : 27/05/2025)",KERALA,3(a) Metallurgical Industries (ferrous and non ferrous)
11,SIA/KL/IND1/463274/2024,"Clearance Type: Application for EC (Category A, B1, and B2 Violation)- Form 1
S/W No.: SW/136733/2023
Category: B1
Sector: Industrial Projects - 1
Date of Submission:
22/04/2024",Existing Re-Rolling mill by M/s. Prince TMT Steels Pvt Ltd,KERALA,PRINCE TMT STEELS PRIVATE LIMITED,SEIAA,"DELISTED BY SYSTEM
(at : 27/05/2025)",KERALA,3(a) Metallurgical Industries (ferrous and non ferrous)
12,SIA/KL/IND1/467708/2024,"Clearance Type: Application for EC (Category A, B1, and B2 Violation)- Form 1
S/W No.: SW/136900/2023
Category: B1
Sector: Industrial Projects - 1
Date of Submission:
12/04/2024",Regularization of Existing Steel making and Rolling mill by M/s. World Wide Iron & Steels Pvt. Ltd.,KERALA,WORLD WIDE IRON & STEELS PRIVATE LIMITED,SEIAA,"DELISTED BY SYSTEM
(at : 27/05/2025)",KERALA,3(a) Metallurgical Industries (ferrous and non ferrous)
13,SIA/KL/IND1/439827/2023,"Clearance Type: Application for EC (Category A, B1, and B2 Violation)- Form 1
S/W No.: SW/117767/2023
Category: B1
Sector: Industrial Projects - 1
Date of Submission:
10/11/2023",Existing Steel making and Rolling Mill by M/s. Peekay Rolling Mills (P) LTD,KERALA,PEEKAY ROLLING MILLS PRIVATE LIMITED,SEIAA,EC Granted,KERALA,3(a) Metallurgical Industries (ferrous and non ferrous)
14,SIA/KL/IND1/443094/2023,"Clearance Type: Application for EC (Category A, B1, and B2 Violation)- Form 1
S/W No.: SW/119028/2023
Category: B1
Sector: Industrial Projects - 1
Date of Submission:
10/11/2023",Existing Mild Steel Re-Rolling mill by M/s. Gasha Steels (P) LTD,KERALA,GASHA STEELS PRIVATE LIMITED,SEIAA,EC Granted,KERALA,3(a) Metallurgical Industries (ferrous and non ferrous)
15,SIA/KL/IND1/437098/2023,"Clearance Type: Application for ToR (Category A, B1, and B2 Violation)/EC (Category B2) - Form 1
S/W No.: SW/136900/2023
Category: B1
Sector: Industrial Projects - 1
Date of Submission:
09/08/2023",Regularization of Existing Steel making and Rolling mill by M/s. World Wide Iron & Steels Pvt. Ltd.,KERALA,WORLD WIDE IRON & STEELS PRIVATE LIMITED,SEIAA,TOR Granted,KERALA,3(a) Metallurgical Industries (ferrous and non ferrous)
16,SIA/KL/IND1/437394/2023,"Clearance Type: Application for ToR (Category A, B1, and B2 Violation)/EC (Category B2) - Form 1
S/W No.: SW/137210/2023
Category: B1
Sector: Industrial Projects - 1
Date of Submission:
19/07/2023",Regularization of existing steel making and rolling mill by M/s. Beepath Castings (P) Ltd.,KERALA,BEE PATH CASTINGS P LTD,SEIAA,EDS raised,KERALA,3(a) Metallurgical Industries (ferrous and non ferrous)
17,SIA/KL/IND1/437381/2023,"Clearance Type: Application for ToR (Category A, B1, and B2 Violation)/EC (Category B2) - Form 1
S/W No.: SW/137202/2023
Category: B1
Sector: Industrial Projects - 1
Date of Submission:
19/07/2023",Regularization of Existing Steel making and Rolling mill by M/s. Minar Ispat Private Limited,KERALA,MINAR ISPAT PRIVATE LIMITED,SEIAA,EDS raised,KERALA,3(a) Metallurgical Industries (ferrous and non ferrous)
18,SIA/KL/IND1/437368/2023,"Clearance Type: Application for ToR (Category A, B1, and B2 Violation)/EC (Category B2) - Form 1
S/W No.: SW/137189/2023
Category: B1
Sector: Industrial Projects - 1
Date of Submission:
19/07/2023",Regularization of existing Mild Steel Re-Rolling mill by M/s. Lal Steels Pvt. Ltd.,KERALA,LAL STEELS PRIVATE LIMITED,SEIAA,EDS raised,KERALA,3(a) Metallurgical Industries (ferrous and non ferrous)
19,SIA/KL/IND1/437349/2023,"Clearance Type: Application for ToR (Category A, B1, and B2 Violation)/EC (Category B2) - Form 1
S/W No.: SW/137173/2023
Category: B1
Sector: Industrial Projects - 1
Date of Submission:
19/07/2023",Regularization of Existing Re-Rolling mill by M/s. Vadhi Steels Private Limited,KERALA,VADHI STEELS PRIVATE LIMITED,SEIAA,EDS raised,KERALA,3(a) Metallurgical Industries (ferrous and non ferrous)
20,SIA/KL/IND1/437083/2023,"Clearance Type: Application for ToR (Category A, B1, and B2 Violation)/EC (Category B2) - Form 1
S/W No.: SW/121703/2023
Category: B1
Sector: Industrial Projects - 1
Date of Submission:
18/07/2023",Kairali sttels & Alloys integrated furnace and hot rolling mill,KERALA,KAIRALI STEELS & ALLOYS PRIVATE LIMITED,SEIAA,EDS raised,KERALA,3(a) Metallurgical Industries (ferrous and non ferrous)
1,SIA/MP/IND2/555883/2025,"Clearance Type: Application for EC (Category A, B1, and B2 Violation)- Form 1
S/W No.: SW/244399/2025
Category: B1
Sector: Industrial Projects - 2
Date of Submission:
28/10/2025",Mekalsuta Sugars Private Ltd,MADHYA PRADESH,MEKALSUTA SUGAR PRIVATE LIMITED,SEIAA,EC Granted,MADHYA PRADESH,5(g) Distilleries
2,SIA/MP/IND2/543884/2025,"Clearance Type: Application for ToR (Category A, B1, and B2 Violation)/EC (Category B2) - Form 1
S/W No.: SW/252964/2025
Category: B1
Sector: Industrial Projects - 2
Date of Submission:
25/07/2025",200 KLPD Grain Based Distillery Plant with Product of RS/ENA with Bottling Plant/Fuel Ethanol Plant and Pharma grade Ethanol with Cogeneration Power Plant of 7.0 MW,MADHYA PRADESH,JAKSON BIOFUELS PRIVATE LIMITED,SEIAA,"DELISTED BY SYSTEM
(at : 30/10/2025)",MADHYA PRADESH,5(g) Distilleries
3,SIA/MP/IND2/534505/2025,"Clearance Type: Application for ToR (Category A, B1, and B2 Violation)/EC (Category B2) - Form 1
S/W No.: SW/244399/2025
Category: B1
Sector: Industrial Projects - 2
Date of Submission:
25/04/2025",Mekalsuta Sugars Private Ltd,MADHYA PRADESH,MEKALSUTA SUGAR PRIVATE LIMITED,SEIAA,Standard ToR Granted,MADHYA PRADESH,5(g) Distilleries
4,SIA/MP/IND2/534587/2025,"Clearance Type: Application for Amendment in EC- Form-4
S/W No.: SW/241385/2025
Category: B2
Sector: Industrial Projects - 2
Date of Submission:
25/04/2025",M/s Mahakaushal Sugar and Power Industries Limited,MADHYA PRADESH,MAHAKAUSHAL SUGAR AND POWER INDUSTRIES LTD,SEIAA,"DELISTED BY SYSTEM
(at : 19/09/2025)",MADHYA PRADESH,5(g) Distilleries
5,SIA/MP/IND2/522252/2025,"Clearance Type: Application for ToR (Category A, B1, and B2 Violation)/EC (Category B2) - Form 1
S/W No.: SW/233540/2025
Category: B1
Sector: Industrial Projects - 2
Date of Submission:
10/02/2025",Fuel ethanol manufacturing project (multi-grain Based) by M/s Bramhaganga Agro Organics Private Ltd (BAPL),MADHYA PRADESH,BRAMHAGANGA AGRO ORGANICS PRIVATE LIMITED,SEIAA,Standard ToR Granted,MADHYA PRADESH,5(g) Distilleries
6,SIA/MP/IND2/411737/2022,"Clearance Type: Application for ToR (Category A, B1, and B2 Violation)/EC (Category B2) - Form 1
S/W No.: SW/112425/2022
Category: B1
Sector: Industrial Projects - 2
Date of Submission:
23/11/2023",M/s Agrawal Distilleries Pvt. Ltd.,MADHYA PRADESH,AGRAWAL DISTILLERIES PRIVATE LIMITED,SEIAA,TOR Granted,MADHYA PRADESH,5(g) Distilleries
7,SIA/MP/IND2/446435/2023,"Clearance Type: Application for EC (Category A, B1, and B2 Violation)- Form 1
S/W No.: SW/112425/2022
Category: B1
Sector: Industrial Projects - 2
Date of Submission:
03/10/2023",M/s Agrawal Distilleries Pvt. Ltd.,MADHYA PRADESH,AGRAWAL DISTILLERIES PRIVATE LIMITED,SEIAA,EC Granted,MADHYA PRADESH,5(g) Distilleries
8,SIA/MP/IND2/435748/2023,"Clearance Type: Application for ToR (Category A, B1, and B2 Violation)/EC (Category B2) - Form 1
S/W No.: SW/135502/2023
Category: B2
Sector: Industrial Projects - 2
Date of Submission:
10/07/2023",Proposal for Fuel Ethanol Plant of 45 KLD ( B molasses based)/ 54 KLD ( Cane juice based alongwith co generation plant of 1.5 mw,MADHYA PRADESH,NAVALSINGH SAHAKARI SHAKKAR KARKHANA MARYADIT NAVALNAGAR BURHANPUR MP,SEIAA,EC Granted,MADHYA PRADESH,5(g) Distilleries
9,SIA/MP/IND2/421001/2023,"Clearance Type: Application for ToR (Category A, B1, and B2 Violation)/EC (Category B2) - Form 1
S/W No.: SW/121553/2023
Category: B2
Sector: Industrial Projects - 2
Date of Submission:
06/05/2023","Proposed Molasses/B Molasses/Can Juice/Syrup based fuel ethanol plant (Molasses : 60 KLD, B Mollasses - 80 KLD, Can Juice/Syrup -100 KLD ) along with 3 MW Power Plant and 72 TPD CO2 Generation",MADHYA PRADESH,M/S DOLLEX AGROTECH PVT. LTD.,SEIAA,EC Granted,MADHYA PRADESH,5(g) Distilleries
10,SIA/MP/IND2/410743/2022,"Clearance Type: Application for ToR (Category A, B1, and B2 Violation)/EC (Category B2) - Form 1
S/W No.: SW/111294/2022
Category: B2
Sector: Industrial Projects - 2
Date of Submission:
15/02/2023","M/s Shree Durga Khandsari Sugar Mills (SDKSM) Proposal for capacity expansion in Fuel Ethanol Plant of 45 KLD to 75 KLD ( C Molasses ), 95 KLD ( B Heavy Molasses) , 110 KLD ( Cane Syrup ) & Incineration Boiler ( from 14 TPH to 14 TPH+4TPH ) = 18 TPH",MADHYA PRADESH,SHREE DURGA KHANDSARI SUGAR MILLS,SEIAA,EC Granted,MADHYA PRADESH,5(g) Distilleries
11,SIA/MP/IND2/411842/2022,"Clearance Type: Application for ToR (Category A, B1, and B2 Violation)/EC (Category B2) - Form 1
S/W No.: SW/112724/2022
Category: B2
Sector: Industrial Projects - 2
Date of Submission:
11/02/2023",100KLPD fuel ethanol unit (B- Molasses based) along with 2.5MW Co- generation power plant By product : 50 TPD of CO2 Generation,MADHYA PRADESH,NARMADA SUGAR PRIVATE LIMITED,SEIAA,EC Granted,MADHYA PRADESH,5(g) Distilleries
1,SIA/MP/IND1/579098/2026,"Clearance Type: Application for EC (Category A, B1, and B2 Violation)- Form 1
S/W No.: SW/267990/2025
Category: B1
Sector: Industrial Projects - 1
Date of Submission:
27/05/2026","M/s JSW Steel Coated Products Limited, Ghatabillod, village Sejwaya,Tehsil & District Dhar, Madhya Pradesh",MADHYA PRADESH,JSW STEEL COATED PRODUCTS LIMITED,SEIAA,Pending at MS SEIAA,MADHYA PRADESH,3(a) Metallurgical Industries (ferrous and non ferrous)
2,SIA/MP/IND1/574423/2026,"Clearance Type: Application for ToR (Category A, B1, and B2 Violation)/EC (Category B2) - Form 1
S/W No.: SW/280150/2026
Category: B1
Sector: Industrial Projects - 1
Date of Submission:
18/05/2026",SHYAM SEL & POWER LIMITED,MADHYA PRADESH,SHYAM SEL & POWER LIMITED,SEIAA,EDS raised,MADHYA PRADESH,3(a) Metallurgical Industries (ferrous and non ferrous)
3,SIA/MP/IND1/563512/2025,"Clearance Type: Application for ToR (Category A, B1, and B2 Violation)/EC (Category B2) - Form 1
S/W No.: SW/270580/2025
Category: B1
Sector: Industrial Projects - 1
Date of Submission:
29/12/2025",M/s VENUS ALLOYS PVT. LTD. (UNIT-3),MADHYA PRADESH,VENUS ALLOYS PVT. LTD.,SEIAA,Standard ToR Granted,MADHYA PRADESH,3(a) Metallurgical Industries (ferrous and non ferrous)
4,SIA/MP/IND1/560689/2025,"Clearance Type: Application for ToR (Category A, B1, and B2 Violation)/EC (Category B2) - Form 1
S/W No.: SW/267990/2025
Category: B1
Sector: Industrial Projects - 1
Date of Submission:
12/12/2025","M/s JSW Steel Coated Products Limited, Ghatabillod, village Sejwaya,Tehsil & District Dhar, Madhya Pradesh",MADHYA PRADESH,JSW STEEL COATED PRODUCTS LIMITED,SEIAA,Standard ToR Granted,MADHYA PRADESH,3(a) Metallurgical Industries (ferrous and non ferrous)
5,SIA/MP/IND1/553063/2025,"Clearance Type: Application for Transfer of ToR - Form-8
S/W No.: SW/261271/2025
Category: B1
Sector: Industrial Projects - 1
Date of Submission:
25/09/2025",M/s. JSW Steel Coated Products Limited.,MADHYA PRADESH,JSW STEEL COATED PRODUCTS LIMITED,SEIAA,"DELISTED BY SYSTEM
(at : 13/11/2025)",MADHYA PRADESH,3(a) Metallurgical Industries (ferrous and non ferrous)
6,SIA/MP/IND1/546553/2025,"Clearance Type: Application for EC (Category A, B1, and B2 Violation)- Form 1
S/W No.: SW/186161/2024
Category: B1
Sector: Industrial Projects - 1
Date of Submission:
31/07/2025","PROPOSED PROJECT OF ROLLING MILL WITH WIRE DRAWING MILL, PICKLING PLANT AND ANNEALING PLANT AT PLOT NO 164-C, SECTOR III, INDUSTRIAL AREA, PITHAMPUR, DISTRICT DHAR (MP)"" BY SHYAM SEL & POWER LIMITED",MADHYA PRADESH,SHYAM SEL & POWER LIMITED,SEIAA,"DELISTED BY SYSTEM
(at : 12/02/2026)",MADHYA PRADESH,3(a) Metallurgical Industries (ferrous and non ferrous)
7,SIA/MP/IND1/533805/2025,"Clearance Type: Application for EC (Category A, B1, and B2 Violation)- Form 1
S/W No.: SW/229978/2025
Category: B1
Sector: Industrial Projects - 1
Date of Submission:
17/04/2025",Proposed Project of Steel Plant and Bright Bar,MADHYA PRADESH,SHYAM SEL & POWER LIMITED,SEIAA,EC Granted,MADHYA PRADESH,3(a) Metallurgical Industries (ferrous and non ferrous)
8,SIA/MP/IND1/518364/2025,"Clearance Type: Application for ToR (Category A, B1, and B2 Violation)/EC (Category B2) - Form 1
S/W No.: SW/229978/2025
Category: B1
Sector: Industrial Projects - 1
Date of Submission:
16/02/2025",Proposed Project of Steel Plant and Bright Bar,MADHYA PRADESH,SHYAM SEL & POWER LIMITED,SEIAA,Standard ToR Granted,MADHYA PRADESH,3(a) Metallurgical Industries (ferrous and non ferrous)
9,SIA/MP/IND1/521205/2025,"Clearance Type: Application for Corrigendum Form-13
S/W No.: SW/136284/2023
Category: B1
Sector: Industrial Projects - 1
Date of Submission:
30/01/2025","M/s. National Steel and Agro Industries Ltd.at Khasara. No. 25/1/4, Ghatabillod, Village Sejwaya, Tal : Dhar, Dist. Dhar, State: Madhya Pradesh Pin 454773,",MADHYA PRADESH,NATIONAL STEEL AND AGRO INDUSTRIES LIMITED,SEIAA,"DELISTED BY SYSTEM
(at : 10/04/2025)",MADHYA PRADESH,3(a) Metallurgical Industries (ferrous and non ferrous)
10,SIA/MP/IND1/520652/2025,"Clearance Type: Application for EC (Category A, B1, and B2 Violation)- Form 1
S/W No.: SW/145242/2023
Category: B1
Sector: Industrial Projects - 1
Date of Submission:
27/01/2025",M/s A T S Alloys Private Limited,MADHYA PRADESH,A T S ALLOYS PRIVATE LIMITED,SEIAA,Pending at MS SEIAA,MADHYA PRADESH,3(a) Metallurgical Industries (ferrous and non ferrous)
11,SIA/MP/IND1/518754/2025,"Clearance Type: Application for EC (Category A, B1, and B2 Violation)- Form 1
S/W No.: SW/141668/2023
Category: B1
Sector: Industrial Projects - 1
Date of Submission:
16/01/2025",PRIME GOLD -SAIL JVC LIMITED,MADHYA PRADESH,PRIME GOLD SAIL JVC LIMITED,SEIAA,Pending at MS SEIAA,MADHYA PRADESH,3(a) Metallurgical Industries (ferrous and non ferrous)
12,SIA/MP/IND1/477298/2024,"Clearance Type: Application for ToR (Category A, B1, and B2 Violation)/EC (Category B2) - Form 1
S/W No.: SW/186161/2024
Category: B1
Sector: Industrial Projects - 1
Date of Submission:
30/05/2024","PROPOSED PROJECT OF ROLLING MILL WITH WIRE DRAWING MILL, PICKLING PLANT AND ANNEALING PLANT AT PLOT NO 164-C, SECTOR III, INDUSTRIAL AREA, PITHAMPUR, DISTRICT DHAR (MP)"" BY SHYAM SEL & POWER LIMITED",MADHYA PRADESH,SHYAM SEL & POWER LIMITED,SEIAA,Pending at MS SEIAA,MADHYA PRADESH,3(a) Metallurgical Industries (ferrous and non ferrous)
13,SIA/MP/IND1/468930/2024,"Clearance Type: Application for Transfer of ToR - Form-8
S/W No.: SW/139459/2023
Category: B1
Sector: Industrial Projects - 1
Date of Submission:
19/04/2024","Mittal Corp Limited - “Proposed Expansion of the Existing Rolling Mill production from 1, 50,000 to 1, 80,000 TPA with Installation of Wire Drawing Mill, Pickling Plant and Annealing Plant within existing facility over an area of 60,000 sq.mt at Plot No 164C, Sector III, Industrial Area, Pithampur, District Dhar (MP)”",MADHYA PRADESH,MITTAL CORP LIMITED,SEIAA,ToR Rejected,MADHYA PRADESH,3(a) Metallurgical Industries (ferrous and non ferrous)
14,SIA/MP/IND1/467558/2024,"Clearance Type: Application for EC (Category A, B1, and B2 Violation)- Form 1
S/W No.: SW/117855/2023
Category: B1
Sector: Industrial Projects - 1
Date of Submission:
29/03/2024",M/s IMPEX COMMERCIAL PRIVATE LIMITED,MADHYA PRADESH,IMPEX COMMERCIAL PRIVATE LIMITED,SEIAA,Pending at MS SEIAA,MADHYA PRADESH,3(a) Metallurgical Industries (ferrous and non ferrous)
15,SIA/MP/IND1/443738/2023,"Clearance Type: Application for EC (Category A, B1, and B2 Violation)- Form 1
S/W No.: SW/100981/2022
Category: B1
Sector: Industrial Projects - 1
Date of Submission:
21/03/2024",Shri Shakambari Ferrous Pvt. Ltd.” Project,MADHYA PRADESH,SHRI SHAKAMBARI FERROUS PRIVATE LIMITED,SEIAA,EC Granted,MADHYA PRADESH,3(a) Metallurgical Industries (ferrous and non ferrous)
16,SIA/MP/IND1/463585/2024,"Clearance Type: Application for EC (Category A, B1, and B2 Violation)- Form 1
S/W No.: SW/147620/2023
Category: B1
Sector: Industrial Projects - 1
Date of Submission:
21/02/2024","Proposed 600 TPD M.S.Billets, TMT Bars & Rolled Product Manufacturing Unit Through Secondary Metallurgical Process",MADHYA PRADESH,MUDRA STEEL INDUSTRIES PRIVATE LIMITED,SEIAA,EC Granted,MADHYA PRADESH,3(a) Metallurgical Industries (ferrous and non ferrous)
17,SIA/MP/IND1/460977/2024,"Clearance Type: Application for EC (Category A, B1, and B2 Violation)- Form 1
S/W No.: SW/139459/2023
Category: B1
Sector: Industrial Projects - 1
Date of Submission:
16/02/2024","Mittal Corp Limited - “Proposed Expansion of the Existing Rolling Mill production from 1, 50,000 to 1, 80,000 TPA with Installation of Wire Drawing Mill, Pickling Plant and Annealing Plant within existing facility over an area of 60,000 sq.mt at Plot No 164C, Sector III, Industrial Area, Pithampur, District Dhar (MP)”",MADHYA PRADESH,MITTAL CORP LIMITED,SEIAA,EC Rejected,MADHYA PRADESH,3(a) Metallurgical Industries (ferrous and non ferrous)
18,SIA/MP/IND1/437124/2023,"Clearance Type: Application for ToR (Category A, B1, and B2 Violation)/EC (Category B2) - Form 1
S/W No.: SW/136284/2023
Category: B1
Sector: Industrial Projects - 1
Date of Submission:
12/12/2023","M/s. National Steel and Agro Industries Ltd.at Khasara. No. 25/1/4, Ghatabillod, Village Sejwaya, Tal : Dhar, Dist. Dhar, State: Madhya Pradesh Pin 454773,",MADHYA PRADESH,NATIONAL STEEL AND AGRO INDUSTRIES LIMITED,SEIAA,EDS raised,MADHYA PRADESH,3(a) Metallurgical Industries (ferrous and non ferrous)
19,SIA/MP/IND1/448508/2023,"Clearance Type: Application for ToR (Category A, B1, and B2 Violation)/EC (Category B2) - Form 1
S/W No.: SW/147620/2023
Category: B1
Sector: Industrial Projects - 1
Date of Submission:
16/10/2023","Proposed 600 TPD M.S.Billets, TMT Bars & Rolled Product Manufacturing Unit Through Secondary Metallurgical Process",MADHYA PRADESH,MUDRA STEEL INDUSTRIES PRIVATE LIMITED,SEIAA,TOR Granted,MADHYA PRADESH,3(a) Metallurgical Industries (ferrous and non ferrous)
20,SIA/MP/IND1/446102/2023,"Clearance Type: Application for ToR (Category A, B1, and B2 Violation)/EC (Category B2) - Form 1
S/W No.: SW/145242/2023
Category: B1
Sector: Industrial Projects - 1
Date of Submission:
11/10/2023",M/s A T S Alloys Private Limited,MADHYA PRADESH,A T S ALLOYS PRIVATE LIMITED,SEIAA,TOR Granted,MADHYA PRADESH,3(a) Metallurgical Industries (ferrous and non ferrous)
21,SIA/MP/IND1/439825/2023,"Clearance Type: Application for ToR (Category A, B1, and B2 Violation)/EC (Category B2) - Form 1
S/W No.: SW/139459/2023
Category: B1
Sector: Industrial Projects - 1
Date of Submission:
14/09/2023","Mittal Corp Limited - “Proposed Expansion of the Existing Rolling Mill production from 1, 50,000 to 1, 80,000 TPA with Installation of Wire Drawing Mill, Pickling Plant and Annealing Plant within existing facility over an area of 60,000 sq.mt at Plot No 164C, Sector III, Industrial Area, Pithampur, District Dhar (MP)”",MADHYA PRADESH,MITTAL CORP LIMITED,SEIAA,TOR Granted,MADHYA PRADESH,3(a) Metallurgical Industries (ferrous and non ferrous)
22,SIA/MP/IND1/442198/2023,"Clearance Type: Application for ToR (Category A, B1, and B2 Violation)/EC (Category B2) - Form 1
S/W No.: SW/141668/2023
Category: B1
Sector: Industrial Projects - 1
Date of Submission:
08/09/2023",PRIME GOLD -SAIL JVC LIMITED,MADHYA PRADESH,PRIME GOLD SAIL JVC LIMITED,SEIAA,TOR Granted,MADHYA PRADESH,3(a) Metallurgical Industries (ferrous and non ferrous)
23,SIA/MP/IND1/441943/2023,"Clearance Type: Application for EC (Category A, B1, and B2 Violation)- Form 1
S/W No.: SW/117630/2023
Category: B1
Sector: Industrial Projects - 1
Date of Submission:
30/08/2023","Regularization of Existing Production Facilities for Steel Wires of Capacity 180000 TPA [Seeking EC for regularization of existing CTE Capacity as per NGT Order dtd. 12.02.2020 and MoEFCC, Notification S.O. 3250(E) dtd. 20.07.2022] At Plot No. 158 & 158A, Sector-III, Industrial Area Pithampur, Tehsil & District : Dhar, Madhya Pradesh – 454775 by M/s. Tata Steel Limited",MADHYA PRADESH,M/S. TATA STEEL LIMITED,SEIAA,EC Granted,MADHYA PRADESH,3(a) Metallurgical Industries (ferrous and non ferrous)
24,SIA/MP/IND1/439432/2023,"Clearance Type: Application for ToR (Category A, B1, and B2 Violation)/EC (Category B2) - Form 1
S/W No.: SW/139126/2023
Category: B1
Sector: Industrial Projects - 1
Date of Submission:
06/08/2023",Manufacturing of Clad Bonded Products and Mono Metal,MADHYA PRADESH,APERAM ALLOYS INDIA PRIVATE LIMITED,SEIAA,EDS raised,MADHYA PRADESH,3(a) Metallurgical Industries (ferrous and non ferrous)
25,SIA/MP/IND1/416824/2023,"Clearance Type: Application for ToR (Category A, B1, and B2 Violation)/EC (Category B2) - Form 1
S/W No.: SW/117630/2023
Category: B1
Sector: Industrial Projects - 1
Date of Submission:
27/04/2023","Regularization of Existing Production Facilities for Steel Wires of Capacity 180000 TPA [Seeking EC for regularization of existing CTE Capacity as per NGT Order dtd. 12.02.2020 and MoEFCC, Notification S.O. 3250(E) dtd. 20.07.2022] At Plot No. 158 & 158A, Sector-III, Industrial Area Pithampur, Tehsil & District : Dhar, Madhya Pradesh – 454775 by M/s. Tata Steel Limited",MADHYA PRADESH,M/S. TATA STEEL LIMITED,SEIAA,TOR Granted,MADHYA PRADESH,3(a) Metallurgical Industries (ferrous and non ferrous)
26,SIA/MP/IND1/417036/2023,"Clearance Type: Application for ToR (Category A, B1, and B2 Violation)/EC (Category B2) - Form 1
S/W No.: SW/117855/2023
Category: B1
Sector: Industrial Projects - 1
Date of Submission:
04/02/2023",M/s IMPEX COMMERCIAL PRIVATE LIMITED,MADHYA PRADESH,IMPEX COMMERCIAL PRIVATE LIMITED,SEIAA,TOR Granted,MADHYA PRADESH,3(a) Metallurgical Industries (ferrous and non ferrous)
27,SIA/MP/IND1/400497/2022,"Clearance Type: Application for ToR (Category A, B1, and B2 Violation)/EC (Category B2) - Form 1
S/W No.: SW/100981/2022
Category: B1
Sector: Industrial Projects - 1
Date of Submission:
19/10/2022",Shri Shakambari Ferrous Pvt. Ltd.” Project,MADHYA PRADESH,SHRI SHAKAMBARI FERROUS PRIVATE LIMITED,SEIAA,TOR Granted,MADHYA PRADESH,3(a) Metallurgical Industries (ferrous and non ferrous)
1,SIA/MP/IND1/574288/2026,"Clearance Type: Application for ToR (Category A, B1, and B2 Violation)/EC (Category B2) - Form 1
S/W No.: SW/279557/2026
Category: B1
Sector: Industrial Projects - 1
Date of Submission:
23/04/2026",Proposed Cement Grinding Unit of 4.0 MTPA of M/s Orient Cement Limited Taluka: Sarni District: Betul State: Madhya Pradesh,MADHYA PRADESH,ORIENT CEMENT LIMITED,SEIAA,Standard ToR Granted,MADHYA PRADESH,3(b) Cement plants
2,SIA/MP/IND1/569010/2026,"Clearance Type: Application for EC (Category A, B1, and B2 Violation)- Form 1
S/W No.: SW/235960/2025
Category: B1
Sector: Industrial Projects - 1
Date of Submission:
16/02/2026",Proposed Clinker Grinding Unit for Ordinary Portland Cement Plant of 50 TPD,MADHYA PRADESH,Archana Raghuwanshi,SEIAA,ADS Raised,MADHYA PRADESH,3(b) Cement plants
3,SIA/MP/IND1/553929/2025,"Clearance Type: Application for EC (Category A, B1, and B2 Violation)- Form 1
S/W No.: SW/249132/2025
Category: B1
Sector: Industrial Projects - 1
Date of Submission:
13/10/2025",Clinker Grinding Units (200 TPD),MADHYA PRADESH,bhagwati cement industries,SEIAA,EC Granted,MADHYA PRADESH,3(b) Cement plants
4,SIA/MP/IND1/539783/2025,"Clearance Type: Application for ToR (Category A, B1, and B2 Violation)/EC (Category B2) - Form 1
S/W No.: SW/249132/2025
Category: B1
Sector: Industrial Projects - 1
Date of Submission:
06/06/2025",Clinker Grinding Units (200 TPD),MADHYA PRADESH,bhagwati cement industries,SEIAA,Standard ToR Granted,MADHYA PRADESH,3(b) Cement plants
5,SIA/MP/IND1/536566/2025,"Clearance Type: Application for EC (Category A, B1, and B2 Violation)- Form 1
S/W No.: SW/229096/2025
Category: B1
Sector: Industrial Projects - 1
Date of Submission:
26/05/2025","Proposed Standalone Grinding Unit with Cement Production Capacity of 4 Million TPA (2 x 2.0 Million TPA) at Village: Mawan, Tehsil & District: Guna, Madhya Pradesh by M/s. Ambuja Concrete North Private Limited",MADHYA PRADESH,AMBUJA CONCRETE NORTH PRIVATE LIMITED,SEIAA,EC Granted,MADHYA PRADESH,3(b) Cement plants
6,SIA/MP/IND1/525103/2025,"Clearance Type: Application for ToR (Category A, B1, and B2 Violation)/EC (Category B2) - Form 1
S/W No.: SW/235960/2025
Category: B1
Sector: Industrial Projects - 1
Date of Submission:
10/03/2025",Proposed Clinker Grinding Unit for Ordinary Portland Cement Plant of 50 TPD,MADHYA PRADESH,Archana Raghuwanshi,SEIAA,Standard ToR Granted,MADHYA PRADESH,3(b) Cement plants
7,SIA/MP/IND1/517711/2025,"Clearance Type: Application for ToR (Category A, B1, and B2 Violation)/EC (Category B2) - Form 1
S/W No.: SW/229291/2025
Category: B1
Sector: Industrial Projects - 1
Date of Submission:
17/02/2025","Rafadpur Cement Grinding Plant, 90,000 TPA",MADHYA PRADESH,KIRAR SHRIVASTAV CEMENT PRIVATE LIMITED,SEIAA,Standard ToR Granted,MADHYA PRADESH,3(b) Cement plants
8,SIA/MP/IND1/519676/2025,"Clearance Type: Application for EC (Category A, B1, and B2 Violation)- Form 1
S/W No.: SW/152156/2023
Category: B1
Sector: Industrial Projects - 1
Date of Submission:
22/01/2025",Expansion In Clinker Grinding Unit(500 TPD to 3500 TPD),MADHYA PRADESH,JABALPUR CEMENT INDUSTRIES PRIVATE LIMITED,SEIAA,Pending at MS SEIAA,MADHYA PRADESH,3(b) Cement plants
9,SIA/MP/IND1/518298/2025,"Clearance Type: Application for ToR (Category A, B1, and B2 Violation)/EC (Category B2) - Form 1
S/W No.: SW/229096/2025
Category: B1
Sector: Industrial Projects - 1
Date of Submission:
20/01/2025","Proposed Standalone Grinding Unit with Cement Production Capacity of 4 Million TPA (2 x 2.0 Million TPA) at Village: Mawan, Tehsil & District: Guna, Madhya Pradesh by M/s. Ambuja Concrete North Private Limited",MADHYA PRADESH,AMBUJA CONCRETE NORTH PRIVATE LIMITED,SEIAA,Standard ToR Granted,MADHYA PRADESH,3(b) Cement plants
10,SIA/MP/IND1/466827/2024,"Clearance Type: Application for Transfer of EC- Form-7
S/W No.: SW/175772/2024
Category: B1
Sector: Industrial Projects - 1
Date of Submission:
21/03/2024",Clinker grinding unit,MADHYA PRADESH,PIONEER INDUSTRIES,SEIAA,EC Granted,MADHYA PRADESH,3(b) Cement plants
11,SIA/MP/IND1/453551/2024,"Clearance Type: Application for ToR (Category A, B1, and B2 Violation)/EC (Category B2) - Form 1
S/W No.: SW/152156/2023
Category: B1
Sector: Industrial Projects - 1
Date of Submission:
13/01/2024",Expansion In Clinker Grinding Unit(500 TPD to 3500 TPD),MADHYA PRADESH,JABALPUR CEMENT INDUSTRIES PRIVATE LIMITED,SEIAA,ToR Granted,MADHYA PRADESH,3(b) Cement plants
12,SIA/MP/IND1/406666/2022,"Clearance Type: Application for ToR (Category A, B1, and B2 Violation)/EC (Category B2) - Form 1
S/W No.: SW/107996/2022
Category: B1
Sector: Industrial Projects - 1
Date of Submission:
12/07/2023",Birla Corporation Limited,MADHYA PRADESH,BIRLA CORPORATION LIMITED,SEIAA,TOR Granted,MADHYA PRADESH,3(b) Cement plants
1,SIA/MP/IND3/554773/2026,"Clearance Type: Application for Transfer of EC- Form-7
S/W No.: SW/262726/2025
Category: B2
Sector: Industrial Projects - 3
Date of Submission:
20/05/2026","Transfer of Environment Clearance from M/s Varun Fertilizer Private Limited to M/s R M Phosphates and Chemicals Private Limited for Chemical Fertilizer SSP/GSSP Fertilizer unit at Plot no. 6, 7, 8, 11, 12, 13, Sector I, Industrial area, AB Road near Tata square, Tehsil and District Dewas, M.P.",MADHYA PRADESH,R M PHOSPHATES AND CHEMICALS PRIVATE LIMITED,SEIAA,ADS Raised,MADHYA PRADESH,5(a) Chemical fertilizers
2,SIA/MP/IND3/566089/2026,"Clearance Type: Application for ToR (Category A, B1, and B2 Violation)/EC (Category B2) - Form 1
S/W No.: SW/264324/2025
Category: B1
Sector: Industrial Projects - 3
Date of Submission:
23/01/2026","Single Super Phosphate Project (1,32,000 TPA)",MADHYA PRADESH,U M SHEETLA AGRO INDUSTRIES PRIVATE LIMITED,SEIAA,"DELISTED BY SYSTEM
(at : 19/04/2026)",MADHYA PRADESH,5(a) Chemical fertilizers
3,SIA/MP/IND3/473371/2024,"Clearance Type: Application for EC (Category A, B1, and B2 Violation)- Form 1
S/W No.: SW/168189/2024
Category: B1
Sector: Industrial Projects - 3
Date of Submission:
17/05/2024",Capacity Expansion of Existing Fertilizer Unit,MADHYA PRADESH,MEXICAN AGRO CHEMICAL LIMITED,SEIAA,EC Granted,MADHYA PRADESH,5(a) Chemical fertilizers
4,SIA/MP/IND3/463489/2024,"Clearance Type: Application for Transfer of EC- Form-7
S/W No.: SW/172496/2024
Category: B1
Sector: Industrial Projects - 3
Date of Submission:
20/02/2024","Transfer of Environment clearance from M/s Indra Industries Limited to M/s Saalasar Phos Chem Pvt Ltd for Chemical Fertilizers SSP/GSSP Fertilizer at Khasra no 2132/8, 2131/1, 2132/1/2/1, 2132/5, 2132/1/13, Village -Sandla, Tehsil Badnawar, District Dhar, Madhya Pradesh",MADHYA PRADESH,SAALASAR PHOS CHEM PRIVATE LIMITED,SEIAA,"DELISTED BY SYSTEM
(at : 02/02/2026)",MADHYA PRADESH,5(a) Chemical fertilizers
5,SIA/MP/IND3/459352/2024,"Clearance Type: Application for ToR (Category A, B1, and B2 Violation)/EC (Category B2) - Form 1
S/W No.: SW/168189/2024
Category: B1
Sector: Industrial Projects - 3
Date of Submission:
22/01/2024",Capacity Expansion of Existing Fertilizer Unit,MADHYA PRADESH,MEXICAN AGRO CHEMICAL LIMITED,SEIAA,ToR Granted,MADHYA PRADESH,5(a) Chemical fertilizers
6,SIA/MP/IND3/434374/2023,"Clearance Type: Application for EC (Category A, B1, and B2 Violation)- Form 1
S/W No.: SW/120160/2023
Category: B1
Sector: Industrial Projects - 3
Date of Submission:
09/07/2023",Proposed Expansion of Fertilizer Manufacturing Plant,MADHYA PRADESH,AGRO PHOS INDIA LIMITED,SEIAA,EC Granted,MADHYA PRADESH,5(a) Chemical fertilizers
7,SIA/MP/IND3/421507/2023,"Clearance Type: Application for ToR (Category A, B1, and B2 Violation)/EC (Category B2) - Form 1
S/W No.: SW/122001/2023
Category: B1
Sector: Industrial Projects - 3
Date of Submission:
11/03/2023","M/s Madhya Bharat Agro Products Limited (Rajuoa, Sagar)",MADHYA PRADESH,MADHYA BHARAT AGRO PRODUCTS LIMITED,SEIAA,TOR Granted,MADHYA PRADESH,5(a) Chemical fertilizers
8,SIA/MP/IND3/419474/2023,"Clearance Type: Application for ToR (Category A, B1, and B2 Violation)/EC (Category B2) - Form 1
S/W No.: SW/120160/2023
Category: B1
Sector: Industrial Projects - 3
Date of Submission:
22/02/2023",Proposed Expansion of Fertilizer Manufacturing Plant,MADHYA PRADESH,AGRO PHOS INDIA LIMITED,SEIAA,TOR Granted,MADHYA PRADESH,5(a) Chemical fertilizers
9,SIA/MP/IND3/407729/2022,"Clearance Type: Application for EC (Category A, B1, and B2 Violation)- Form 1
S/W No.: SW/108922/2022
Category: B1
Sector: Industrial Projects - 3
Date of Submission:
26/11/2022","capacity expansion of Single Super Phosphate Fertilizer Unit (SSP, GSSP plant) (With expansion capacity as SSP from 66000TPA to 180000TPA, GSSP from 66000TPA to 180000TPA)",MADHYA PRADESH,ARIHANT FERTILISER AND CHEMICALS INDIA LIMITED,SEIAA,EC Granted,MADHYA PRADESH,5(a) Chemical fertilizers
10,SIA/MP/IND3/405168/2022,"Clearance Type: Application for EC (Category A, B1, and B2 Violation)- Form 1
S/W No.: SW/105663/2022
Category: B1
Sector: Industrial Projects - 3
Date of Submission:
24/11/2022","Capacity Expansion of Existing Fertilizer and Agri Inputs Manufacturing Plant at Village-Nimrani, Dist.-Khargone, M.P., By M/s Coromandel International Limited",MADHYA PRADESH,COROMANDEL INTERNATIONAL LTD NIMRANI,SEIAA,EC Granted,MADHYA PRADESH,5(a) Chemical fertilizers
1,SIA/MP/IND2/554257/2025,"Clearance Type: Application for ToR (Category A, B1, and B2 Violation)/EC (Category B2) - Form 1
S/W No.: SW/262321/2025
Category: B1
Sector: Industrial Projects - 2
Date of Submission:
20/11/2025",Capacity Expansion Project in Existing Fuel Ethanol Unit and Sugar Unit,MADHYA PRADESH,SHRIJEE SUGAR & POWER PVT.LTD.,SEIAA,Standard ToR Granted,MADHYA PRADESH,5(ga) Grain based distilleries
2,SIA/MP/IND2/555003/2025,"Clearance Type: Application for ToR (Category A, B1, and B2 Violation)/EC (Category B2) - Form 1
S/W No.: SW/262872/2025
Category: B1
Sector: Industrial Projects - 2
Date of Submission:
27/10/2025","Capacity Expansion In Grain Based Fuel Ethanol Plant of 100 KLD & 2.8 MW Co- Generation Power Plant To 150 KLD Of Fuel Ethanol, 2.8 MW OF Co Gen Power",MADHYA PRADESH,ORIENT ETHANOL INDUSTRIES PRIVATE LIMITED,SEIAA,Standard ToR Granted,MADHYA PRADESH,5(ga) Grain based distilleries
3,SIA/MP/IND2/545383/2025,"Clearance Type: Application for ToR (Category A, B1, and B2 Violation)/EC (Category B2) - Form 1
S/W No.: SW/254342/2025
Category: B1
Sector: Industrial Projects - 2
Date of Submission:
27/08/2025",Capacity Expansion In Grain Based Fuel Ethanol Plant From 300KLD & 6MW CO Generation Plant To 800KLD and 19MW Co Generation Plant,MADHYA PRADESH,MAHAKAUSHAL SUGAR AND POWER INDUSTRIES LTD,SEIAA,Standard ToR Granted,MADHYA PRADESH,5(ga) Grain based distilleries
4,SIA/MP/IND2/548980/2025,"Clearance Type: Application for Amendment in EC- Form-4
S/W No.: SW/255339/2025
Category: A
Sector: Industrial Projects - 2
Date of Submission:
22/08/2025","Greenfield Grain Based Ethanol Plant of Total Capacity of 400 KLD (200 KLD in Phase-1 +200 KLD in Phase-2) along with 14 MW (7 MW in Phase-1 + 7 MW in Phase-2) Co-generation power plant located at Village- Gudrughat, Tehsil- Khairlanji, District- Balaghat, Madhya Pradesh by M/s Hindustan Green Energy Limited",MADHYA PRADESH,HINDUSTAN GREEN ENERGY LIMITED,SEIAA,"DELISTED BY SYSTEM
(at : 08/10/2025)",MADHYA PRADESH,5(ga) Grain based distilleries
5,SIA/MP/IND2/545266/2025,"Clearance Type: Application for ToR (Category A, B1, and B2 Violation)/EC (Category B2) - Form 1
S/W No.: SW/254261/2025
Category: B1
Sector: Industrial Projects - 2
Date of Submission:
21/07/2025",Capacity Expansion of Grain Based Fuel Ethanol Unit from 195 KLD to 345 KLD,MADHYA PRADESH,VISAG BIOFUELS PRIVATE LIMITED,SEIAA,"DELISTED BY SYSTEM
(at : 30/10/2025)",MADHYA PRADESH,5(ga) Grain based distilleries
6,SIA/MP/IND2/514928/2025,"Clearance Type: Application for Transfer of EC- Form-7
S/W No.: SW/226521/2024
Category: B2
Sector: Industrial Projects - 2
Date of Submission:
11/03/2025","Transfer of Environment Clearance (EC) granted by MoEF&CC, New Delhi Vide EC Identification No. - EC22A060MP110018 and File No. IA-J-11011/338/2022-IA-II(I), dated:- 27.09.2022 for Greenfield Project of 150 KLD Grain Based Ethanol Plant along with 4.0 MW Co-generation Power Plant located at Village-Basi, Teh- Waraseoni, District- Balaghat, M.P. from M/s Ethan Natural Bio-Fuel Private Limited to M/s Jakson Biofuels Private Limited",MADHYA PRADESH,JAKSON BIOFUELS PRIVATE LIMITED,SEIAA,Pending at MS SEIAA,MADHYA PRADESH,5(ga) Grain based distilleries
7,SIA/MP/IND2/521637/2025,"Clearance Type: Application for Transfer of EC- Form-7
S/W No.: SW/233007/2025
Category: B1
Sector: Industrial Projects - 2
Date of Submission:
31/01/2025",ISLK INDUSTRIES PRIVATE LIMITED,MADHYA PRADESH,ISLK INDUSTRIES PRIVATE LIMITED,SEIAA,"DELISTED BY SYSTEM
(at : 05/06/2025)",MADHYA PRADESH,5(ga) Grain based distilleries
1,SIA/MH/IND2/584954/2026,"Clearance Type: Application for EC (Category A, B1, and B2 Violation)- Form 1
S/W No.: SW/267747/2025
Category: B1
Sector: Industrial Projects - 2
Date of Submission:
11/07/2026","Proposed Manufacturing Unit of Fruit Base Distillery Plant along with Grapes Winery to Produce 5 KLD Spirit and 30 KLD Wine, located at Gat. No.: 22/1/A/1, 22/2, Village: Bhilwad, Post: Kapshi, Taluka: Deola, District: Nashik, Maharashtra by M/s. Rajdheer Wine Pvt. Ltd.",MAHARASHTRA,Rajdheer Wine Pvt Ltd,SEIAA,Proposal Accepted and Referred to SEAC,MAHARASHTRA,5(g) Distilleries
2,SIA/MH/IND2/584953/2026,"Clearance Type: Application for EC (Category A, B1, and B2 Violation)- Form 1
S/W No.: SW/259552/2025
Category: B1
Sector: Industrial Projects - 2
Date of Submission:
11/07/2026","Proposed Manufacturing Unit of Fruit Base Distillery Plant along with Grapes Winery to Produce 10 KLD Spirit and 60 KLD Wine, located at Gat. No.: 22 (Part), Village: Bhilwad, Post: Kapshi, Taluka: Deola, District: Nashik, Maharashtra M/s. Amur Spirits Pvt. Ltd.",MAHARASHTRA,Amur Spirits Private Limited,SEIAA,Proposal Accepted and Referred to SEAC,MAHARASHTRA,5(g) Distilleries
3,SIA/MH/IND2/581341/2026,"Clearance Type: Application for EC (Category A, B1, and B2 Violation)- Form 1
S/W No.: SW/253108/2025
Category: B1
Sector: Industrial Projects - 2
Date of Submission:
15/06/2026","Environmental Clearance for the Proposed Establishment of 3 KLPD Mahua Flower-based Distillery Unit along with Liquor Bottling Plant for the manufacturing of Potable Alcohol by M/s. Raja Rum Rye Private Limited at Gat No. 671-A-2, Plot No. 85, 86, 87 and 117, Shree Samarth Sahakari Audyogik Vasahat Ltd., Pimpalgaon Baswant, Taluka Niphad, District Nashik, State Maharashtra.",MAHARASHTRA,RaJA RUM RYE PRIVATE LIMITED,SEIAA,Proposal Accepted and Referred to SEAC,MAHARASHTRA,5(g) Distilleries
4,SIA/MH/IND2/579800/2026,"Clearance Type: Application for ToR (Category A, B1, and B2 Violation)/EC (Category B2) - Form 1
S/W No.: SW/284675/2026
Category: B1
Sector: Industrial Projects - 2
Date of Submission:
22/05/2026",Proposed Expansion of Winery Unit from 500 KL/A to 6000 KL/A and New Distillery Unit of 600 KL/A,MAHARASHTRA,VINTAGE WINES PRIVATE LIMITED,SEIAA,Standard ToR Granted,MAHARASHTRA,5(g) Distilleries
5,SIA/MH/IND2/579322/2026,"Clearance Type: Application for ToR (Category A, B1, and B2 Violation)/EC (Category B2) - Form 1
S/W No.: SW/284416/2026
Category: B1
Sector: Industrial Projects - 2
Date of Submission:
19/05/2026","Proposed Establishment of 120 KLPD Grain-Based Distillery with 3.4 MW Co-generation unit at Plot No. 836/2, 837, Village: Vardi, Taluka: Chopda, District: Jalgaon, State: Maharashtra by M/s Chetas Agroproducts Private Limited",MAHARASHTRA,Chetas Agroproducts Private Limited,SEIAA,Standard ToR Granted,MAHARASHTRA,5(g) Distilleries
6,SIA/MH/IND2/575096/2026,"Clearance Type: Application for ToR (Category A, B1, and B2 Violation)/EC (Category B2) - Form 1
S/W No.: SW/280719/2026
Category: B1
Sector: Industrial Projects - 2
Date of Submission:
09/04/2026","Proposed Expansion of Grain based Distillery plant from 60 KLPD (Ethanol) to 75KLPD (RS/ENA/Ethanol) & Cogeneration Power Plant from 1.5 MWh to 2.0 MWh at Bothali Rithi, Tal: Mohadi, Dist.: Bhandara, Maharashtra State by M/s Tajshree Biofuel Private Limited.",MAHARASHTRA,TAJSHREE BIOFUEL PRIVATE LIMITED,SEIAA,Standard ToR Granted,MAHARASHTRA,5(g) Distilleries
7,SIA/MH/IND2/571833/2026,"Clearance Type: Application for ToR (Category A, B1, and B2 Violation)/EC (Category B2) - Form 1
S/W No.: SW/277981/2026
Category: B1
Sector: Industrial Projects - 2
Date of Submission:
20/03/2026","Proposed 10 KLPD ENA production from Banana, Mahua flowers with 3000 cases per day bottling plant and a standalone Malt Spirit & grape Spirit plant along with 3 TPD Bio-CNG from fruit waste at Village Mauje Khed, Taluka Lohara, District Dharashiv, Maharashtra by M/s. Corelife Retail Private Limited (CRPL).",MAHARASHTRA,CORELIFE RETAIL PRIVATE LIMITED,SEIAA,Standard ToR Granted,MAHARASHTRA,5(g) Distilleries
8,SIA/MH/IND2/571035/2026,"Clearance Type: Application for ToR (Category A, B1, and B2 Violation)/EC (Category B2) - Form 1
S/W No.: SW/277247/2026
Category: B1
Sector: Industrial Projects - 2
Date of Submission:
04/03/2026",M/s. INDUS ORGANICS,MAHARASHTRA,deepak sorde,SEIAA,Standard ToR Granted,MAHARASHTRA,5(g) Distilleries
9,SIA/MH/IND2/562677/2026,"Clearance Type: Application for EC (Category A, B1, and B2 Violation)- Form 1
S/W No.: SW/232229/2025
Category: B1
Sector: Industrial Projects - 2
Date of Submission:
04/03/2026","Proposed 5 KLPD Mahua Flower-Based Distillery for Manufacturing of Potable Alcohol along with Liquor Bottling and Sealing Unit with capacity of 7500 cases per day at Gat no: 1/1B, Chulwad Village, Taluka- Akarani, District- Nandurbar, State- Maharashtra.",MAHARASHTRA,MAHUNZA WINERY PRIVATE LIMITED,SEIAA,EC Granted,MAHARASHTRA,5(g) Distilleries
10,SIA/MH/IND2/569873/2026,"Clearance Type: Application for Amendment in EC- Form-4
S/W No.: SW/275504/2026
Category: B1
Sector: Industrial Projects - 2
Date of Submission:
24/02/2026","Amendment in Environmental Clearance (EC Identification No.- EC21B022MH180755 dated 02.11.2021) of M/s. Mula Sahakari Sakhar Karkhana Ltd. located at Post-Sonai, Tal.- Newasa, Dist.- Ahmednagar, State- Maharashtra.",MAHARASHTRA,MULA SAHAKARI SAKHAR KARKHANA LIMITED,SEIAA,EC Granted,MAHARASHTRA,5(g) Distilleries
11,SIA/MH/IND2/565965/2026,"Clearance Type: Application for EC (Category A, B1, and B2 Violation)- Form 1
S/W No.: SW/234379/2025
Category: B1
Sector: Industrial Projects - 2
Date of Submission:
20/01/2026","Proposed 40 KLPD MALT & 2 KLPD Mahua Based Distillery Plant at Village Pimparkhed, Taluka Dindori, District Nashik, Maharashtra Proposed by M/S. BAPUNA SPIRITS PVT. LTD.",MAHARASHTRA,BAPUNA SPIRITS PRIVATE LIMITED,SEIAA,EC Granted,MAHARASHTRA,5(g) Distilleries
12,SIA/MH/IND2/563160/2026,"Clearance Type: Application for Corrigendum Form-13
S/W No.: SW/224986/2024
Category: B1
Sector: Industrial Projects - 2
Date of Submission:
15/01/2026",Setting up 70KLPD Malt Distillery and Malt Spirit Maturation plant along with 6MW Cogeneration Power Plant,MAHARASHTRA,PERNOD RICARD INDIA PRIVATE LIMITED,SEIAA,EC Granted,MAHARASHTRA,5(g) Distilleries
13,SIA/MH/IND2/565296/2026,"Clearance Type: Application for Transfer of EC- Form-7
S/W No.: SW/272104/2026
Category: B1
Sector: Industrial Projects - 2
Date of Submission:
12/01/2026","Name change in Environmental Clearance of sugar unit 7500 TCD, 40 MW Cogeneration and 60 KLPD Distillery at Hiradgaon, Tal; Shrigonda Dist Ahmednagar from Saikrupa Sakhar Karkhana Ltd to Shri Saikrupa Sugar & Allied Industries Ltd",MAHARASHTRA,SHRI SAIKRUPA SUGAR & ALLIED INDUSTRIES LIMITED,SEIAA,Proposal pulled back (withdrawn),MAHARASHTRA,5(g) Distilleries
14,SIA/MH/IND2/564045/2026,"Clearance Type: Application for EC (Category A, B1, and B2 Violation)- Form 1
S/W No.: SW/255070/2025
Category: B1
Sector: Industrial Projects - 2
Date of Submission:
07/01/2026","Proposed 3 KLPD Mahua Flower Based Heritage Liquor Manufacturing Unit & Bottling plant located at S. No. 8/1, 8/2 & 8/5 Village- Ambivali T. Kotalkhalati, Tal. Karjat, Dist. Raigad, State Maharashtra by M/s. Mowa Distilleries Pvt. Ltd. (MDPL).",MAHARASHTRA,MOWA DISTILLERIES PRIVATE LIMITED,SEIAA,EC Granted,MAHARASHTRA,5(g) Distilleries
15,SIA/MH/IND2/560961/2025,"Clearance Type: Application for EC (Category A, B1, and B2 Violation)- Form 1
S/W No.: SW/209657/2024
Category: B1
Sector: Industrial Projects - 2
Date of Submission:
08/12/2025","Proposed 20 KLPD Spirit production Plant at Plot No. CU19/1, Vinchur Winepark, Vinchur-Nashik Valley Tal : Niphad, Dist: Nashik by M/s. Nashik Aroma Private Limited.",MAHARASHTRA,NASHIK AROMA PRIVATE LIMITED,SEIAA,EC Granted,MAHARASHTRA,5(g) Distilleries
16,SIA/MH/IND2/560985/2025,"Clearance Type: Application for ToR (Category A, B1, and B2 Violation)/EC (Category B2) - Form 1
S/W No.: SW/268029/2025
Category: B1
Sector: Industrial Projects - 2
Date of Submission:
08/12/2025","Proposed 01 KLPD Spirit Production Plant in Existing Grape Wine Production Unit at Gat. No.: 1/2 Village: Gangawarhe, Tal/District: Nashik, YCMOU Post Office 422222 Maharashtra M/s. Soma Vine Village Pvt Ltd.",MAHARASHTRA,soma vine village private limited,SEIAA,Standard ToR Granted,MAHARASHTRA,5(g) Distilleries
17,SIA/MH/IND2/560440/2025,"Clearance Type: Application for ToR (Category A, B1, and B2 Violation)/EC (Category B2) - Form 1
S/W No.: SW/267747/2025
Category: B1
Sector: Industrial Projects - 2
Date of Submission:
03/12/2025","Proposed Manufacturing Unit of Fruit Base Distillery Plant along with Grapes Winery to Produce 5 KLD Spirit and 30 KLD Wine, located at Gat. No.: 22/1/A/1, 22/2, Village: Bhilwad, Post: Kapshi, Taluka: Deola, District: Nashik, Maharashtra by M/s. Rajdheer Wine Pvt. Ltd.",MAHARASHTRA,Rajdheer Wine Pvt Ltd,SEIAA,Standard ToR Granted,MAHARASHTRA,5(g) Distilleries
18,SIA/MH/IND2/554886/2025,"Clearance Type: Application for ToR (Category A, B1, and B2 Violation)/EC (Category B2) - Form 1
S/W No.: SW/261489/2025
Category: B2
Sector: Industrial Projects - 2
Date of Submission:
12/11/2025",J m food products and processing,MAHARASHTRA,Upendra dilip Jadhav,SEIAA,Proposal pulled back (withdrawn),MAHARASHTRA,5(g) Distilleries
19,SIA/MH/IND2/553234/2025,"Clearance Type: Application for amendment in ToR (for categories A & B1)/Amendment in EC (for category B2)- Form-3
S/W No.: SW/100780/2022
Category: B2
Sector: Industrial Projects - 2
Date of Submission:
01/11/2025",Expansion molasses/sugarcane juice/sugar syrup based distillery unit from 30 KLPD to 95 KLPD,MAHARASHTRA,DWARKASHISH SAKHAR KARKHANA LTD,SEIAA,"DELISTED BY SYSTEM
(at : 06/04/2026)",MAHARASHTRA,5(g) Distilleries
20,SIA/MH/IND2/555517/2025,"Clearance Type: Application for ToR (Category A, B1, and B2 Violation)/EC (Category B2) - Form 1
S/W No.: SW/263413/2025
Category: B1
Sector: Industrial Projects - 2
Date of Submission:
18/10/2025","Proposed expansion of existing molasses based distillery unit from 30 KLPD to 100 KLPD by using Syrup / B / C Heavy Molasses and Sugar unit from 7500 TCD to 12500 TCD along with existing 29.8 MW Co-generation Power Plant at Venunagar, Post Gursale, Taluka Pandharpur, District Solapur, State Maharashtra, India by Shri Vitthal Sahakari Sakhar Karkhana Ltd.",MAHARASHTRA,Shri Vitthal Sahakari Sakhar Karakhana Limited,SEIAA,Standard ToR Granted,MAHARASHTRA,5(g) Distilleries
21,SIA/MH/IND2/552084/2025,"Clearance Type: Application for ToR (Category A, B1, and B2 Violation)/EC (Category B2) - Form 1
S/W No.: SW/260257/2025
Category: B1
Sector: Industrial Projects - 2
Date of Submission:
24/09/2025","Environment Clearance for expansion of Distillery from 30 KLPD to 45 KLPD (B & C- Molasses) and Sugar Factory from 2500 TCD to 7000 TCD by Shri Shankar Sahakari Sakhar Karkhana Ltd., Sadashivnagar, Tal. Malshiras, Dist. Solapur",MAHARASHTRA,SHRI SHANKAR SAHAKARI SAKHAR KARAKHANA LTD,SEIAA,Standard ToR Granted,MAHARASHTRA,5(g) Distilleries
22,SIA/MH/IND2/551210/2025,"Clearance Type: Application for ToR (Category A, B1, and B2 Violation)/EC (Category B2) - Form 1
S/W No.: SW/259552/2025
Category: B1
Sector: Industrial Projects - 2
Date of Submission:
12/09/2025","Proposed Manufacturing Unit of Fruit Base Distillery Plant along with Grapes Winery to Produce 10 KLD Spirit and 60 KLD Wine, located at Gat. No.: 22 (Part), Village: Bhilwad, Post: Kapshi, Taluka: Deola, District: Nashik, Maharashtra M/s. Amur Spirits Pvt. Ltd.",MAHARASHTRA,Amur Spirits Private Limited,SEIAA,ToR Granted,MAHARASHTRA,5(g) Distilleries
23,SIA/MH/IND2/546188/2025,"Clearance Type: Application for ToR (Category A, B1, and B2 Violation)/EC (Category B2) - Form 1
S/W No.: SW/255070/2025
Category: B1
Sector: Industrial Projects - 2
Date of Submission:
28/07/2025","Proposed 3 KLPD Mahua Flower Based Heritage Liquor Manufacturing Unit & Bottling plant located at S. No. 8/1, 8/2 & 8/5 Village- Ambivali T. Kotalkhalati, Tal. Karjat, Dist. Raigad, State Maharashtra by M/s. Mowa Distilleries Pvt. Ltd. (MDPL).",MAHARASHTRA,MOWA DISTILLERIES PRIVATE LIMITED,SEIAA,Standard ToR Granted,MAHARASHTRA,5(g) Distilleries
24,SIA/MH/IND2/500865/2025,"Clearance Type: Application for Transfer of EC- Form-7
S/W No.: SW/211445/2024
Category: B1
Sector: Industrial Projects - 2
Date of Submission:
26/07/2025",Transfer of Environmental Clearance from M/s. Krishna Sahakari Sakhar Karkhana Ltd. to M/s. Yashwantrao Mohite Krishna Sahakari Sakhar Karkhana Ltd.,MAHARASHTRA,YASHWANTRAO MOHITE KRISHNA SAHAKARI SAKHAR KARKHANA LIMITED,SEIAA,EC Granted,MAHARASHTRA,5(g) Distilleries
25,SIA/MH/IND2/538862/2025,"Clearance Type: Application for ToR (Category A, B1, and B2 Violation)/EC (Category B2) - Form 1
S/W No.: SW/248311/2025
Category: B1
Sector: Industrial Projects - 2
Date of Submission:
17/07/2025","Proposed 3 KLPD Mahua Flower Based Heritage Liquor Manufacturing Unit & Bottling plant located at S. No. 8/1, 8/2 & 8/5 Village- Ambivali T. Kotalkhalati, Tal. Karjat, Dist. Raigad, State Maharashtra by M/s. Mowa Distilleries Pvt. Ltd. (MDPL).",MAHARASHTRA,MOWA DISTILLERIES PRIVATE LIMITED,SEIAA,"DELISTED BY SYSTEM
(at : 04/11/2025)",MAHARASHTRA,5(g) Distilleries
26,SIA/MH/IND2/543987/2025,"Clearance Type: Application for ToR (Category A, B1, and B2 Violation)/EC (Category B2) - Form 1
S/W No.: SW/253108/2025
Category: B1
Sector: Industrial Projects - 2
Date of Submission:
08/07/2025","Environmental Clearance for the Proposed Establishment of 3 KLPD Mahua Flower-based Distillery Unit along with Liquor Bottling Plant for the manufacturing of Potable Alcohol by M/s. Raja Rum Rye Private Limited at Gat No. 671-A-2, Plot No. 85, 86, 87 and 117, Shree Samarth Sahakari Audyogik Vasahat Ltd., Pimpalgaon Baswant, Taluka Niphad, District Nashik, State Maharashtra.",MAHARASHTRA,RaJA RUM RYE PRIVATE LIMITED,SEIAA,ToR Granted,MAHARASHTRA,5(g) Distilleries
27,SIA/MH/IND2/543639/2025,"Clearance Type: Application for ToR (Category A, B1, and B2 Violation)/EC (Category B2) - Form 1
S/W No.: SW/252701/2025
Category: B1
Sector: Industrial Projects - 2
Date of Submission:
05/07/2025","Environmental Clearance for the proposed expansion of existing SCJ/Syrup/B Heavy Molasses/C Heavy Molasses based distillery from 50 KLPD to 95 KLPD capacity, existing Sugar unit from 5000 TCD to 6500 TCD and Co-generation Power plant from 14 MW to 20 MW by M/s. Bhairavnath Sugar Works Ltd. (BSWL) Unit- 6 Gat No. 242, 273, 274, 278, 279, 798 & 797 Ternanagar, Dhoki village, Taluka & District Dharashiv (Osmanabad), Maharashtra, India",MAHARASHTRA,BHAIRAVNATH SUGAR WORKS LIMITED,SEIAA,ToR Granted,MAHARASHTRA,5(g) Distilleries
28,SIA/MH/IND2/542514/2025,"Clearance Type: Application for Amendment in EC- Form-4
S/W No.: SW/126189/2023
Category: A
Sector: Industrial Projects - 2
Date of Submission:
24/06/2025",Proposed 65 KLPD Molasses and Sugarcane Syrup/Juice Based Distillery,MAHARASHTRA,SHRIPATI SUGAR AND POWER LIMITED,SEIAA,EC Granted,MAHARASHTRA,5(g) Distilleries
29,SIA/MH/IND2/536353/2025,"Clearance Type: Application for Surrender of Environmental Clearance - Form -11
S/W No.: SW/134201/2023
Category: B2
Sector: Industrial Projects - 2
Date of Submission:
07/06/2025","Establishment of 300 KLPD Grain based Distillery by Olam Global Agri Commodities India Pvt. Ltd (OGACIPL), At/Post: Channehatti, Rajgoli (Kh.) Tal: Chandgad, Dist.: Kolhapur, Maharashtra State",MAHARASHTRA,OLAM GLOBAL AGRI COMMODITIES INDIA PRIVATE LIMITED,SEIAA,EC Granted,MAHARASHTRA,5(g) Distilleries
30,SIA/MH/IND2/538558/2025,"Clearance Type: Application for EC (Category A, B1, and B2 Violation)- Form 1
S/W No.: SW/224986/2024
Category: B1
Sector: Industrial Projects - 2
Date of Submission:
23/05/2025",Setting up 70KLPD Malt Distillery and Malt Spirit Maturation plant along with 6MW Cogeneration Power Plant,MAHARASHTRA,PERNOD RICARD INDIA PRIVATE LIMITED,SEIAA,EC Granted,MAHARASHTRA,5(g) Distilleries
31,SIA/MH/IND2/536533/2025,"Clearance Type: Application for ToR (Category A, B1, and B2 Violation)/EC (Category B2) - Form 1
S/W No.: SW/246273/2025
Category: B1
Sector: Industrial Projects - 2
Date of Submission:
06/05/2025","Proposed pilot project for manufacturing of 1 KLD Portable Ethanol at Plot No. A-13/1, MIDC Industrial Area, Gadchiroli, State - Maharashtra 442605 by M/s. LTB Beverages",MAHARASHTRA,loukik tatyaji bhiwapure,SEIAA,ToR Granted,MAHARASHTRA,5(g) Distilleries
32,SIA/MH/IND2/500860/2025,"Clearance Type: Application for Transfer of EC- Form-7
S/W No.: SW/208947/2024
Category: B2
Sector: Industrial Projects - 2
Date of Submission:
18/03/2025",Transfer of Environmental Clearance from Morya Grain Distillery Pvt. Ltd. to Minakshi Agro Industries LLP.,MAHARASHTRA,MINAKSHI AGRO INDUSTRIES LLP,SEIAA,EC Granted,MAHARASHTRA,5(g) Distilleries
33,SIA/MH/IND2/527877/2025,"Clearance Type: Application for EC (Category A, B1, and B2 Violation)- Form 1
S/W No.: SW/189853/2024
Category: B1
Sector: Industrial Projects - 2
Date of Submission:
11/03/2025","Proposed Demo scale 2G Integrated Bioethanol Project by M/s. Lignopura Agrotech Pvt. Ltd. at Plot No. E-14, Additional Kadegaon-Shivajinagar MIDC, Taluka- Kadegaon, District- Sangli, Maharashtra-415304.",MAHARASHTRA,Lignopura Agrotech Private Limited,SEIAA,EC Granted,MAHARASHTRA,5(g) Distilleries
34,SIA/MH/IND2/524706/2025,"Clearance Type: Application for ToR (Category A, B1, and B2 Violation)/EC (Category B2) - Form 1
S/W No.: SW/235609/2025
Category: B2
Sector: Industrial Projects - 2
Date of Submission:
24/02/2025","Proposed 20 KLPD Spirit Production Plant at Plot no. CU. 19/1, Vinchu Winepark, Vinchur -Nashik Valley Tal. Niphad Dist. - Nashik by M/s. Nashik Aroma Private Limited.",MAHARASHTRA,NASHIK AROMA PRIVATE LIMITED,SEIAA,"DELISTED BY SYSTEM
(at : 14/11/2025)",MAHARASHTRA,5(g) Distilleries
35,SIA/MH/IND2/525241/2025,"Clearance Type: Application for ToR (Category A, B1, and B2 Violation)/EC (Category B2) - Form 1
S/W No.: SW/236082/2025
Category: B1
Sector: Industrial Projects - 2
Date of Submission:
22/02/2025","Proposed Manufacturing Unit of Grain Based Distillery Plant to Produce Ethanol/ENA Having Capacity 100 KLD along with Captive Power Plant of 3.1 MW at Gat. No. 203, Tandali, Tal. Ahmednagar, Dist. Ahmednagar-414006 by M/s. A1 Star Spirits Private Limited",MAHARASHTRA,A1 STAR SPIRITS PRIVATE LIMITED,SEIAA,"DELISTED BY SYSTEM
(at : 02/10/2025)",MAHARASHTRA,5(g) Distilleries
36,SIA/MH/IND2/523862/2025,"Clearance Type: Application for ToR (Category A, B1, and B2 Violation)/EC (Category B2) - Form 1
S/W No.: SW/234922/2025
Category: B2
Sector: Industrial Projects - 2
Date of Submission:
13/02/2025","Proposed 3 KLPD Mahua Flower Based Heritage Liquor Manufacturing Unit & Bottling plant located at S. No. 8/1, 8/2 & 8/5 Village- Ambivali T. Kotalkhalati, Tal. Karjat, Dist. Raigad, State Maharashtra by M/s. Mowa Distilleries Pvt. Ltd. (MDPL).",MAHARASHTRA,MOWA DISTILLERIES PRIVATE LIMITED,SEIAA,EC Rejected,MAHARASHTRA,5(g) Distilleries
37,SIA/MH/IND2/523239/2025,"Clearance Type: Application for ToR (Category A, B1, and B2 Violation)/EC (Category B2) - Form 1
S/W No.: SW/234379/2025
Category: B1
Sector: Industrial Projects - 2
Date of Submission:
10/02/2025","Proposed 40 KLPD MALT & 2 KLPD Mahua Based Distillery Plant at Village Pimparkhed, Taluka Dindori, District Nashik, Maharashtra Proposed by M/S. BAPUNA SPIRITS PVT. LTD.",MAHARASHTRA,BAPUNA SPIRITS PRIVATE LIMITED,SEIAA,ToR Granted,MAHARASHTRA,5(g) Distilleries
38,SIA/MH/IND2/521085/2025,"Clearance Type: Application for ToR (Category A, B1, and B2 Violation)/EC (Category B2) - Form 1
S/W No.: SW/232229/2025
Category: B1
Sector: Industrial Projects - 2
Date of Submission:
01/02/2025","Proposed 5 KLPD Mahua Flower-Based Distillery for Manufacturing of Potable Alcohol along with Liquor Bottling and Sealing Unit with capacity of 7500 cases per day at Gat no: 1/1B, Chulwad Village, Taluka- Akarani, District- Nandurbar, State- Maharashtra.",MAHARASHTRA,MAHUNZA WINERY PRIVATE LIMITED,SEIAA,ToR Granted,MAHARASHTRA,5(g) Distilleries
39,SIA/MH/IND2/518493/2025,"Clearance Type: Application for EC (Category A, B1, and B2 Violation)- Form 1
S/W No.: SW/200789/2024
Category: B1
Sector: Industrial Projects - 2
Date of Submission:
16/01/2025","Environmental Clearance for Proposed Establishment of 80 KLPD Grain based Distillery, 10 KLPD Malt Spirit Distillery along with IMFL and Country Liquor Bottling Unit to be located at Plot No. E-12/1, MIDC's Shirala Growth Center, Tal.: Shirala, Dist.: Sangli, State Maharashtra by M/s. Grand Western Distilleries Private Limited.",MAHARASHTRA,GRAND WESTERN DISTILLERIES PRIVATE LIMITED,SEIAA,EC Granted,MAHARASHTRA,5(g) Distilleries
40,SIA/MH/IND2/513572/2024,"Clearance Type: Application for ToR (Category A, B1, and B2 Violation)/EC (Category B2) - Form 1
S/W No.: SW/224986/2024
Category: B1
Sector: Industrial Projects - 2
Date of Submission:
06/12/2024",Setting up 70KLPD Malt Distillery and Malt Spirit Maturation plant along with 6MW Cogeneration Power Plant,MAHARASHTRA,PERNOD RICARD INDIA PRIVATE LIMITED,SEIAA,Standard ToR Granted,MAHARASHTRA,5(g) Distilleries
41,SIA/MH/IND2/499132/2024,"Clearance Type: Application for ToR (Category A, B1, and B2 Violation)/EC (Category B2) - Form 1
S/W No.: SW/209657/2024
Category: B1
Sector: Industrial Projects - 2
Date of Submission:
08/10/2024","Proposed 20 KLPD Spirit production Plant at Plot No. CU19/1, Vinchur Winepark, Vinchur-Nashik Valley Tal : Niphad, Dist: Nashik by M/s. Nashik Aroma Private Limited.",MAHARASHTRA,NASHIK AROMA PRIVATE LIMITED,SEIAA,Standard ToR Granted,MAHARASHTRA,5(g) Distilleries
42,SIA/MH/IND2/490942/2024,"Clearance Type: Application for ToR (Category A, B1, and B2 Violation)/EC (Category B2) - Form 1
S/W No.: SW/200789/2024
Category: B1
Sector: Industrial Projects - 2
Date of Submission:
02/08/2024","Environmental Clearance for Proposed Establishment of 80 KLPD Grain based Distillery, 10 KLPD Malt Spirit Distillery along with IMFL and Country Liquor Bottling Unit to be located at Plot No. E-12/1, MIDC's Shirala Growth Center, Tal.: Shirala, Dist.: Sangli, State Maharashtra by M/s. Grand Western Distilleries Private Limited.",MAHARASHTRA,GRAND WESTERN DISTILLERIES PRIVATE LIMITED,SEIAA,Standard ToR Granted,MAHARASHTRA,5(g) Distilleries
43,SIA/MH/IND2/489439/2024,"Clearance Type: Application for ToR (Category A, B1, and B2 Violation)/EC (Category B2) - Form 1
S/W No.: SW/189853/2024
Category: B1
Sector: Industrial Projects - 2
Date of Submission:
29/07/2024","Proposed Demo scale 2G Integrated Bioethanol Project by M/s. Lignopura Agrotech Pvt. Ltd. at Plot No. E-14, Additional Kadegaon-Shivajinagar MIDC, Taluka- Kadegaon, District- Sangli, Maharashtra-415304.",MAHARASHTRA,Lignopura Agrotech Private Limited,SEIAA,Standard ToR Granted,MAHARASHTRA,5(g) Distilleries
44,SIA/MH/IND2/486929/2024,"Clearance Type: Application for Corrigendum Form-13
S/W No.: SW/196572/2024
Category: B1
Sector: Industrial Projects - 2
Date of Submission:
10/07/2024","Correction in Environment Clearance obtained from SEIAA Maharashtra on dated 2nd November 2021 vide EC no. EC21B022MH180755 dated 2nd November 2021 of Proposed Expansion of Distillery Project from 45 KLPD to 100 KLPD at Post- Sonai, Tal-Newasa, Dist-Ahmednagar, Maharashtra by M/S Mula Sahakari Sakhar Karkhana LTD",MAHARASHTRA,MULA SAHAKARI SAKHAR KARKHANA LTD,SEIAA,EC Rejected,MAHARASHTRA,5(g) Distilleries
45,SIA/MH/IND2/482350/2024,"Clearance Type: Application for EC (Category A, B1, and B2 Violation)- Form 1
S/W No.: SW/189415/2024
Category: B1
Sector: Industrial Projects - 2
Date of Submission:
19/06/2024",Proposed Establishment of 120 KLPD Grain Based Distillery to Produce RS/ENA/Ethanol along with Cogeneration Power Plant of 4 MW using TG Set by M/s Hire Bio Ethanol Agro Industries Private Limited,MAHARASHTRA,HIRE BIO ETHANOL AGRO INDUSTRIES PRIVATE LIMITED,SEIAA,EC Granted,MAHARASHTRA,5(g) Distilleries
46,SIA/MH/IND2/474745/2024,"Clearance Type: Application for ToR (Category A, B1, and B2 Violation)/EC (Category B2) - Form 1
S/W No.: SW/183178/2024
Category: B1
Sector: Industrial Projects - 2
Date of Submission:
25/05/2024","Proposed 100 KLPD Distillery Project based on C- Molasses/ B- heavy Molasses / Syrup as Raw Material at Ravalgaon, Tal. Malegaon Dist. - Nashik by M/s. S.J. Sugar Distillery & Power Private Limited.",MAHARASHTRA,S. J. SUGAR DISTILLERY & POWER PRIVATE LIMITED,SEIAA,"DELISTED BY SYSTEM
(at : 30/10/2024)",MAHARASHTRA,5(g) Distilleries
47,SIA/MH/IND2/471822/2024,"Clearance Type: Application for Transfer of EC- Form-7
S/W No.: SW/180381/2024
Category: A
Sector: Industrial Projects - 2
Date of Submission:
06/05/2024","Transfer of Environmental Clearance from M/s. Kancheshwar Sugar Limited to M/s. Manjra Sugar Industries Private Limited at Mangrul, Tal: Tuljapur, Dist: Dharashiv (Osmanabad), Maharashtra",MAHARASHTRA,MANJRA SUGAR INDUSTRIES PRIVATE LIMITED,SEIAA,EC Granted,MAHARASHTRA,5(g) Distilleries
48,SIA/MH/IND2/471626/2024,"Clearance Type: Application for Transfer of EC- Form-7
S/W No.: SW/180284/2024
Category: A
Sector: Industrial Projects - 2
Date of Submission:
03/05/2024",Transfer of Environmental Clearance from The Sanjivani (Takli) Sahakari Sakhar Karkhana Ltd. to Sahakar Maharshi Shankarrao Kolhe Sahakari Sakhar Karkhana Ltd.,MAHARASHTRA,SAHAKAR MAHARSHI SHANKARRAO KOLHE SAHAKARI SAKHAR KARKHANA LTD.,SEIAA,EC Granted,MAHARASHTRA,5(g) Distilleries
49,SIA/MH/IND2/458349/2024,"Clearance Type: Application for Transfer of EC- Form-7
S/W No.: SW/168393/2024
Category: A
Sector: Industrial Projects - 2
Date of Submission:
29/04/2024",45 KLPD Distillery Unit,MAHARASHTRA,KHANDOBA BIOREFINERIES PRIVATE LIMITED,SEIAA,EC Granted,MAHARASHTRA,5(g) Distilleries
50,SIA/MH/IND2/453740/2024,"Clearance Type: Application for EC (Category A, B1, and B2 Violation)- Form 1
S/W No.: SW/116331/2023
Category: B1
Sector: Industrial Projects - 2
Date of Submission:
13/01/2024","Expansion of Grain Based Distillery Plant at Gat No. 1190, Khadki, Tal –Daund, Dist. – Pune by M/s Vasundhara Green Bio-Energy Private Limited.",MAHARASHTRA,VASUNDHARA GREEN BIO-ENERGY PRIVATE LIMITED,SEIAA,EC Granted,MAHARASHTRA,5(g) Distilleries
51,SIA/MH/IND2/457752/2024,"Clearance Type: Application for ToR (Category A, B1, and B2 Violation)/EC (Category B2) - Form 1
S/W No.: SW/167774/2024
Category: B2
Sector: Industrial Projects - 2
Date of Submission:
05/01/2024","Expansion of Grain based Distillery from 45 to 120 KLPD for Ethanol production by M/s Yashraaj Ethanoll Processing Pvt. Ltd. (YEPPL).; At.: Kushi, Tal.: Satara, Dist.: Satara, Maharashtra State",MAHARASHTRA,YASHRAAJ ETHANOLL PROCESSING PRIVATE LIMITED,SEIAA,EC Granted,MAHARASHTRA,5(g) Distilleries
52,SIA/MH/IND2/457628/2024,"Clearance Type: Application for ToR (Category A, B1, and B2 Violation)/EC (Category B2) - Form 1
S/W No.: SW/167521/2024
Category: B1
Sector: Industrial Projects - 2
Date of Submission:
04/01/2024",250MT Cassava Bioethanol Processing Plant,MAHARASHTRA,TAPIOCA STARCH INDUSTRIES PRIVATE LIMITED,SEIAA,Standard ToR Granted,MAHARASHTRA,5(g) Distilleries
53,SIA/MH/IND2/454252/2023,"Clearance Type: Application for EC (Category A, B1, and B2 Violation)- Form 1
S/W No.: SW/123515/2023
Category: B1
Sector: Industrial Projects - 2
Date of Submission:
27/12/2023","Establishment of 90 KLPD C & B Heavy Molasses/ Sugarcane Syrup based Distillery with 3 MW Electricity Generation by Loknete Balasaheb Desai Sahakari Sakhar Karkhana Ltd. located At/Post: Daulatnagar, Marali Village , Tal.: Patan, Dist.: Satara, Maharashtra.",MAHARASHTRA,LOKNETE BALASAHEB DESAI SSK LTD DAULATNAGAR,SEIAA,EC Granted,MAHARASHTRA,5(g) Distilleries
54,SIA/MH/IND2/415408/2023,"Clearance Type: Application for ToR (Category A, B1, and B2 Violation)/EC (Category B2) - Form 1
S/W No.: SW/116331/2023
Category: B1
Sector: Industrial Projects - 2
Date of Submission:
23/11/2023","Expansion of Grain Based Distillery Plant at Gat No. 1190, Khadki, Tal –Daund, Dist. – Pune by M/s Vasundhara Green Bio-Energy Private Limited.",MAHARASHTRA,VASUNDHARA GREEN BIO-ENERGY PRIVATE LIMITED,SEIAA,TOR GRANTED,MAHARASHTRA,5(g) Distilleries
55,SIA/MH/IND2/400152/2022,"Clearance Type: Application for ToR (Category A, B1, and B2 Violation)/EC (Category B2) - Form 1
S/W No.: SW/100780/2022
Category: B2
Sector: Industrial Projects - 2
Date of Submission:
16/11/2023",Expansion molasses/sugarcane juice/sugar syrup based distillery unit from 30 KLPD to 95 KLPD,MAHARASHTRA,DWARKASHISH SAKHAR KARKHANA LTD,SEIAA,EC Granted,MAHARASHTRA,5(g) Distilleries
56,SIA/MH/IND2/436293/2023,"Clearance Type: Application for ToR (Category A, B1, and B2 Violation)/EC (Category B2) - Form 1
S/W No.: SW/136069/2023
Category: B2
Sector: Industrial Projects - 2
Date of Submission:
12/07/2023","Expansion of Molasses based Distillery from 30 KLPD to 95 KLPD for Ethanol Production by Vishwasrao Naik Sahakari Sakhar Karkhana Ltd., At: Yashwantnagar, Post: Chikhali, Tal.: Shirala, Dist.: Sangli, Maharashtra State",MAHARASHTRA,VISHWASRAO NAIK SAHAKARI SAKHAR KARKHANA AND LTD YASHWANTNAGAR,SEIAA,EC Granted,MAHARASHTRA,5(g) Distilleries
57,SIA/MH/IND2/425869/2023,"Clearance Type: Application for ToR (Category A, B1, and B2 Violation)/EC (Category B2) - Form 1
S/W No.: SW/125933/2023
Category: B1
Sector: Industrial Projects - 2
Date of Submission:
12/04/2023","Expansion of Grain Based Distillery Plant 45 KLPD to 90 KLPD at Gat No. 1190, Khadki, Tal –Daund, Dist. – Pune by M/s Vasundhara Green Bio-Energy Private Limited.",MAHARASHTRA,VASUNDHARA GREEN BIO-ENERGY PRIVATE LIMITED,SEIAA,TOR GRANTED,MAHARASHTRA,5(g) Distilleries
58,SIA/MH/IND2/424549/2023,"Clearance Type: Application for EC (Category A, B1, and B2 Violation)- Form 1
S/W No.: SW/124621/2023
Category: B1
Sector: Industrial Projects - 2
Date of Submission:
02/04/2023","Environmental Clearance of Proposed Expansion of 45 KLPD to 100 KLPD distillery Project at Village Bhende, Tehsil - Newasa and District Ahmednagar Maharashtra State by M/s Loknete Marutrao Ghule Patil Dnyaneshwar Shakari Sakhar Karkhana Ltd",MAHARASHTRA,LOKNETE MARUTRAO GHULE PATIL DNYANESHWAR SAHAKARI SAKHAR KARKHANA LTD,SEIAA,EC Granted,MAHARASHTRA,5(g) Distilleries
59,SIA/MH/IND2/423295/2023,"Clearance Type: Application for ToR (Category A, B1, and B2 Violation)/EC (Category B2) - Form 1
S/W No.: SW/123515/2023
Category: B1
Sector: Industrial Projects - 2
Date of Submission:
25/03/2023","Establishment of 90 KLPD C & B Heavy Molasses/ Sugarcane Syrup based Distillery with 3 MW Electricity Generation by Loknete Balasaheb Desai Sahakari Sakhar Karkhana Ltd. located At/Post: Daulatnagar, Marali Village , Tal.: Patan, Dist.: Satara, Maharashtra.",MAHARASHTRA,LOKNETE BALASAHEB DESAI SSK LTD DAULATNAGAR,SEIAA,TOR GRANTED,MAHARASHTRA,5(g) Distilleries
60,SIA/MH/IND2/418642/2023,"Clearance Type: Application for ToR (Category A, B1, and B2 Violation)/EC (Category B2) - Form 1
S/W No.: SW/119332/2023
Category: B1
Sector: Industrial Projects - 2
Date of Submission:
16/02/2023",Mahua Distillery unit,MAHARASHTRA,MAHUNZA WINERY PRIVATE LIMITED,SEIAA,TOR GRANTED,MAHARASHTRA,5(g) Distilleries
61,SIA/MH/IND2/416652/2023,"Clearance Type: Application for EC (Category A, B1, and B2 Violation)- Form 1
S/W No.: SW/117401/2023
Category: B1
Sector: Industrial Projects - 2
Date of Submission:
01/02/2023","Establishment of 45 KLPD Molasses/ Cane Juice based Distillery by Mukteshwar Sugar Mills Ltd., Dhamori (Bk.), Tal.: Gangapur, Dist.: Aurangabad, MS.",MAHARASHTRA,"MUKTESHWAR SUGAR MILLS LTD., DHAMORI",SEIAA,Under Examination,MAHARASHTRA,5(g) Distilleries
62,SIA/MH/IND2/413641/2023,"Clearance Type: Application for ToR (Category A, B1, and B2 Violation)/EC (Category B2) - Form 1
S/W No.: SW/102897/2022
Category: B1
Sector: Industrial Projects - 2
Date of Submission:
31/01/2023","Establishment of 45 KLPD Molasses/ Cane Juice based Distillery by Mukteshwar Sugar Mills Ltd., Dhamori (Bk.), Tal.: Gangapur, Dist.: Aurangabad, MS.",MAHARASHTRA,"MUKTESHWAR SUGAR MILLS LTD., DHAMORI",SEIAA,TOR GRANTED,MAHARASHTRA,5(g) Distilleries
63,SIA/MH/IND2/413188/2023,"Clearance Type: Application for EC (Category A, B1, and B2 Violation)- Form 1
S/W No.: SW/111173/2022
Category: B1
Sector: Industrial Projects - 2
Date of Submission:
06/01/2023","Proposed Molasses and Cane Juice Based Distillery/ Grain based Distillery (RS/ Ethanol/ ENA/ Acetic Acid/ Oxalic Acid/ D.A) Unit of 45 KLPD Capacity At Plot No. 641 & 644/1, Village Trimali, Taluka- Khatav, Dist. Satara, State Maharashtra",MAHARASHTRA,VARDHAN AGRO PROCESSING LTD,SEIAA,EC Granted,MAHARASHTRA,5(g) Distilleries
64,SIA/MH/IND2/412812/2023,"Clearance Type: Application for EC (Category A, B1, and B2 Violation)- Form 1
S/W No.: SW/111994/2022
Category: B1
Sector: Industrial Projects - 2
Date of Submission:
02/01/2023",Expansion of Sugar unit from 5500 to 8000 TCD Co-generation from 18 to 36 MW and molasses based distillery from 30 to 90 KLPD,MAHARASHTRA,SHRI SOMESHWAR SAHAKARI SAKHAR KARKHANA LTD.,SEIAA,EC Granted,MAHARASHTRA,5(g) Distilleries
65,SIA/MH/IND2/403033/2022,"Clearance Type: Application for ToR (Category A, B1, and B2 Violation)/EC (Category B2) - Form 1
S/W No.: SW/104647/2022
Category: B2
Sector: Industrial Projects - 2
Date of Submission:
14/10/2022","Proposed Expansion of Existing Distillery from 45 KLPD to 90 KLPD for Fuel Ethanol At Shahunagar, Shendre, Taluka & District Satara, Maharashtra By M/S. AJINKYATARA SAHAKARI SAKHAR KARKHANA LIMITED.",MAHARASHTRA,M/S AJINKYATARA SAHAKARI SAKHAR KARKHANA LIMITED,SEIAA,EC Granted,MAHARASHTRA,5(g) Distilleries
66,SIA/MH/IND2/401453/2022,"Clearance Type: Application for ToR (Category A, B1, and B2 Violation)/EC (Category B2) - Form 1
S/W No.: SW/103084/2022
Category: B1
Sector: Industrial Projects - 2
Date of Submission:
28/09/2022","Environment Clearance for establishment of 120 KLPD grain based distillery to produce 120 KLPD Rectified spirit/120 KLPD Extra Neutral Alcohol/ 120 KLPD Ethanol at Gat no. 200,199/1(part) Aghar Bk, Aghar, Malegaon Nashik, Maharashtra by Hire Bio Ethanol Agro industries Private Limited",MAHARASHTRA,HIRE BIO ETHANOL AGRO INDUSTRIES PRIVATE LIMITED,SEIAA,TOR GRANTED,MAHARASHTRA,5(g) Distilleries
1,SIA/MH/IND2/568058/2026,"Clearance Type: Application for EC (Category A, B1, and B2 Violation)- Form 1
S/W No.: SW/227455/2024
Category: B1
Sector: Industrial Projects - 2
Date of Submission:
06/02/2026","Proposed Expansion of Existing Sugar plant from 6000 TCD to 10000 TCD by M/s. Bhimashankar Sahakari Sakhar Karkhana Limited at Village Dattatrayanagar, A/P Pargaon Via Awasari Bk. Taluka Ambegaon, District Pune",MAHARASHTRA,BHIMA SHANKAR SAHAKARI SAKHAR KARKHANA LIMITED,SEIAA,EC Granted,MAHARASHTRA,5(j) Sugar Industry
2,SIA/MH/IND2/558044/2025,"Clearance Type: Application for EC (Category A, B1, and B2 Violation)- Form 1
S/W No.: SW/238582/2025
Category: B1
Sector: Industrial Projects - 2
Date of Submission:
19/11/2025","Proposed Expansion of the Sugar Unit from 7200 TCD to 15000 TCD and Cogeneration Unit from 30 MW to 68 MW at Post: Pravaranagar, Loni, Taluka: Rahata, District: Ahmednagar, State: Maharashtra by M/s. Padmashri Dr. Vitthalrao Vikhe Patil Sahakari Sakhar Karkhana Limited (PDVVPSSKL).",MAHARASHTRA,PAD. DR. VITTHALRAO VIKHE PATIL SAHAKARI SAKHAR KARKHANA LTD.,SEIAA,EC Granted,MAHARASHTRA,5(j) Sugar Industry
3,SIA/MH/IND2/554085/2025,"Clearance Type: Application for ToR (Category A, B1, and B2 Violation)/EC (Category B2) - Form 1
S/W No.: SW/262125/2025
Category: B1
Sector: Industrial Projects - 2
Date of Submission:
13/10/2025","M/s Rajarambapu Patil Sahakari Sakhar Karkhana Ltd. Expansion of Sugar Unit from 7,000 TCD to 15,000 TCD, and Co-generation Unit from 28 MW to 68 MW",MAHARASHTRA,RAJARAMBAPU PATIL SAHAKARI SAKHAR KARKHANA LTD.,SEIAA,Standard ToR Granted,MAHARASHTRA,5(j) Sugar Industry
4,SIA/MH/IND2/552305/2025,"Clearance Type: Application for ToR (Category A, B1, and B2 Violation)/EC (Category B2) - Form 1
S/W No.: SW/259877/2025
Category: B1
Sector: Industrial Projects - 2
Date of Submission:
24/09/2025","Proposed expansion of sugarcane crushing capacity from 2500 TCD to 12000 TCD and cogeneration power plant capacity from 8 MW to 38 MW at Village Halgaon, Taluka Jamkhed, District Ahmednagar Maharashtra State by Baramati Agro Limited Unit-3.",MAHARASHTRA,BARAMATI AGRO LIMITED,SEIAA,Standard ToR Granted,MAHARASHTRA,5(j) Sugar Industry
5,SIA/MH/IND2/549371/2025,"Clearance Type: Application for EC (Category A, B1, and B2 Violation)- Form 1
S/W No.: SW/172049/2024
Category: B1
Sector: Industrial Projects - 2
Date of Submission:
26/08/2025","Expansion of Sugar unit from 5,000 to 10,000 TCD, Cogeneration Unit from 19.5 to 30 MW and Distillery from 30 to 100 KLPD by M/s. Kumbhi Kasari Sahakari Sakhar Karkhana Limited",MAHARASHTRA,M/s. Kumbhi Kasari Sahakari Sakhar Karkhana Limited,SEIAA,"DELISTED BY SYSTEM
(at : 25/05/2026)",MAHARASHTRA,5(j) Sugar Industry
6,SIA/MH/IND2/499434/2025,"Clearance Type: Application for Transfer of EC- Form-7
S/W No.: SW/209804/2024
Category: B1
Sector: Industrial Projects - 2
Date of Submission:
26/07/2025",Transfer of Environmental Clearance from M/s. Krishna Sahakari Sakhar Karkhana Ltd. to M/s. Yashwantrao Mohite Krishna Sahakari Sakhar Karkhana Ltd.,MAHARASHTRA,YASHWANTRAO MOHITE KRISHNA SAHAKARI SAKHAR KARKHANA LIMITED,SEIAA,EC Granted,MAHARASHTRA,5(j) Sugar Industry
7,SIA/MH/IND2/544149/2025,"Clearance Type: Application for EC (Category A, B1, and B2 Violation)- Form 1
S/W No.: SW/217150/2024
Category: B1
Sector: Industrial Projects - 2
Date of Submission:
21/07/2025","Proposed Expansion of Sugar Plant from 3500 TCD to 10000 TCD & Cogeneration Power Plant from 15MW to 40MW at Kanadkhed, Tal. Purna, Dist. Parbhani by M/s. Baliraja Sakhar Karkhana Limited",MAHARASHTRA,BALIRAJA SAKHAR KARKHANA LIMITED,SEIAA,EC Granted,MAHARASHTRA,5(j) Sugar Industry
8,SIA/MH/IND2/536203/2025,"Clearance Type: Application for EC (Category A, B1, and B2 Violation)- Form 1
S/W No.: SW/193783/2024
Category: B1
Sector: Industrial Projects - 2
Date of Submission:
12/05/2025","Proposed Expansion of Sugar unit 4500 TCD to 10000 TCD and Cogeneration power plant 12 MW to 42 MW at Post - Warphal, Tal. - Partur, Dist. – Jalna by M/s Shraddha Energy & Infraprojects Pvt. Ltd.",MAHARASHTRA,SHRADDHA ENERGY AND INFRAPROJECTS PVT LTD,SEIAA,EC Granted,MAHARASHTRA,5(j) Sugar Industry
9,SIA/MH/IND2/534188/2025,"Clearance Type: Application for ToR (Category A, B1, and B2 Violation)/EC (Category B2) - Form 1
S/W No.: SW/210848/2024
Category: B1
Sector: Industrial Projects - 2
Date of Submission:
17/04/2025","Environment Clearance for Expansion of Sugar Unit from 2500 TCD to 7000 TCD by Shri Shankar Sahakari Sakhar Karkhana Ltd., Sadashivnagar, Tal- Malshiras, Dist- Solapur",MAHARASHTRA,SHRI SHANKAR SAHAKARI SAKHAR KARAKHANA LTD,SEIAA,"DELISTED BY SYSTEM
(at : 20/12/2025)",MAHARASHTRA,5(j) Sugar Industry
10,SIA/MH/IND2/530397/2025,"Clearance Type: Application for ToR (Category A, B1, and B2 Violation)/EC (Category B2) - Form 1
S/W No.: SW/238582/2025
Category: B1
Sector: Industrial Projects - 2
Date of Submission:
26/03/2025","Proposed Expansion of the Sugar Unit from 7200 TCD to 15000 TCD and Cogeneration Unit from 30 MW to 68 MW at Post: Pravaranagar, Loni, Taluka: Rahata, District: Ahmednagar, State: Maharashtra by M/s. Padmashri Dr. Vitthalrao Vikhe Patil Sahakari Sakhar Karkhana Limited (PDVVPSSKL).",MAHARASHTRA,PAD. DR. VITTHALRAO VIKHE PATIL SAHAKARI SAKHAR KARKHANA LTD.,SEIAA,ToR Granted,MAHARASHTRA,5(j) Sugar Industry
11,SIA/MH/IND2/528885/2025,"Clearance Type: Application for Corrigendum Form-13
S/W No.: SW/239461/2025
Category: B1
Sector: Industrial Projects - 2
Date of Submission:
18/03/2025","Application for Corrigendum in existing Environmental Clearance for “Expansion of sugar factory 2500-6000 TCD and Co-generation 15 MW to 31.5 MW at plot 588-590, 591 & 645 village Bhandarkavathe, The South Solapur, Solapur, by M/s. Lokmangal Sugar Ethanol & Co-generation Industries Ltd.”",MAHARASHTRA,LOKMANGAL SUGAR ETHENOL AND CO-GENERATION INDUSTRIES LIMITED,SEIAA,EC Granted,MAHARASHTRA,5(j) Sugar Industry
12,SIA/MH/IND2/523129/2025,"Clearance Type: Application for ToR (Category A, B1, and B2 Violation)/EC (Category B2) - Form 1
S/W No.: SW/233388/2025
Category: B1
Sector: Industrial Projects - 2
Date of Submission:
11/02/2025","Expansion of 15 MW Co-gen Bagasse based Power Plant to 20 MW Co-gen Bagasse based Power Plant by addition of 5 MW Co-gen Bagasse based Power Plant at Plot no. 109,110, 112/2, 112/3, 114, 115, 116, 117, 121/2 & 122, Village Jamni, Taluka – Seloo, District – Wardha, Maharashtra by Manas Agro Industries & Infrastructure Ltd. (Unit-3)",MAHARASHTRA,MANAS AGRO INDUSTRIES AND INFRASTRUCTURE LIMITED,SEIAA,ToR Rejected,MAHARASHTRA,5(j) Sugar Industry
13,SIA/MH/IND2/515889/2024,"Clearance Type: Application for ToR (Category A, B1, and B2 Violation)/EC (Category B2) - Form 1
S/W No.: SW/227455/2024
Category: B1
Sector: Industrial Projects - 2
Date of Submission:
31/12/2024","Proposed Expansion of Existing Sugar plant from 6000 TCD to 10000 TCD by M/s. Bhimashankar Sahakari Sakhar Karkhana Limited at Village Dattatrayanagar, A/P Pargaon Via Awasari Bk. Taluka Ambegaon, District Pune",MAHARASHTRA,BHIMA SHANKAR SAHAKARI SAKHAR KARKHANA LIMITED,SEIAA,Standard ToR Granted,MAHARASHTRA,5(j) Sugar Industry
14,SIA/MH/IND2/507003/2024,"Clearance Type: Application for ToR (Category A, B1, and B2 Violation)/EC (Category B2) - Form 1
S/W No.: SW/218230/2024
Category: B1
Sector: Industrial Projects - 2
Date of Submission:
28/11/2024",Proposed expansion of sugarcane crushing capacity from 2500 TCD to 12000 TCD and cogeneration power plant capacity from 8 MW to 38 MW.,MAHARASHTRA,BARAMATI AGRO LIMITED,SEIAA,Standard ToR Granted,MAHARASHTRA,5(j) Sugar Industry
15,SIA/MH/IND2/505867/2024,"Clearance Type: Application for ToR (Category A, B1, and B2 Violation)/EC (Category B2) - Form 1
S/W No.: SW/217150/2024
Category: B1
Sector: Industrial Projects - 2
Date of Submission:
22/11/2024","Proposed Expansion of Sugar Plant from 3500 TCD to 10000 TCD & Cogeneration Power Plant from 15MW to 40MW at Kanadkhed, Tal. Purna, Dist. Parbhani by M/s. Baliraja Sakhar Karkhana Limited",MAHARASHTRA,BALIRAJA SAKHAR KARKHANA LIMITED,SEIAA,Standard ToR Granted,MAHARASHTRA,5(j) Sugar Industry
16,SIA/MH/IND2/485981/2024,"Clearance Type: Application for ToR (Category A, B1, and B2 Violation)/EC (Category B2) - Form 1
S/W No.: SW/192663/2024
Category: B1
Sector: Industrial Projects - 2
Date of Submission:
09/07/2024","EXPANSION OF SUGAR UNIT FROM 4,750 TCD TO 7,500 TCD",MAHARASHTRA,VIKASRATNA VILASRAO DESHMUKH MANJARA SSSKLL,SEIAA,Standard ToR Granted,MAHARASHTRA,5(j) Sugar Industry
17,SIA/MH/IND2/484349/2024,"Clearance Type: Application for ToR (Category A, B1, and B2 Violation)/EC (Category B2) - Form 1
S/W No.: SW/193783/2024
Category: B1
Sector: Industrial Projects - 2
Date of Submission:
27/06/2024","Proposed Expansion of Sugar unit 4500 TCD to 10000 TCD and Cogeneration power plant 12 MW to 42 MW at Post - Warphal, Tal. - Partur, Dist. – Jalna by M/s Shraddha Energy & Infraprojects Pvt. Ltd.",MAHARASHTRA,SHRADDHA ENERGY AND INFRAPROJECTS PVT LTD,SEIAA,ToR Granted,MAHARASHTRA,5(j) Sugar Industry
18,SIA/MH/IND2/473600/2024,"Clearance Type: Application for Transfer of EC- Form-7
S/W No.: SW/182257/2024
Category: B1
Sector: Industrial Projects - 2
Date of Submission:
18/05/2024","Name change in Environmental Clearance of sugar unit 7500 TCD, 40 MW Cogeneration and 60 KLPD Distillery at Hiradgaon, Tal; Shrigonda Dist Ahmednagar from Saikrupa Sakhar Karkhana Ltd to Shri Saikrupa Sugar & Allied Industries Ltd.",MAHARASHTRA,SHRI SAIKRUPA SUGAR & ALLIED INDUSTRIES LIMITED,SEIAA,EC Granted,MAHARASHTRA,5(j) Sugar Industry
19,SIA/MH/IND2/438234/2023,"Clearance Type: Application for ToR (Category A, B1, and B2 Violation)/EC (Category B2) - Form 1
S/W No.: SW/137963/2023
Category: B1
Sector: Industrial Projects - 2
Date of Submission:
13/09/2023","Expansion of Sugar Factory from 5,500 TCD to 9,000 TCD & Cogeneration Plant from 32 to 39 MW by Gangamai Industries And Constructions Ltd., (GIACL), Najik Babhulgaon, Post: Rakshi, Tal.: Shevgaon, Dist.: Ahmednagar, Maharashtra State.",MAHARASHTRA,M/S. GANGAMAI INDUSTRIES AND CONSTRUCTIONS LTD,SEIAA,TOR GRANTED,MAHARASHTRA,5(j) Sugar Industry
20,SIA/MH/IND2/438696/2023,"Clearance Type: Application for Transfer of EC- Form-7
S/W No.: SW/138357/2023
Category: A
Sector: Industrial Projects - 2
Date of Submission:
28/08/2023","Name change in Environmental Clearance of sugar unit 7500 TCD, 40 MW Cogeneration Plant and 60 KLPD Distillery plant at Hiradgaon, Tal; Shrigonda, Dist Ahmednagar from Saikrupa Sakhar Karkhana Ltd to Shri Saikrupa Sugar & Allied Industries Ltd.",MAHARASHTRA,SHRI SAIKRUPA SUGAR & ALLIED INDUSTRIES LIMITED,SEIAA,Under Processing with Authority,MAHARASHTRA,5(j) Sugar Industry
21,SIA/MH/IND2/427971/2023,"Clearance Type: Application for ToR (Category A, B1, and B2 Violation)/EC (Category B2) - Form 1
S/W No.: SW/127758/2023
Category: B1
Sector: Industrial Projects - 2
Date of Submission:
19/07/2023","Expansion of sugar unit from 5,000 to 10,000 TCD, cogeneration unit from 19.5 to 30 MW and molasses based distillery unit from 30 to 100 KLPD by M/s. Kumbhi Kasari Sahakari Sakhar Karkhana Limited",MAHARASHTRA,KUMBHI SSK,SEIAA,ToR Granted,MAHARASHTRA,5(j) Sugar Industry
22,SIA/MH/IND2/422731/2023,"Clearance Type: Application for ToR (Category A, B1, and B2 Violation)/EC (Category B2) - Form 1
S/W No.: SW/123062/2023
Category: B1
Sector: Industrial Projects - 2
Date of Submission:
09/04/2023","Proposed Expansion of Sugar Project 7500 TCD to 10500 TCD at Post - Sonai, Tal-Newasa, Dist-Ahmednagar, Maharashtra by M/S Mula Sahakari Sakhar Karkhana LTD.",MAHARASHTRA,MULA SAHAKARI SAKHAR KARKHANA LTD,SEIAA,TOR GRANTED,MAHARASHTRA,5(j) Sugar Industry
23,SIA/MH/IND2/412467/2022,"Clearance Type: Application for EC (Category A, B1, and B2 Violation)- Form 1
S/W No.: SW/113274/2022
Category: B1
Sector: Industrial Projects - 2
Date of Submission:
29/12/2022","Expansion of Sugar Factory from 4800 TCD to 7500 TCD & Molasses based Distillery from 30 KLPD to 60 KLPD by Sahakar Maharshi Shivajirao Narayanrao Nagawade Sahakari Sakhar Karkhana Ltd., Limpangaon, Tal.: Shrigonda, Dist.: Ahmednagar, Maharashtra.",MAHARASHTRA,SAHAKAR MAHARSHI SHIVAJIRAO NARAYANRAO NAGAWADE SAHAKARI SAKHAR KARKHANA LTD.,SEIAA,EC Granted,MAHARASHTRA,5(j) Sugar Industry
24,SIA/MH/IND2/408059/2022,"Clearance Type: Application for EC (Category A, B1, and B2 Violation)- Form 1
S/W No.: SW/108910/2022
Category: B1
Sector: Industrial Projects - 2
Date of Submission:
26/11/2022","Expansion of Sugar Factory from 7,500 to 20,000 TCD & Co-generation plant from 18 to 82 MW by Daund Sugar Private Limited, (DSPL)",MAHARASHTRA,DAUND SUGAR PRIVATE LIMITED,SEIAA,EC Granted,MAHARASHTRA,5(j) Sugar Industry
1,SIA/MH/IND1/583780/2026,"Clearance Type: Application for ToR (Category A, B1, and B2 Violation)/EC (Category B2) - Form 1
S/W No.: SW/288221/2026
Category: B1
Sector: Industrial Projects - 1
Date of Submission:
03/07/2026",M/s. JSW Steel Coated Products Limited,MAHARASHTRA,JSW STEEL COATED PRODUCTS LIMITED,SEIAA,Standard ToR Granted,MAHARASHTRA,3(a) Metallurgical Industries (ferrous and non ferrous)
2,SIA/MH/IND1/580986/2026,"Clearance Type: Application for ToR (Category A, B1, and B2 Violation)/EC (Category B2) - Form 1
S/W No.: SW/285814/2026
Category: B1
Sector: Industrial Projects - 1
Date of Submission:
05/06/2026","Modification and Expansion of Existing Scrap Processing Unit with Addition of Manufacturing of 6,93,000 TPA Billets through 3 × 50 T Induction Furnaces and 7,93,000 TPA Rolled Products/TMT Bars through Rolling Mill comprising ,6,93,000 TPA through Direct Hot Charging Route and 1,00,000 TPA through RHF Route",MAHARASHTRA,ICON STEEL AND ALLOYS PRIVATE LIMITED,SEIAA,Standard ToR Granted,MAHARASHTRA,3(a) Metallurgical Industries (ferrous and non ferrous)
3,SIA/MH/IND1/581332/2026,"Clearance Type: Application for Corrigendum Form-13
S/W No.: SW/286114/2026
Category: B1
Sector: Industrial Projects - 1
Date of Submission:
05/06/2026","Corrigendum in Environmental Clearance for Expansion in production capacity of M.S. Billets from 23,100 TPA to 1,45,200 TPA; TMT Bars/Finished Products from 60,000 TPA to 1, 44,000 TPA; M.S. Pipes from 30,000 TPA to 96,000 TPA At Survey No. 149, 150, 151, 35, 36, 37/1, 37/2, 38, 39 Village Lapka & Pawad, Tal Mouda, Nagpur by M/s Diwanka Energy Pvt Ltd.",MAHARASHTRA,DIWANKA ENERGY PRIVATE LIMITED,SEIAA,Proposal pulled back (withdrawn),MAHARASHTRA,3(a) Metallurgical Industries (ferrous and non ferrous)
4,SIA/MH/IND1/581301/2026,"Clearance Type: Application for Corrigendum Form-13
S/W No.: SW/130003/2023
Category: B1
Sector: Industrial Projects - 1
Date of Submission:
05/06/2026","Proposed Installation of 2X350 TPD DRI Plant for Production of 2,31,000 TPA of Sponge Iron, 2 X 40 T of Induction Furnace along with CCM for Production of 2,64,000 TPA of Billets and Rolling Mill for 2,64,000 TPA of TMT bars and 32 MW of AFBC 19 MW of WHRB at Plot No. B-3 MIDC, Mul, district Chandrapur",MAHARASHTRA,DIWANKA ENERGY PRIVATE LIMITED,SEIAA,Proposal pulled back (withdrawn),MAHARASHTRA,3(a) Metallurgical Industries (ferrous and non ferrous)
5,SIA/MH/IND1/578220/2026,"Clearance Type: Application for Transfer of EC- Form-7
S/W No.: SW/135709/2023
Category: B1
Sector: Industrial Projects - 1
Date of Submission:
25/05/2026","Proposed Environmental Clearance for Production of Cold Rolled grain oriented (CRGO/Cold Rolled non Grain Oriented (CRNO Mild Steel) 3,05,000 MT/A Capacity by Thyssenkrupp Electrical Steel Pvt. Ltd. at Gonde, Village- Wadiverhe, Tal. Igatpuri, Dist. Nashik",MAHARASHTRA,THYSSENKRUPP ELECTRICAL STEEL INDIA PRIVATE LIMITED,SEIAA,EC Granted,MAHARASHTRA,3(a) Metallurgical Industries (ferrous and non ferrous)
6,SIA/MH/IND1/573424/2026,"Clearance Type: Application for Transfer of EC- Form-7
S/W No.: SW/279290/2026
Category: B2
Sector: Industrial Projects - 1
Date of Submission:
24/03/2026","M/s. Sunil Ferro And Energy Private Limited, (Formerly Known as M/s. Chinteshwar Steel Pvt Ltd)",MAHARASHTRA,SUNIL FERRO AND ENERGY PRIVATE LIMITED,SEIAA,EC Granted,MAHARASHTRA,3(a) Metallurgical Industries (ferrous and non ferrous)
7,SIA/MH/IND1/570095/2026,"Clearance Type: Application for Transfer of EC- Form-7
S/W No.: SW/135709/2023
Category: B1
Sector: Industrial Projects - 1
Date of Submission:
03/03/2026","Proposed Environmental Clearance for Production of Cold Rolled grain oriented (CRGO/Cold Rolled non Grain Oriented (CRNO Mild Steel) 3,05,000 MT/A Capacity by Thyssenkrupp Electrical Steel Pvt. Ltd. at Gonde, Village- Wadiverhe, Tal. Igatpuri, Dist. Nashik",MAHARASHTRA,THYSSENKRUPP ELECTRICAL STEEL INDIA PRIVATE LIMITED,SEIAA,EC Rejected,MAHARASHTRA,3(a) Metallurgical Industries (ferrous and non ferrous)
8,SIA/MH/IND1/567196/2026,"Clearance Type: Application for Transfer of EC- Form-7
S/W No.: SW/273708/2026
Category: B1
Sector: Industrial Projects - 1
Date of Submission:
02/03/2026",Proposed Induction furnace plant of production capacity 61200 TPA,MAHARASHTRA,DAMANI CASTINGS PRIVATE LIMITED,SEIAA,EC Granted,MAHARASHTRA,3(a) Metallurgical Industries (ferrous and non ferrous)
9,SIA/MH/IND1/566916/2026,"Clearance Type: Application for Amendment in EC- Form-4
S/W No.: SW/272801/2026
Category: B1
Sector: Industrial Projects - 1
Date of Submission:
06/02/2026","Proposal for Amalgamation of Existing Environmental Clearance of CGL, CRM and ACL facilities with Proposed inclusion of Plot No. C-37 (area 17666 sq.m)for ACL unit at Vile Bhagad MIDC, Taluka Mangaon, District Raigad, Maharashtra",MAHARASHTRA,POSCO MAHARASHTRA STEEL PRIVATE LIMITED,SEIAA,EC Granted,MAHARASHTRA,3(a) Metallurgical Industries (ferrous and non ferrous)
10,SIA/MH/IND1/564190/2026,"Clearance Type: Application for ToR (Category A, B1, and B2 Violation)/EC (Category B2) - Form 1
S/W No.: SW/271176/2026
Category: B1
Sector: Industrial Projects - 1
Date of Submission:
16/01/2026","Amalgamation and Modernization of Existing Metallurgical Activity at Plots D-2, D-3, D-3/1 & D-3/2, Kagal-Hatkanangale Five-Star MIDC, Kolhapur, Maharashtra, by M/s Ghatge Patil Industries Ltd",MAHARASHTRA,Ghatge Patil Industries Limited,SEIAA,Standard ToR Granted,MAHARASHTRA,3(a) Metallurgical Industries (ferrous and non ferrous)
11,SIA/MH/IND1/563389/2025,"Clearance Type: Application for ToR (Category A, B1, and B2 Violation)/EC (Category B2) - Form 1
S/W No.: SW/270460/2025
Category: B1
Sector: Industrial Projects - 1
Date of Submission:
30/12/2025","Manufacturing of 6,00,000 TPA Pickled Hot Rolled (HR), Cold Rolled Hard (CRFH), Galvanized/ Aluzinc & Colour PPGI/PPGL Coils / Sheets at Plot No. D-4, MIDC Industrial Area, Umred, Tal: Umred; Dist: Nagpur, Maharashtra by Colorshine India Private Limited (CIPL)",MAHARASHTRA,COLORSHINE INDIA PRIVATE LIMITED,SEIAA,Standard ToR Granted,MAHARASHTRA,3(a) Metallurgical Industries (ferrous and non ferrous)
12,SIA/MH/IND1/551865/2025,"Clearance Type: Application for ToR (Category A, B1, and B2 Violation)/EC (Category B2) - Form 1
S/W No.: SW/260236/2025
Category: B2
Sector: Industrial Projects - 1
Date of Submission:
17/09/2025","Proposed Metallurgical Unit with pickling facility by H D Wire Private Limited at Village: Dhandarne, Taluka: Shindkhede District: Dhule, Maharashtra",MAHARASHTRA,H D Wire PRIVATE LIMITED,SEIAA,EC Granted,MAHARASHTRA,3(a) Metallurgical Industries (ferrous and non ferrous)
13,SIA/MH/IND1/545313/2025,"Clearance Type: Application for Transfer of ToR - Form-8
S/W No.: SW/254266/2025
Category: B1
Sector: Industrial Projects - 1
Date of Submission:
18/07/2025",M/s. JSW Steel Coated Products Limited.,MAHARASHTRA,JSW STEEL COATED PRODUCTS LIMITED,SEIAA,ToR Granted,MAHARASHTRA,3(a) Metallurgical Industries (ferrous and non ferrous)
14,SIA/MH/IND1/542323/2025,"Clearance Type: Application for ToR (Category A, B1, and B2 Violation)/EC (Category B2) - Form 1
S/W No.: SW/251552/2025
Category: B2
Sector: Industrial Projects - 1
Date of Submission:
08/07/2025","Expansion of Existing ERW & GI Steel Pipe with Pickling Activity 60,000TPA and Solar Section 30,000TPA by adding 1,75,000 TPA Cold Rolling Mill Complex having HCl acid Pickling Line, Cold Rolling Mill, Galvanizing Line, Colour Coating Line and Other Finishing Facilities at Village Koste Budruk, Taluka Mangaon, District Raigad, State Maharashtra by M/s. JTL Industries Limited",MAHARASHTRA,JTL INDUSTRIES LIMITED,SEIAA,"DELISTED BY SYSTEM
(at : 04/11/2025)",MAHARASHTRA,3(a) Metallurgical Industries (ferrous and non ferrous)
15,SIA/MH/IND1/508195/2024,"Clearance Type: Application for EC (Category A, B1, and B2 Violation)- Form 1
S/W No.: SW/190913/2024
Category: B1
Sector: Industrial Projects - 1
Date of Submission:
07/02/2025","Proposed Expansion of CI/SG Iron Casting of Cylinder Liners from 2450 MT/M to 5633 MT/M at Plot No. K-10, Additional MIDC, Village Kodoli, Dist. Satara M/s. COOPER CORPORATION PRIVATE LIMITED",MAHARASHTRA,cooper corporation private limited,SEIAA,EC Granted,MAHARASHTRA,3(a) Metallurgical Industries (ferrous and non ferrous)
16,SIA/MH/IND1/516501/2024,"Clearance Type: Application for EC (Category A, B1, and B2 Violation)- Form 1
S/W No.: SW/227953/2024
Category: B1
Sector: Industrial Projects - 1
Date of Submission:
28/12/2024",M/s. JSW Steel Coated Products Limited,MAHARASHTRA,JSW STEEL COATED PRODUCTS LIMITED,SEIAA,EC Granted,MAHARASHTRA,3(a) Metallurgical Industries (ferrous and non ferrous)
17,SIA/MH/IND1/497504/2024,"Clearance Type: Application for Transfer of EC- Form-7
S/W No.: SW/207815/2024
Category: B1
Sector: Industrial Projects - 1
Date of Submission:
12/12/2024","Environmental Clearance for the proposed Sponge Iron 180 TPD, 30 MW Power Plant, MS Billets Mini Steel Plant 525 TPD and Re-rolling Mill 500 TPD at Mul MIDC area, Dist. Chandrapur by Hella Infra Market Metal Pvt. Ltd.",MAHARASHTRA,HELLA INFRA MARKET METAL PRIVATE LIMITED,SEIAA,EC Granted,MAHARASHTRA,3(a) Metallurgical Industries (ferrous and non ferrous)
18,SIA/MH/IND1/499203/2024,"Clearance Type: Application for EC (Category A, B1, and B2 Violation)- Form 1
S/W No.: SW/205657/2024
Category: B1
Sector: Industrial Projects - 1
Date of Submission:
01/10/2024",M/s. JSW Steel Coated Products Limited,MAHARASHTRA,JSW STEEL COATED PRODUCTS LIMITED,SEIAA,EC Rejected,MAHARASHTRA,3(a) Metallurgical Industries (ferrous and non ferrous)
19,SIA/MH/IND1/495080/2024,"Clearance Type: Application for EC (Category A, B1, and B2 Violation)- Form 1
S/W No.: SW/205015/2024
Category: B1
Sector: Industrial Projects - 1
Date of Submission:
21/09/2024","M/s. JSW Steel Coated Products Limited. The processing unit for Colour Coated Coils & Sheets, CR Coils & Sheets, Galvanized Coils & Sheets, Galvalume Coils & Sheets, Recovered HCL, Gaseous Nitrogen, At Plot No. A-10/1, A-10/2&A-11, MIDC, Kalmeshwar, Dist. Nagpur, State: Maharashtra. Seeking EC for regularization of existing Unit as per NGT Order dtd 12.02.20&MPCB Circular no./MPCB /ID (APC) /Rolling Mill/ TB/B-041 dtd. 20.07.21",MAHARASHTRA,JSW STEEL COATED PRODUCTS LIMITED,SEIAA,EC Granted,MAHARASHTRA,3(a) Metallurgical Industries (ferrous and non ferrous)
20,SIA/MH/IND1/492700/2024,"Clearance Type: Application for EC (Category A, B1, and B2 Violation)- Form 1
S/W No.: SW/135888/2023
Category: B1
Sector: Industrial Projects - 1
Date of Submission:
06/09/2024","M/s. Jindal Saw Limited.,A-59 & 60, MIDC, Malegaon, Taluka Sinnar, Dist. Nashik, Maharashtra",MAHARASHTRA,Jindal Saw Limited,SEIAA,"DELISTED BY SYSTEM
(at : 10/12/2025)",MAHARASHTRA,3(a) Metallurgical Industries (ferrous and non ferrous)
21,SIA/MH/IND1/494708/2024,"Clearance Type: Application for ToR (Category A, B1, and B2 Violation)/EC (Category B2) - Form 1
S/W No.: SW/205015/2024
Category: B1
Sector: Industrial Projects - 1
Date of Submission:
31/08/2024","M/s. JSW Steel Coated Products Limited. The processing unit for Colour Coated Coils & Sheets, CR Coils & Sheets, Galvanized Coils & Sheets, Galvalume Coils & Sheets, Recovered HCL, Gaseous Nitrogen, At Plot No. A-10/1, A-10/2&A-11, MIDC, Kalmeshwar, Dist. Nagpur, State: Maharashtra. Seeking EC for regularization of existing Unit as per NGT Order dtd 12.02.20&MPCB Circular no./MPCB /ID (APC) /Rolling Mill/ TB/B-041 dtd. 20.07.21",MAHARASHTRA,JSW STEEL COATED PRODUCTS LIMITED,SEIAA,"DELISTED BY SYSTEM
(at : 01/02/2025)",MAHARASHTRA,3(a) Metallurgical Industries (ferrous and non ferrous)
22,SIA/MH/IND1/486710/2024,"Clearance Type: Application for Transfer of EC- Form-7
S/W No.: SW/196331/2024
Category: B1
Sector: Industrial Projects - 1
Date of Submission:
30/08/2024","Transfer of Environment Clearance letter issued by SEIAA Maharashtra, Mumbai from M/s Shree Sidhbali Ispat Ltd. to M/s OMAT West Limited for Proposed Expansion of Steel Melting Shop & Setting up of 1 x 20 MW Captive Power Plant within existing set up of Minin Integrated Steel Plant in MIDC Area at C-2 & C-3, MIDC, Chandrapur Growth Center, Tadali, Tehsil & District: Chandrapur, State: Maharashtra",MAHARASHTRA,OMAT West Limited,SEIAA,EC Granted,MAHARASHTRA,3(a) Metallurgical Industries (ferrous and non ferrous)
23,SIA/MH/IND1/492432/2024,"Clearance Type: Application for EC (Category A, B1, and B2 Violation)- Form 1
S/W No.: SW/128570/2023
Category: B1
Sector: Industrial Projects - 1
Date of Submission:
14/08/2024","Proposed Expansion of Induction Furnace from 40,000 TPA to 60,000 TPA & Production of 60,000 TPA TMT Round Bars located at Gut No. 54, 11/1/A, Village Torne, Vashind Road, Taluka: Wada, District: Palghar- 421303, Maharashtra. by M/s. Shivkrupa Steel and Alloy Pvt. Ltd.",MAHARASHTRA,SHIV KRUPA STEEL& ALLOYS PRIVATE LIMITED,SEIAA,"DELISTED BY SYSTEM
(at : 29/10/2025)",MAHARASHTRA,3(a) Metallurgical Industries (ferrous and non ferrous)
24,SIA/MH/IND1/492250/2024,"Clearance Type: Application for EC (Category A, B1, and B2 Violation)- Form 1
S/W No.: SW/128420/2023
Category: B1
Sector: Industrial Projects - 1
Date of Submission:
10/08/2024","Proposed expansion of CI & SG casting Manufacturing industry by M/s. Neosym industry limited Gat No. – 201, Village – Sanaswadi, Taluka – Shirur, District – Pune, Pin code – 412208",MAHARASHTRA,NEOSYM INDUSTRY LIMITED,SEIAA,EC Granted,MAHARASHTRA,3(a) Metallurgical Industries (ferrous and non ferrous)
25,SIA/MH/IND1/489174/2024,"Clearance Type: Application for ToR (Category A, B1, and B2 Violation)/EC (Category B2) - Form 1
S/W No.: SW/198810/2024
Category: B1
Sector: Industrial Projects - 1
Date of Submission:
02/08/2024","Expansion of Existing Secondary metallurgical processing unit by replacing 12T IF to 30T IF and 20T IF to 30T IF along with installation of 2x30T Induction Furnace to manufacture 4,95,000 TPA (Earlier 1,05,690 TPA) Hot metal; 4,85,100 TPA & (Earlier 2,70,000 TPA Standalone Rolling Mill by Reheating Furnace) TMT Bar at Plot No. C-4/1/1, C-4/1/2, C-52, C-53 & P-9, Additional MIDC Area, Jalna, Dist: Jalna, Maharashtra by M/s. Bindra Steel Private Limited.",MAHARASHTRA,BINDRA STEEL PRIVATE LIMITED,SEIAA,Standard ToR Granted,MAHARASHTRA,3(a) Metallurgical Industries (ferrous and non ferrous)
26,SIA/MH/IND1/489621/2024,"Clearance Type: Application for EC (Category A, B1, and B2 Violation)- Form 1
S/W No.: SW/118405/2023
Category: B1
Sector: Industrial Projects - 1
Date of Submission:
25/07/2024",PROPOSED EXANSION of ROLLING MILL FOR PRODUCTION of TMT BARS from 5000 MTM to 30000 MTM and NEW MS BILLETS MANUFACTURING UNIT of PROPOSED CAPACITY 30000 MTM,MAHARASHTRA,VASUDHA ALLOYS PRIVATE LIMITED,SEIAA,EC Granted,MAHARASHTRA,3(a) Metallurgical Industries (ferrous and non ferrous)
27,SIA/MH/IND1/487440/2024,"Clearance Type: Application for EC (Category A, B1, and B2 Violation)- Form 1
S/W No.: SW/196494/2024
Category: B1
Sector: Industrial Projects - 1
Date of Submission:
13/07/2024",M/s. JSW Steel Coated Products Limited. (formerly known as M/s. Asian Colour Coated Ispat Limited),MAHARASHTRA,ASIAN COLOR COATED ISPAT LIMITED,SEIAA,ADS Raised,MAHARASHTRA,3(a) Metallurgical Industries (ferrous and non ferrous)
28,SIA/MH/IND1/485936/2024,"Clearance Type: Application for EC (Category A, B1, and B2 Violation)- Form 1
S/W No.: SW/126382/2023
Category: B1
Sector: Industrial Projects - 1
Date of Submission:
06/07/2024","Proposed expansion project by increasing the production capacity from 18,000 MT/A to 40,000 MT/A of SS Round/ Square/ Rectangle/ Bars/ Flat/Patti, Billets, Hexagonal, Angle, RCS, Bloom, Slabs, Alloy Ingot/Nickel Alloy & replacing Induction Furnace Plant capacity from 2 no. of 3TP to 1 no. of 12TP by M/s Skytech Rolling Mill Pvt. Ltd.",MAHARASHTRA,SKYTECH ROLLING MILL PRIVATE LIMITED,SEIAA,"DELISTED BY SYSTEM
(at : 29/10/2025)",MAHARASHTRA,3(a) Metallurgical Industries (ferrous and non ferrous)
29,SIA/MH/IND1/482648/2024,"Clearance Type: Application for EC (Category A, B1, and B2 Violation)- Form 1
S/W No.: SW/146202/2023
Category: B1
Sector: Industrial Projects - 1
Date of Submission:
20/06/2024",Proposed Expansion of Existing Metallurgical Industry by M/S Bhuleshwar Steels and Alloys Pvt Ltd.,MAHARASHTRA,BHULESHWAR STEEL AND ALLO YS PRIVATE LIMITED,SEIAA,EC Granted,MAHARASHTRA,3(a) Metallurgical Industries (ferrous and non ferrous)
30,SIA/MH/IND1/481789/2024,"Clearance Type: Application for ToR (Category A, B1, and B2 Violation)/EC (Category B2) - Form 1
S/W No.: SW/190913/2024
Category: B1
Sector: Industrial Projects - 1
Date of Submission:
17/06/2024","Proposed Expansion of CI/SG Iron Casting of Cylinder Liners from 2450 MT/M to 5633 MT/M at Plot No. K-10, Additional MIDC, Village Kodoli, Dist. Satara M/s. COOPER CORPORATION PRIVATE LIMITED",MAHARASHTRA,cooper corporation private limited,SEIAA,Standard ToR Granted,MAHARASHTRA,3(a) Metallurgical Industries (ferrous and non ferrous)
31,SIA/MH/IND1/409027/2022,"Clearance Type: Application for EC (Category A, B1, and B2 Violation)- Form 1
S/W No.: SW/105243/2022
Category: B1
Sector: Industrial Projects - 1
Date of Submission:
05/01/2024","Regularization of Existing production facilities for Steel Wires of capacity 175000 TPA located at- Plot A6, Tarapur Industrial Area, PO. Boisar, Tehsil & District Palghar, Maharashtra (M/s. Tata Steel Limited) Seeking EC for regularization of existing EC as per Order dated 12th February and MPCB vide Circular dated 20th July, 2021.",MAHARASHTRA,M/S. TATA STEEL LIMITED,SEIAA,EC Granted,MAHARASHTRA,3(a) Metallurgical Industries (ferrous and non ferrous)
32,SIA/MH/IND1/457155/2023,"Clearance Type: Application for ToR (Category A, B1, and B2 Violation)/EC (Category B2) - Form 1
S/W No.: SW/156428/2023
Category: B1
Sector: Industrial Projects - 1
Date of Submission:
30/12/2023","Proposal for obtaining Environmental Clearance for Regularization of existing TMT Bars manufacturing unit (Hot Rolling Mill) by using MS Billets (Induction Furnace followed by CCM) with total installed capacity of 7,350 Ton/M by Shree Vaishnav Casting Pvt. Ltd., Located at Plot No. B-3, B-9 and B-10, Dindori MIDC, Palkhed Road, Taluka Dindori, District Nashik, Maharashtra.",MAHARASHTRA,SHREE VAISHNAV CASTING PRIVATE LIMITED,SEIAA,TOR GRANTED,MAHARASHTRA,3(a) Metallurgical Industries (ferrous and non ferrous)
33,SIA/MH/IND1/456514/2023,"Clearance Type: Application for ToR (Category A, B1, and B2 Violation)/EC (Category B2) - Form 1
S/W No.: SW/155774/2023
Category: B1
Sector: Industrial Projects - 1
Date of Submission:
23/12/2023","Proposal for obtaining Environmental Clearance for Regularization of existing Aluminium Foils manufacturing unit (Cold Rolling Mill) with installed capacity of 14,400 MT/A and expansion quantity 14,400 MT/A by Nath Foils Pvt. Ltd., Located at Plot No. 65, Sector-V, AURIC Shendra, Taluka & District Aurangabad, Maharashtra.",MAHARASHTRA,NATH FOILS PRIVATE LIMITED,SEIAA,TOR GRANTED,MAHARASHTRA,3(a) Metallurgical Industries (ferrous and non ferrous)
34,SIA/MH/IND1/454355/2023,"Clearance Type: Application for ToR (Category A, B1, and B2 Violation)/EC (Category B2) - Form 1
S/W No.: SW/153531/2023
Category: B1
Sector: Industrial Projects - 1
Date of Submission:
05/12/2023","Rolling Mill Project at Village Vardha, Palghar, Maharashtra by Champion Rolling Mill Pvt. Ltd.",MAHARASHTRA,CHAMPION ROLLING MILL PRIVATE LIMITED,SEIAA,TOR GRANTED,MAHARASHTRA,3(a) Metallurgical Industries (ferrous and non ferrous)
35,SIA/MH/IND1/409671/2022,"Clearance Type: Application for ToR (Category A, B1, and B2 Violation)/EC (Category B2) - Form 1
S/W No.: SW/110574/2022
Category: B1
Sector: Industrial Projects - 1
Date of Submission:
23/11/2023","Regularization of Manufacturing of Mild Steel Roll Products and M.S. Billets through Continuous Caster (Induction Furnace) at Plot No. N – 3,4,8,9,10, MIDC Hingna Road, Taluka Hingna, District Nagpur (Maharashtra). By: M/s Ramson’s Castings Pvt. Ltd.",MAHARASHTRA,RAMSONS CASTINGS PRIVATE LIMITED,SEIAA,TOR GRANTED,MAHARASHTRA,3(a) Metallurgical Industries (ferrous and non ferrous)
36,SIA/MH/IND1/410232/2022,"Clearance Type: Application for ToR (Category A, B1, and B2 Violation)/EC (Category B2) - Form 1
S/W No.: SW/111284/2022
Category: B1
Sector: Industrial Projects - 1
Date of Submission:
23/11/2023","Regularization and Expansion of Operating Capacity (Aluminum strips, sheets, foil and Aluminum Laminated products) from 3250TPM (39000 TPA) To 5250TPM (63000TPA) by Product diversification without any addition of pollution load.",MAHARASHTRA,HINDALCO INDUSTRIES LIMITED,SEIAA,TOR GRANTED,MAHARASHTRA,3(a) Metallurgical Industries (ferrous and non ferrous)
37,SIA/MH/IND1/410440/2022,"Clearance Type: Application for ToR (Category A, B1, and B2 Violation)/EC (Category B2) - Form 1
S/W No.: SW/111486/2022
Category: B1
Sector: Industrial Projects - 1
Date of Submission:
23/11/2023","Regularization of Manufacturing of Steel Casting Products through Continuous Caster (Induction Furnace) at Khasra No. 151/1, 152/1, Village Bazargaon, Amravati Road, District Nagpur (Maharashtra) By: Ramson’s Industries Limited",MAHARASHTRA,RAMSONS INDUSTRIES LIMITED,SEIAA,TOR GRANTED,MAHARASHTRA,3(a) Metallurgical Industries (ferrous and non ferrous)
38,SIA/MH/IND1/410520/2022,"Clearance Type: Application for ToR (Category A, B1, and B2 Violation)/EC (Category B2) - Form 1
S/W No.: SW/111564/2022
Category: B1
Sector: Industrial Projects - 1
Date of Submission:
23/11/2023","Regularization of Existing Rolling Mill for Manufacturing of 2,46,000 TPA of Mild Steel Plates and 24,000 TPA of Stainless Steel Plates",MAHARASHTRA,NAMCO INDUSTRIES PRIVATE LIMITED,SEIAA,TOR GRANTED,MAHARASHTRA,3(a) Metallurgical Industries (ferrous and non ferrous)
39,SIA/MH/IND1/412701/2022,"Clearance Type: Application for ToR (Category A, B1, and B2 Violation)/EC (Category B2) - Form 1
S/W No.: SW/113521/2022
Category: B1
Sector: Industrial Projects - 1
Date of Submission:
23/11/2023",Metallurgical Unit by M/s Bhuleshwar Steel & Alloys Pvt. Ltd,MAHARASHTRA,BHULESHWAR STEEL AND ALLO YS PRIVATE LIMITED,SEIAA,TOR GRANTED,MAHARASHTRA,3(a) Metallurgical Industries (ferrous and non ferrous)
40,SIA/MH/IND1/451000/2023,"Clearance Type: Application for EC (Category A, B1, and B2 Violation)- Form 1
S/W No.: SW/135709/2023
Category: B1
Sector: Industrial Projects - 1
Date of Submission:
04/11/2023","Proposed Environmental Clearance for Production of Cold Rolled grain oriented (CRGO/Cold Rolled non Grain Oriented (CRNO Mild Steel) 3,05,000 MT/A Capacity by Thyssenkrupp Electrical Steel Pvt. Ltd. at Gonde, Village- Wadiverhe, Tal. Igatpuri, Dist. Nashik",MAHARASHTRA,THYSSENKRUPP ELECTRICAL STEEL INDIA PRIVATE LIMITED,SEIAA,EC Granted,MAHARASHTRA,3(a) Metallurgical Industries (ferrous and non ferrous)
41,SIA/MH/IND1/447128/2023,"Clearance Type: Application for ToR (Category A, B1, and B2 Violation)/EC (Category B2) - Form 1
S/W No.: SW/146202/2023
Category: B1
Sector: Industrial Projects - 1
Date of Submission:
05/10/2023",Proposed Expansion of Existing Metallurgical Industry by M/S Bhuleshwar Steels and Alloys Pvt Ltd.,MAHARASHTRA,BHULESHWAR STEEL AND ALLO YS PRIVATE LIMITED,SEIAA,TOR GRANTED,MAHARASHTRA,3(a) Metallurgical Industries (ferrous and non ferrous)
42,SIA/MH/IND1/441314/2023,"Clearance Type: Application for ToR (Category A, B1, and B2 Violation)/EC (Category B2) - Form 1
S/W No.: SW/140889/2023
Category: B1
Sector: Industrial Projects - 1
Date of Submission:
29/08/2023",Proposed expansion of Rolling Mill-Conversion of Billets into Structural Steel by Orange City Steel Industries Private Limited.,MAHARASHTRA,ORANGE CITY STEEL INDUSTRIES PVT LTD,SEIAA,TOR GRANTED,MAHARASHTRA,3(a) Metallurgical Industries (ferrous and non ferrous)
43,SIA/MH/IND1/438264/2023,"Clearance Type: Application for EC (Category A, B1, and B2 Violation)- Form 1
S/W No.: SW/119216/2023
Category: B1
Sector: Industrial Projects - 1
Date of Submission:
03/08/2023","Proposed installation of 2 x 40T Induction Furnace for production of 3,96,000 TPA M.S. Billets & Rolling Mill for 3,88,080 TPA TMT Bars by Hot Rolled Process & 1,06,920 TPA by Reheating Furnace by Ved Steels & Alloys Private Limited",MAHARASHTRA,VED STEELS & ALLOYS PRIVATE LIMITED,SEIAA,EC Granted,MAHARASHTRA,3(a) Metallurgical Industries (ferrous and non ferrous)
44,SIA/MH/IND1/437779/2023,"Clearance Type: Application for ToR (Category A, B1, and B2 Violation)/EC (Category B2) - Form 1
S/W No.: SW/137563/2023
Category: B1
Sector: Industrial Projects - 1
Date of Submission:
23/07/2023","Manufacture of TMT Bars, Angles, Channels, M.S. Strips & M.S. Pipes with capacity 150 TPD Stand-alone Rolling Mill along with Reheating Furnace by M/s. Nityansh Steel & Alloys Pvt. Ltd. located at Plot No. C-21, Additional Jalna (Phase III), Industrial area, Tal. & Dist. Jalna, Maharashtra.",MAHARASHTRA,NITYANSH STEELS AND ALLOYS PRIVATE LIMITED,SEIAA,EDS raised,MAHARASHTRA,3(a) Metallurgical Industries (ferrous and non ferrous)
45,SIA/MH/IND1/437345/2023,"Clearance Type: Application for ToR (Category A, B1, and B2 Violation)/EC (Category B2) - Form 1
S/W No.: SW/137141/2023
Category: B1
Sector: Industrial Projects - 1
Date of Submission:
19/07/2023","Regularization of Existing Induction Furnace for Manufacturing of 54500 TPA Ingots & Billets and Rolling Mill for Manufacturing of 72000 TPA of TMT bar at Gut No 73,74,76,78,79,80,179, and 180 Village Lakhmapur Wada, District Palghar , Maharashtra by Sun Metallics & Alloys Pvt. Ltd.",MAHARASHTRA,SUN METALLICS & ALLOYS PRIVATE LIMITED,SEIAA,EDS raised,MAHARASHTRA,3(a) Metallurgical Industries (ferrous and non ferrous)
46,SIA/MH/IND1/437335/2023,"Clearance Type: Application for ToR (Category A, B1, and B2 Violation)/EC (Category B2) - Form 1
S/W No.: SW/137149/2023
Category: B1
Sector: Industrial Projects - 1
Date of Submission:
19/07/2023","Manufacture of TMT Bars with capacity of 24 TPD Stand-alone Rolling Mill(Existing) along with Reheating Furnace by M/s Dwarkamai Re-rolling Mill Private Limited located at Plot No. 13, Additional MIDC, Phase III Industrial Area, Jalna, Maharashtra.",MAHARASHTRA,DWARKAMAI RE-ROLLING MILL PRIVATE LIMITED,SEIAA,EDS raised,MAHARASHTRA,3(a) Metallurgical Industries (ferrous and non ferrous)
47,SIA/MH/IND1/437282/2023,"Clearance Type: Application for ToR (Category A, B1, and B2 Violation)/EC (Category B2) - Form 1
S/W No.: SW/135888/2023
Category: B1
Sector: Industrial Projects - 1
Date of Submission:
19/07/2023","M/s. Jindal Saw Limited.,A-59 & 60, MIDC, Malegaon, Taluka Sinnar, Dist. Nashik, Maharashtra",MAHARASHTRA,Jindal Saw Limited,SEIAA,EDS raised,MAHARASHTRA,3(a) Metallurgical Industries (ferrous and non ferrous)
48,SIA/MH/IND1/437237/2023,"Clearance Type: Application for ToR (Category A, B1, and B2 Violation)/EC (Category B2) - Form 1
S/W No.: SW/137046/2023
Category: B1
Sector: Industrial Projects - 1
Date of Submission:
18/07/2023",G D Metsteel Pvt Ltd Bhandgaon,MAHARASHTRA,G D METSTEEL PRIVATE LIMITED,SEIAA,EDS raised,MAHARASHTRA,3(a) Metallurgical Industries (ferrous and non ferrous)
49,SIA/MH/IND1/437019/2023,"Clearance Type: Application for ToR (Category A, B1, and B2 Violation)/EC (Category B2) - Form 1
S/W No.: SW/136830/2023
Category: B1
Sector: Industrial Projects - 1
Date of Submission:
17/07/2023",Application for obtaining EC for existing Hot Rolling Mill at Divyansh Steel Private Limited,MAHARASHTRA,DIVYANSH STEEL PRIVATE LIMITED,SEIAA,EDS raised,MAHARASHTRA,3(a) Metallurgical Industries (ferrous and non ferrous)
50,SIA/MH/IND1/437065/2023,"Clearance Type: Application for ToR (Category A, B1, and B2 Violation)/EC (Category B2) - Form 1
S/W No.: SW/136881/2023
Category: B1
Sector: Industrial Projects - 1
Date of Submission:
17/07/2023",Pushpak Steel Industries Pvt Ltd Lonand,MAHARASHTRA,PUSHPAK STEEL INDUSTRIES PRIVATE LIMITED,SEIAA,EDS raised,MAHARASHTRA,3(a) Metallurgical Industries (ferrous and non ferrous)
51,SIA/MH/IND1/436915/2023,"Clearance Type: Application for ToR (Category A, B1, and B2 Violation)/EC (Category B2) - Form 1
S/W No.: SW/136735/2023
Category: B2
Sector: Industrial Projects - 1
Date of Submission:
17/07/2023","Environmental Clearance for existing project MINI IRON STEEL PVT LTD. In the existing unit, Billets are heated in one low sulphur fuel oil-fired furnace. Steel rounds , Steel square , Drawn ( Steel/Carbon/Round Bright) Bar with total capacity of 19500 MTPA @ Kh. No.214 /1, 214/2 Mouza Wanadongri, Taluka- Hingna, Dist- Nagpur Pin 440016",MAHARASHTRA,MINI IRON AND STEEL PRIVATE LIMITED,SEIAA,EDS raised,MAHARASHTRA,3(a) Metallurgical Industries (ferrous and non ferrous)
52,SIA/MH/IND1/436877/2023,"Clearance Type: Application for ToR (Category A, B1, and B2 Violation)/EC (Category B2) - Form 1
S/W No.: SW/136686/2023
Category: B1
Sector: Industrial Projects - 1
Date of Submission:
17/07/2023",Pushpak Steel Industries Pvt Ltd,MAHARASHTRA,PUSHPAK STEEL INDUSTRIES PRIVATE LIMITED,SEIAA,EDS raised,MAHARASHTRA,3(a) Metallurgical Industries (ferrous and non ferrous)
53,SIA/MH/IND1/436390/2023,"Clearance Type: Application for ToR (Category A, B1, and B2 Violation)/EC (Category B2) - Form 1
S/W No.: SW/136162/2023
Category: B2
Sector: Industrial Projects - 1
Date of Submission:
17/07/2023","Environmental Clearance for existing Project of Billets and Bar with total capacity of 19680 MTPA @ Plot No. U-71, MIDC Hingna Road, Nagpur-440016 by Mini-Iron and Steel Pvt. Ltd.",MAHARASHTRA,MINI IRON AND STEEL PRIVATE LIMITED,SEIAA,EDS raised,MAHARASHTRA,3(a) Metallurgical Industries (ferrous and non ferrous)
54,SIA/MH/IND1/436724/2023,"Clearance Type: Application for ToR (Category A, B1, and B2 Violation)/EC (Category B2) - Form 1
S/W No.: SW/136499/2023
Category: B2
Sector: Industrial Projects - 1
Date of Submission:
17/07/2023",Environmental Clearance for Expansion of Project for manufacturing facility of hot-finished and cold-finished seamless pipes and tubes of Total capacity 45000 MTPA by Viera Seamless Private Limited.,MAHARASHTRA,VIERA SEAMLESS PRIVATE LIMITED,SEIAA,EDS raised,MAHARASHTRA,3(a) Metallurgical Industries (ferrous and non ferrous)
55,SIA/MH/IND1/436791/2023,"Clearance Type: Application for ToR (Category A, B1, and B2 Violation)/EC (Category B2) - Form 1
S/W No.: SW/136218/2023
Category: B1
Sector: Industrial Projects - 1
Date of Submission:
15/07/2023","Manufacture of M.S. Round Bars, Angles, Channels & TMT Bars with capacity 200 TPD Stand-alone Rolling Mill (Existing) along with Reheating Furnace by M/s. Matsyodari Steel & Alloy Pvt. Ltd. located at Plot No. C-57 to 63, Additional MIDC Jalna, Tal. & Dist. Jalna, Maharashtra.",MAHARASHTRA,MATSYODARI STEEL & ALLOYS PRIVATE LIMITED,SEIAA,EDS raised,MAHARASHTRA,3(a) Metallurgical Industries (ferrous and non ferrous)
56,SIA/MH/IND1/436548/2023,"Clearance Type: Application for ToR (Category A, B1, and B2 Violation)/EC (Category B2) - Form 1
S/W No.: SW/136327/2023
Category: B1
Sector: Industrial Projects - 1
Date of Submission:
13/07/2023","Regularization of Existing Standalone Rolling Mill with Expansion of Existing Secondary metallurgical processing unit by replacing 12T IF to 30T IF and 20T IF to 30T IF along with installation of 2x30T Induction Furnace to manufacture 4,95,000 TPA (earlier 99,000 TPA) Hot metal; 4,85,100 TPA (earlier 2,70,000 TPA) TMT Bar at Plot No. C-4/1/1, C-4/1/2, C-52, C-53 & P-9, Additional MIDC Area, Jalna, Dist: Jalna, Maharashtra by M/s. Jalna Siddhivinayak Alloys Pvt Ltd.",MAHARASHTRA,JALNA SIDDHIVINAYAK ALLOYS PRIVATE LIMITED,SEIAA,TOR GRANTED,MAHARASHTRA,3(a) Metallurgical Industries (ferrous and non ferrous)
57,SIA/MH/IND1/436501/2023,"Clearance Type: Application for ToR (Category A, B1, and B2 Violation)/EC (Category B2) - Form 1
S/W No.: SW/136288/2023
Category: B1
Sector: Industrial Projects - 1
Date of Submission:
13/07/2023",M/s. ISMT Limited (TW),MAHARASHTRA,ISMT LIMITED,SEIAA,TOR GRANTED,MAHARASHTRA,3(a) Metallurgical Industries (ferrous and non ferrous)
58,SIA/MH/IND1/435954/2023,"Clearance Type: Application for ToR (Category A, B1, and B2 Violation)/EC (Category B2) - Form 1
S/W No.: SW/135709/2023
Category: B1
Sector: Industrial Projects - 1
Date of Submission:
13/07/2023","Proposed Environmental Clearance for Production of Cold Rolled grain oriented (CRGO/Cold Rolled non Grain Oriented (CRNO Mild Steel) 3,05,000 MT/A Capacity by Thyssenkrupp Electrical Steel Pvt. Ltd. at Gonde, Village- Wadiverhe, Tal. Igatpuri, Dist. Nashik",MAHARASHTRA,THYSSENKRUPP ELECTRICAL STEEL INDIA PRIVATE LIMITED,SEIAA,TOR GRANTED,MAHARASHTRA,3(a) Metallurgical Industries (ferrous and non ferrous)
59,SIA/MH/IND1/435943/2023,"Clearance Type: Application for ToR (Category A, B1, and B2 Violation)/EC (Category B2) - Form 1
S/W No.: SW/135691/2023
Category: B1
Sector: Industrial Projects - 1
Date of Submission:
10/07/2023","Regularization of Existing Rolling Mill of Capacity 28,000 TPA (25, 000 TPA Angles; 2000 TPA Channels; 1000 TPA Beams) with enhancement of capacity to 56,000 TPA (50000 TPA Angles; 4000 TPA Channels; 2000 TPA Beams) at Plot No. J-3, MIDC Butibori, Taluka. Hingna, District. Nagpur, Maharashtra by M/s. Vinar Ispat Limited.",MAHARASHTRA,VINAR ISPAT LTD,SEIAA,TOR GRANTED,MAHARASHTRA,3(a) Metallurgical Industries (ferrous and non ferrous)
60,SIA/MH/IND1/435849/2023,"Clearance Type: Application for ToR (Category A, B1, and B2 Violation)/EC (Category B2) - Form 1
S/W No.: SW/135565/2023
Category: B1
Sector: Industrial Projects - 1
Date of Submission:
06/07/2023","Manufacture of M.S Round Bars, Flat Bars, Square Bars & M.S. Angles with capacity 80 TPD Stand-alone Rolling Mill (Existing) along with Reheating Furnace by M/s. Morya Steel Pvt Ltd. located at Plot No. F-25, Additional MIDC Area, Dist: Jalna, Maharashtra.",MAHARASHTRA,MORYA STEEL PRIVATE LIMITED,SEIAA,TOR GRANTED,MAHARASHTRA,3(a) Metallurgical Industries (ferrous and non ferrous)
61,SIA/MH/IND1/435734/2023,"Clearance Type: Application for ToR (Category A, B1, and B2 Violation)/EC (Category B2) - Form 1
S/W No.: SW/135476/2023
Category: B1
Sector: Industrial Projects - 1
Date of Submission:
06/07/2023","Manufacture of TMT Bar with capacity 500 TPD Stand-alone Rolling Mill (Existing) along with Coal Fired Furnace by M/s. Rajuri Steel & TMT Bars Pvt. Ltd. (Unit-II) located at Plot No. F-16/17, Additional MIDC, Phase II, Dist. Jalna, Maharashtra.",MAHARASHTRA,RAJURI STEELS & TMT BARS PRIVATE LIMITED,SEIAA,TOR GRANTED,MAHARASHTRA,3(a) Metallurgical Industries (ferrous and non ferrous)
62,SIA/MH/IND1/435207/2023,"Clearance Type: Application for ToR (Category A, B1, and B2 Violation)/EC (Category B2) - Form 1
S/W No.: SW/134951/2023
Category: B1
Sector: Industrial Projects - 1
Date of Submission:
06/07/2023","Regularization of Operating Capacity (Aluminum strips, sheets, foil and Aluminum Laminated products) 3250TPM (39000 TPA) at Survey No.- 95/1, 95/2, Village-Dahali, Tal. Mouda, Dist. Nagpur.",MAHARASHTRA,HINDALCO INDUSTRIES LIMITED,SEIAA,TOR GRANTED,MAHARASHTRA,3(a) Metallurgical Industries (ferrous and non ferrous)
63,SIA/MH/IND1/435730/2023,"Clearance Type: Application for ToR (Category A, B1, and B2 Violation)/EC (Category B2) - Form 1
S/W No.: SW/135482/2023
Category: B1
Sector: Industrial Projects - 1
Date of Submission:
06/07/2023","Manufacture of TMT Bar with capacity 1000 TPD Stand-alone Rolling Mill (Existing) along with Reheating Furnace by M/s. Rajuri Steel & TMT Bars Pvt. Ltd. (Unit-III) located at Gut No. 49, 51 & 52, At Daregaon, Dist. Jalna, Maharashtra.",MAHARASHTRA,RAJURI STEELS & TMT BARS PRIVATE LIMITED,SEIAA,TOR GRANTED,MAHARASHTRA,3(a) Metallurgical Industries (ferrous and non ferrous)
64,SIA/MH/IND1/433808/2023,"Clearance Type: Application for ToR (Category A, B1, and B2 Violation)/EC (Category B2) - Form 1
S/W No.: SW/133582/2023
Category: B1
Sector: Industrial Projects - 1
Date of Submission:
28/06/2023","Regularization of Existing Rolling Mill for Manufacturing of 36,000 TPA of Zinc Wire & Rods",MAHARASHTRA,KOTHARI METSOL PRIVATE LIMITED,SEIAA,TOR GRANTED,MAHARASHTRA,3(a) Metallurgical Industries (ferrous and non ferrous)
65,SIA/MH/IND1/434394/2023,"Clearance Type: Application for ToR (Category A, B1, and B2 Violation)/EC (Category B2) - Form 1
S/W No.: SW/134145/2023
Category: B1
Sector: Industrial Projects - 1
Date of Submission:
23/06/2023","Seamless Pipes and Mother hollow manufacturing industry at Pipe Nagar, Sukeli, Nagothane, Tal. - Roha, Dist. – Raigad by “Mahalaxmi Seamless Limited”",MAHARASHTRA,MAHALAXMI SEAMLESS LIMITED,SEIAA,TOR GRANTED,MAHARASHTRA,3(a) Metallurgical Industries (ferrous and non ferrous)
66,SIA/MH/IND1/433570/2023,"Clearance Type: Application for ToR (Category A, B1, and B2 Violation)/EC (Category B2) - Form 1
S/W No.: SW/133340/2023
Category: B1
Sector: Industrial Projects - 1
Date of Submission:
17/06/2023","Manufacture of TMT Bar with capacity 1000 TPD Stand-alone Rolling Mill (Existing) along with Reheating Furnace by M/s. Matsyodari Steel & Alloy Pvt. Ltd. located at Plot No. D-33 & D-34, Additional MIDC area, Phase I, Jalna, Dist. Jalna, Maharashtra.",MAHARASHTRA,MATSYODARI STEEL & ALLOYS PRIVATE LIMITED,SEIAA,TOR GRANTED,MAHARASHTRA,3(a) Metallurgical Industries (ferrous and non ferrous)
67,SIA/MH/IND1/431143/2023,"Clearance Type: Application for ToR (Category A, B1, and B2 Violation)/EC (Category B2) - Form 1
S/W No.: SW/131025/2023
Category: B1
Sector: Industrial Projects - 1
Date of Submission:
09/06/2023","Proposed Environmental Clearance for Production of Cold Rolled grain oriented (CRGO/Cold Rolled non Grain Oriented (CRNO Mild Steel) 3,05,000 MT/A Capacity by Thyssenkrupp Electrical Steel Pvt. Ltd. at Gonde, Village- Wadiverhe, Tal. Igatpuri, Dist. Nashik",MAHARASHTRA,THYSSENKRUPP ELECTRICAL STEEL INDIA PRIVATE LIMITED,SEIAA,TOR GRANTED,MAHARASHTRA,3(a) Metallurgical Industries (ferrous and non ferrous)
68,SIA/MH/IND1/429964/2023,"Clearance Type: Application for ToR (Category A, B1, and B2 Violation)/EC (Category B2) - Form 1
S/W No.: SW/129880/2023
Category: B1
Sector: Industrial Projects - 1
Date of Submission:
20/05/2023",Proposed Expansion of Existing Metallurgical Industry by M/S Bhuleshwar Steels and Alloys Pvt Ltd.,MAHARASHTRA,BHULESHWAR STEEL AND ALLO YS PRIVATE LIMITED,SEIAA,TOR GRANTED,MAHARASHTRA,3(a) Metallurgical Industries (ferrous and non ferrous)
69,SIA/MH/IND1/428536/2023,"Clearance Type: Application for ToR (Category A, B1, and B2 Violation)/EC (Category B2) - Form 1
S/W No.: SW/128198/2023
Category: B1
Sector: Industrial Projects - 1
Date of Submission:
11/05/2023","Capacity augmentation and modernization for production of finished products in the form of Ingots, Blooms and Bars from 2, 04,000 TPA to 3,04,000 TPA",MAHARASHTRA,SAARLOHA ADVANCED MATERIALS PRIVATE LIMITED,SEIAA,TOR GRANTED,MAHARASHTRA,3(a) Metallurgical Industries (ferrous and non ferrous)
70,SIA/MH/IND1/428825/2023,"Clearance Type: Application for ToR (Category A, B1, and B2 Violation)/EC (Category B2) - Form 1
S/W No.: SW/128772/2023
Category: B1
Sector: Industrial Projects - 1
Date of Submission:
10/05/2023","Regularization of manufacturing of Steel and steel products using various furnaces like blast furnace /open hearth furnace/Rolling Mill Furnace/arc furnace/submerged arc furnace / basic oxygen furnace /hot rolling reheated furnace at P. No. 68 & 69, MIDC Hingna, Dist. Nagpur, Maharashtra by M/s Rajaram Steel Industries Pvt. Ltd.",MAHARASHTRA,RAJARAM STEEL INDUSTRIES PRIVATE LIMITED,SEIAA,TOR GRANTED,MAHARASHTRA,3(a) Metallurgical Industries (ferrous and non ferrous)
71,SIA/MH/IND1/428465/2023,"Clearance Type: Application for ToR (Category A, B1, and B2 Violation)/EC (Category B2) - Form 1
S/W No.: SW/128420/2023
Category: B1
Sector: Industrial Projects - 1
Date of Submission:
09/05/2023","Proposed expansion of CI & SG casting Manufacturing industry by M/s. Neosym industry limited Gat No. – 201, Village – Sanaswadi, Taluka – Shirur, District – Pune, Pin code – 412208",MAHARASHTRA,NEOSYM INDUSTRY LIMITED,SEIAA,TOR GRANTED,MAHARASHTRA,3(a) Metallurgical Industries (ferrous and non ferrous)
72,SIA/MH/IND1/427094/2023,"Clearance Type: Application for ToR (Category A, B1, and B2 Violation)/EC (Category B2) - Form 1
S/W No.: SW/127058/2023
Category: B1
Sector: Industrial Projects - 1
Date of Submission:
26/04/2023",Proposed Expansion of Rolling Mill-Conversion of Billets into Structural Steel by Shardashree Ispat Limited.,MAHARASHTRA,SHARDASHREE ISPAT LIMITED,SEIAA,TOR GRANTED,MAHARASHTRA,3(a) Metallurgical Industries (ferrous and non ferrous)
73,SIA/MH/IND1/426412/2023,"Clearance Type: Application for ToR (Category A, B1, and B2 Violation)/EC (Category B2) - Form 1
S/W No.: SW/126382/2023
Category: B1
Sector: Industrial Projects - 1
Date of Submission:
17/04/2023","Proposed expansion project by increasing the production capacity from 18,000 MT/A to 40,000 MT/A of SS Round/ Square/ Rectangle/ Bars/ Flat/Patti, Billets, Hexagonal, Angle, RCS, Bloom, Slabs, Alloy Ingot/Nickel Alloy & replacing Induction Furnace Plant capacity from 2 no. of 3TP to 1 no. of 12TP by M/s Skytech Rolling Mill Pvt. Ltd.",MAHARASHTRA,SKYTECH ROLLING MILL PRIVATE LIMITED,SEIAA,TOR GRANTED,MAHARASHTRA,3(a) Metallurgical Industries (ferrous and non ferrous)
74,SIA/MH/IND1/425726/2023,"Clearance Type: Application for EC (Category A, B1, and B2 Violation)- Form 1
S/W No.: SW/106929/2022
Category: B1
Sector: Industrial Projects - 1
Date of Submission:
14/04/2023","TII – CRSS - West- TI Cycles of India, Unit of Tube Investment of India Ltd.",MAHARASHTRA,TUBE INVESTMENTS OF INDIA LIMITED,SEIAA,EC Granted,MAHARASHTRA,3(a) Metallurgical Industries (ferrous and non ferrous)
75,SIA/MH/IND1/421350/2023,"Clearance Type: Application for ToR (Category A, B1, and B2 Violation)/EC (Category B2) - Form 1
S/W No.: SW/121851/2023
Category: B1
Sector: Industrial Projects - 1
Date of Submission:
16/03/2023","Proposal for obtaining Environmental Clearance for Regularization of existing TMT Bars manufacturing unit (Hot Rolling Mill) using MS Billets (Induction Furnace followed by CCM) with total installed capacity of 25,000 TPM by Bhagwati Ferro Metal Pvt. Ltd., Located at Plot No. G-7 & G-8, MIDC Malegaon-Sinnar, Taluka, Sinnar, District- Nashik, Maharashtra.",MAHARASHTRA,BHAGWATI FERRO METAL PRIVATE LIMITED,SEIAA,TOR GRANTED,MAHARASHTRA,3(a) Metallurgical Industries (ferrous and non ferrous)
76,SIA/MH/IND1/421300/2023,"Clearance Type: Application for EC (Category A, B1, and B2 Violation)- Form 1
S/W No.: SW/121640/2023
Category: B1
Sector: Industrial Projects - 1
Date of Submission:
10/03/2023","Expansion of existing production facilities for Cold Rolled Coils & Sheets (from 210000 to 300000 TPA), Hot Rolled Pickled Skin Passed Coils (from 90000 to 150000 TPA) and Addition of new facility for Hot Rolled Pickled Galvanized Coils (820000 TPA) located at Plot No S-76, MIDC Tarapur Industrial Area, Po-MIDC Boisar, Tehsil- Palghar, District- Palghar, Maharashtra – 401506 by M/s. Tata Steel Limited CRC West",MAHARASHTRA,Tata Steel Limited,SEIAA,EC Granted,MAHARASHTRA,3(a) Metallurgical Industries (ferrous and non ferrous)
77,SIA/MH/IND1/418508/2023,"Clearance Type: Application for ToR (Category A, B1, and B2 Violation)/EC (Category B2) - Form 1
S/W No.: SW/119216/2023
Category: B1
Sector: Industrial Projects - 1
Date of Submission:
16/02/2023","Proposed installation of 2 x 40T Induction Furnace for production of 3,96,000 TPA M.S. Billets & Rolling Mill for 3,88,080 TPA TMT Bars by Hot Rolled Process & 1,06,920 TPA by Reheating Furnace by Ved Steels & Alloys Private Limited",MAHARASHTRA,VED STEELS & ALLOYS PRIVATE LIMITED,SEIAA,TOR GRANTED,MAHARASHTRA,3(a) Metallurgical Industries (ferrous and non ferrous)
78,SIA/MH/IND1/417597/2023,"Clearance Type: Application for ToR (Category A, B1, and B2 Violation)/EC (Category B2) - Form 1
S/W No.: SW/118405/2023
Category: B1
Sector: Industrial Projects - 1
Date of Submission:
09/02/2023",PROPOSED EXANSION of ROLLING MILL FOR PRODUCTION of TMT BARS from 5000 MTM to 30000 MTM and NEW MS BILLETS MANUFACTURING UNIT of PROPOSED CAPACITY 30000 MTM,MAHARASHTRA,VASUDHA ALLOYS PRIVATE LIMITED,SEIAA,TOR GRANTED,MAHARASHTRA,3(a) Metallurgical Industries (ferrous and non ferrous)
79,SIA/MH/IND1/416021/2023,"Clearance Type: Application for ToR (Category A, B1, and B2 Violation)/EC (Category B2) - Form 1
S/W No.: SW/116779/2023
Category: B1
Sector: Industrial Projects - 1
Date of Submission:
31/01/2023",Regularization of Manufacturing of 66000 TPA of Re- rolled steel products through Rolling Mill,MAHARASHTRA,SANVIJAY ROLLING & ENGINEERING LTD,SEIAA,TOR GRANTED,MAHARASHTRA,3(a) Metallurgical Industries (ferrous and non ferrous)
80,SIA/MH/IND1/415848/2023,"Clearance Type: Application for ToR (Category A, B1, and B2 Violation)/EC (Category B2) - Form 1
S/W No.: SW/116739/2023
Category: B1
Sector: Industrial Projects - 1
Date of Submission:
31/01/2023","Regularization of Manufacturing of 1,15,200 TPA of Re- rolled steel products through Rolling Mill",MAHARASHTRA,SANVIJAY ROLLING & ENGINEERING LTD,SEIAA,TOR GRANTED,MAHARASHTRA,3(a) Metallurgical Industries (ferrous and non ferrous)
81,SIA/MH/IND1/408875/2022,"Clearance Type: Application for EC (Category A, B1, and B2 Violation)- Form 1
S/W No.: SW/106284/2022
Category: B1
Sector: Industrial Projects - 1
Date of Submission:
01/12/2022",Proposed Expansion in Production of MS Billets -750 TPD to 2000 TPD and Environmental Clearance for Rolling Mills for Manufacturing of TMT Bars 833.33 TPD to 2000 TPD,MAHARASHTRA,M/S. BHAGYALAXMI ROLLING MILL PVT. LTD.,SEIAA,EC Granted,MAHARASHTRA,3(a) Metallurgical Industries (ferrous and non ferrous)
82,SIA/MH/IND1/407805/2022,"Clearance Type: Application for ToR (Category A, B1, and B2 Violation)/EC (Category B2) - Form 1
S/W No.: SW/109035/2022
Category: B1
Sector: Industrial Projects - 1
Date of Submission:
24/11/2022","Regularization of Manufacturing of M.S. Billets, Rolled Mild Steel Product (Induction Furnace) at Plot No. B-118, 119, 120, MIDC Industrial Area, Butibori, District Nagpur (Maharashtra). By: Meenakshi Re-Rollers Pvt. Ltd.",MAHARASHTRA,MEENAKSHI RE ROLLERS PRIVATE LIMITED,SEIAA,TOR GRANTED,MAHARASHTRA,3(a) Metallurgical Industries (ferrous and non ferrous)
83,SIA/MH/IND1/405512/2022,"Clearance Type: Application for ToR (Category A, B1, and B2 Violation)/EC (Category B2) - Form 1
S/W No.: SW/106929/2022
Category: B1
Sector: Industrial Projects - 1
Date of Submission:
08/11/2022","TII – CRSS - West- TI Cycles of India, Unit of Tube Investment of India Ltd.",MAHARASHTRA,TUBE INVESTMENTS OF INDIA LIMITED,SEIAA,TOR GRANTED,MAHARASHTRA,3(a) Metallurgical Industries (ferrous and non ferrous)
84,SIA/MH/IND1/404836/2022,"Clearance Type: Application for ToR (Category A, B1, and B2 Violation)/EC (Category B2) - Form 1
S/W No.: SW/106284/2022
Category: B1
Sector: Industrial Projects - 1
Date of Submission:
02/11/2022",Proposed Expansion in Production of MS Billets -750 TPD to 2000 TPD and Environmental Clearance for Rolling Mills for Manufacturing of TMT Bars 833.33 TPD to 2000 TPD,MAHARASHTRA,M/S. BHAGYALAXMI ROLLING MILL PVT. LTD.,SEIAA,TOR GRANTED,MAHARASHTRA,3(a) Metallurgical Industries (ferrous and non ferrous)
85,SIA/MH/IND1/404048/2022,"Clearance Type: Application for ToR (Category A, B1, and B2 Violation)/EC (Category B2) - Form 1
S/W No.: SW/104789/2022
Category: B1
Sector: Industrial Projects - 1
Date of Submission:
27/10/2022",M/S Varron Autokast Limited,MAHARASHTRA,VARRON AUTOKAST LIMITED,SEIAA,TOR GRANTED,MAHARASHTRA,3(a) Metallurgical Industries (ferrous and non ferrous)
86,SIA/MH/IND1/403959/2022,"Clearance Type: Application for ToR (Category A, B1, and B2 Violation)/EC (Category B2) - Form 1
S/W No.: SW/105505/2022
Category: B2
Sector: Industrial Projects - 1
Date of Submission:
25/10/2022","EXPANSION AND MODIFICATION OF MANUFACTURING OF FERRO ALLOY AND OTHER ALLOY FROM 16,800 TPA TO 30,000 TPA",MAHARASHTRA,ELKEM SOUTH ASIA PRIVATE LIMITED,SEIAA,EC Granted,MAHARASHTRA,3(a) Metallurgical Industries (ferrous and non ferrous)
87,SIA/MH/IND1/403982/2022,"Clearance Type: Application for EC (Category A, B1, and B2 Violation)- Form 1
S/W No.: SW/105198/2022
Category: B1
Sector: Industrial Projects - 1
Date of Submission:
22/10/2022","Regularization of existing production facilities for Steel Wire Rods – 336000 TPA, Steel Wire & Wire Products – 66000 TPA (Total Production Capacity - 402000 TPA) by M/s. Tata Steel Limited Seeking EC for regularization of existing EC as per Order dated 12th February, 2020 & MPCB Circular dtd. 20th July, 2021",MAHARASHTRA,M/S. TATA STEEL LIMITED,SEIAA,EC Granted,MAHARASHTRA,3(a) Metallurgical Industries (ferrous and non ferrous)
88,SIA/MH/IND1/403676/2022,"Clearance Type: Application for ToR (Category A, B1, and B2 Violation)/EC (Category B2) - Form 1
S/W No.: SW/105274/2022
Category: B1
Sector: Industrial Projects - 1
Date of Submission:
20/10/2022","Regularization of Manufacturing of 5500 TPM (66,000 TPA) of Structural Steel - Angles, Channels, Beams , Flats, Round Bars, Square Bars through rolling mill",MAHARASHTRA,MAHAVIR STEEL INDUSTRIES LIMITED,SEIAA,TOR GRANTED,MAHARASHTRA,3(a) Metallurgical Industries (ferrous and non ferrous)
89,SIA/MH/IND1/403241/2022,"Clearance Type: Application for EC (Category A, B1, and B2 Violation)- Form 1
S/W No.: SW/104269/2022
Category: B1
Sector: Industrial Projects - 1
Date of Submission:
17/10/2022","Expansion in Production of MS Billets -750 TPD to 2000 TPD, & Environmental Clearance for Rolling Mills for Manufacturing of TMT Bars - 2000 TPD",MAHARASHTRA,BHAGYALAXMI ROLLING MILLS PVT. LTD. JALNA,SEIAA,EC Granted,MAHARASHTRA,3(a) Metallurgical Industries (ferrous and non ferrous)
90,SIA/MH/IND1/401395/2022,"Clearance Type: Application for ToR (Category A, B1, and B2 Violation)/EC (Category B2) - Form 1
S/W No.: SW/100777/2022
Category: B1
Sector: Industrial Projects - 1
Date of Submission:
10/10/2022","Proposed ""Unit 3"" steel manufacturing industry by Shardashree Ispat Limited",MAHARASHTRA,SHARDASHREE ISPAT LIMITED,SEIAA,TOR GRANTED,MAHARASHTRA,3(a) Metallurgical Industries (ferrous and non ferrous)
1,SIA/MH/IND1/546362/2025,"Clearance Type: Application for EC (Category A, B1, and B2 Violation)- Form 1
S/W No.: SW/214063/2024
Category: B1
Sector: Industrial Projects - 1
Date of Submission:
06/08/2025","Establishment of Standalone Grinding Unit at Village- Nimgaon Khalu, Tehsil - Shrigonda, District - Ahmednagar, Maharashtra",MAHARASHTRA,DALMIA BHARAT GREEN VISION LIMITED,SEIAA,EC Granted,MAHARASHTRA,3(b) Cement plants
2,SIA/MH/IND1/536752/2025,"Clearance Type: Application for EC (Category A, B1, and B2 Violation)- Form 1
S/W No.: SW/211029/2024
Category: B1
Sector: Industrial Projects - 1
Date of Submission:
09/05/2025","PROPOSED GREENFIELD PROJECT OF STANDALONE GRINDING UNIT WITH CEMENT PRODUCTION CAPACITY OF 6 MMTPA (2 X 3 MMTPA) AT VILLAGE-MALKHED & UDKHED, TALUKA-CHANDUR RAILWAY & AMRAVATI, DISTRICT- AMRAVATI, MAHARASHTRA by M/s. AMBUJA CONCRETE NORTH PRIVATE LIMITED",MAHARASHTRA,AMBUJA CONCRETE NORTH PRIVATE LIMITED,SEIAA,EC Granted,MAHARASHTRA,3(b) Cement plants
3,SIA/MH/IND1/517207/2025,"Clearance Type: Application for ToR (Category A, B1, and B2 Violation)/EC (Category B2) - Form 1
S/W No.: SW/228683/2025
Category: B1
Sector: Industrial Projects - 1
Date of Submission:
06/01/2025","Proposed Greenfield project of Standalone Grinding Unit with Cement production capacity of 6 MMTPA (2 x 3 MMTPA) at Village: Patas, Kangaon, & Betwadi, Taluka-Daund, District-Pune, Maharashtra by M/s. Ambuja Concrete North Pvt. Ltd. (ACNPL)",MAHARASHTRA,AMBUJA CONCRETE NORTH PRIVATE LIMITED,SEIAA,Standard ToR Granted,MAHARASHTRA,3(b) Cement plants
4,SIA/MH/IND1/505677/2024,"Clearance Type: Application for EC (Category A, B1, and B2 Violation)- Form 1
S/W No.: SW/192494/2024
Category: B1
Sector: Industrial Projects - 1
Date of Submission:
27/11/2024","Expansion of Cement production capacity of Standalone Grinding Unit from 0.9 MTPA to 6.0 MTPA (Expansion in existing Cement Mill from 0.9 to 3.0 Million TPA in phase - I and additional Cement Mill of 3.0 Million TPA in Phase - II) At Village-Parli Vaijnath, Tehsil-Parli, District-Beed, Maharashtra by M/s. UltraTech Cement Limited (Unit: Parli Cement Works))",MAHARASHTRA,UltraTech Cement Limited,SEIAA,EC Granted,MAHARASHTRA,3(b) Cement plants
5,SIA/MH/IND1/503165/2024,"Clearance Type: Application for ToR (Category A, B1, and B2 Violation)/EC (Category B2) - Form 1
S/W No.: SW/214063/2024
Category: B1
Sector: Industrial Projects - 1
Date of Submission:
15/11/2024","Establishment of Standalone Grinding Unit at Village- Nimgaon Khalu, Tehsil - Shrigonda, District - Ahmednagar, Maharashtra",MAHARASHTRA,DALMIA BHARAT GREEN VISION LIMITED,SEIAA,Standard ToR Granted,MAHARASHTRA,3(b) Cement plants
6,SIA/MH/IND1/500457/2024,"Clearance Type: Application for ToR (Category A, B1, and B2 Violation)/EC (Category B2) - Form 1
S/W No.: SW/211029/2024
Category: B1
Sector: Industrial Projects - 1
Date of Submission:
09/10/2024","PROPOSED GREENFIELD PROJECT OF STANDALONE GRINDING UNIT WITH CEMENT PRODUCTION CAPACITY OF 6 MMTPA (2 X 3 MMTPA) AT VILLAGE-MALKHED & UDKHED, TALUKA-CHANDUR RAILWAY & AMRAVATI, DISTRICT- AMRAVATI, MAHARASHTRA by M/s. AMBUJA CONCRETE NORTH PRIVATE LIMITED",MAHARASHTRA,AMBUJA CONCRETE NORTH PRIVATE LIMITED,SEIAA,Standard ToR Granted,MAHARASHTRA,3(b) Cement plants
7,SIA/MH/IND1/494899/2024,"Clearance Type: Application for ToR (Category A, B1, and B2 Violation)/EC (Category B2) - Form 1
S/W No.: SW/205218/2024
Category: B1
Sector: Industrial Projects - 1
Date of Submission:
31/08/2024","Proposed Greenfield project of Standalone Grinding Unit with Cement production capacity of 2 x 3 MMTPA (6 MMTPA) at Village-Bornar, Taluka & District-Jalgaon, Maharashtra by M/s. AMBUJA CONCRETE NORTH PRIVATE LIMITED",MAHARASHTRA,AMBUJA CONCRETE NORTH PRIVATE LIMITED,SEIAA,Standard ToR Granted,MAHARASHTRA,3(b) Cement plants
8,SIA/MH/IND1/483260/2024,"Clearance Type: Application for ToR (Category A, B1, and B2 Violation)/EC (Category B2) - Form 1
S/W No.: SW/192494/2024
Category: B1
Sector: Industrial Projects - 1
Date of Submission:
10/07/2024","Expansion of Cement production capacity of Standalone Grinding Unit from 0.9 MTPA to 6.0 MTPA (Expansion in existing Cement Mill from 0.9 to 3.0 Million TPA in phase - I and additional Cement Mill of 3.0 Million TPA in Phase - II) At Village-Parli Vaijnath, Tehsil-Parli, District-Beed, Maharashtra by M/s. UltraTech Cement Limited (Unit: Parli Cement Works))",MAHARASHTRA,UltraTech Cement Limited,SEIAA,Standard ToR Granted,MAHARASHTRA,3(b) Cement plants
9,SIA/MH/IND1/481447/2024,"Clearance Type: Application for EC (Category A, B1, and B2 Violation)- Form 1
S/W No.: SW/147559/2023
Category: B1
Sector: Industrial Projects - 1
Date of Submission:
25/06/2024","Expansion in Cement Production Capacity of Existing Standalone Clinker Grinding Unit from 3.0 Million TPA to 3.6 Million TPA at Plot No. 3, Nardana Industrial Area, MIDC Phase 1, Village: Waghode, Tehsil: Shindkhede, District: Dhule by M/s. UltraTech Cement Limited (Unit: Dhule Cement Works)",MAHARASHTRA,M/s. UltraTech Cement Ltd.,SEIAA,EC Granted,MAHARASHTRA,3(b) Cement plants
10,SIA/MH/IND1/464270/2024,"Clearance Type: Application for EC (Category A, B1, and B2 Violation)- Form 1
S/W No.: SW/121367/2023
Category: B1
Sector: Industrial Projects - 1
Date of Submission:
05/06/2024","Expansion of Cement production capacity of Standalone Grinding Unit from 2.0 Million TPA to 5.4 Million TPA At Villages: Tharsa, Ashti and Navegaon, Tehsil: Mauda, District: Nagpur (Maharashtra) by M/s. UltraTech Cement Ltd. (Unit: Nagpur Cement Works)",MAHARASHTRA,UltraTech Cement Limited,SEIAA,"DELISTED BY SYSTEM
(at : 03/10/2025)",MAHARASHTRA,3(b) Cement plants
11,SIA/MH/IND1/477274/2024,"Clearance Type: Application for Transfer of EC- Form-7
S/W No.: SW/186128/2024
Category: B2
Sector: Industrial Projects - 1
Date of Submission:
30/05/2024","Transfer of Environmental Clearance letter no. J-11011/872/ 2007-IA-II (I), dated 1st May 2008 and 18th Feb’2009 from M/s India Cements Ltd to M/s UltraTech Cement Limited granted for Cement Grinding unit (0.9 MTPA) at Sy. No. 101, 102 & 105 Parli Vaijnath, Tehsil Parli, District-Beed, Maharashtra",MAHARASHTRA,UltraTech Cement Limited,SEIAA,Under Processing with Authority,MAHARASHTRA,3(b) Cement plants
12,SIA/MH/IND1/462324/2024,"Clearance Type: Application for EC (Category A, B1, and B2 Violation)- Form 1
S/W No.: SW/139762/2023
Category: B1
Sector: Industrial Projects - 1
Date of Submission:
21/05/2024","Expansion of Cement Grinding Capacity from 4.0 MTPA to 7.0 MTPA of standalone grinding unit located at Villages-Hotgi Station & Hiple, Tehsil-South Solapur, District-Solapur, Maharashtra by UltraTech Cement Limited (Unit: Hotgi Cement Works)",MAHARASHTRA,UltraTech Cement Limited,SEIAA,"DELISTED BY SYSTEM
(at : 04/08/2025)",MAHARASHTRA,3(b) Cement plants
13,SIA/MH/IND1/448445/2023,"Clearance Type: Application for ToR (Category A, B1, and B2 Violation)/EC (Category B2) - Form 1
S/W No.: SW/147559/2023
Category: B1
Sector: Industrial Projects - 1
Date of Submission:
20/12/2023","Expansion in Cement Production Capacity of Existing Standalone Clinker Grinding Unit from 3.0 Million TPA to 3.6 Million TPA at Plot No. 3, Nardana Industrial Area, MIDC Phase 1, Village: Waghode, Tehsil: Shindkhede, District: Dhule by M/s. UltraTech Cement Limited (Unit: Dhule Cement Works)",MAHARASHTRA,M/s. UltraTech Cement Ltd.,SEIAA,TOR GRANTED,MAHARASHTRA,3(b) Cement plants
14,SIA/MH/IND1/449502/2023,"Clearance Type: Application for ToR (Category A, B1, and B2 Violation)/EC (Category B2) - Form 1
S/W No.: SW/148603/2023
Category: B1
Sector: Industrial Projects - 1
Date of Submission:
20/10/2023","PROPOSED AMBIVLI CEMENT GRINDING UNIT WITH PRODUCTION CAPACITY OF 2 X 3 MMTPA (6.0 MMTPA) LOCATED AT VILLAGE: AMBIVLI, TALUKA: KALYAN, DISTRICT: THANE, STATE: MAHARASHTRA",MAHARASHTRA,Ambuja Cement Limited,SEIAA,TOR GRANTED,MAHARASHTRA,3(b) Cement plants
15,SIA/MH/IND1/445888/2023,"Clearance Type: Application for ToR (Category A, B1, and B2 Violation)/EC (Category B2) - Form 1
S/W No.: SW/145024/2023
Category: B1
Sector: Industrial Projects - 1
Date of Submission:
27/09/2023","Proposed Manufacturing of 4MMTPA Cement Blending Unit and Flyash Grinding Unit at Plot No. W-7, Sector-KWC, Kalamboli, Taluka Panvel, District Raigad, Navi Mumbai, Maharashtra by M/s. Bulk Cement Corporation India Ltd.",MAHARASHTRA,BULK CEMENT CORPORATION INDIA LIMITED,SEIAA,TOR GRANTED,MAHARASHTRA,3(b) Cement plants
16,SIA/MH/IND1/440147/2023,"Clearance Type: Application for ToR (Category A, B1, and B2 Violation)/EC (Category B2) - Form 1
S/W No.: SW/139762/2023
Category: B1
Sector: Industrial Projects - 1
Date of Submission:
13/08/2023","Expansion of Cement Grinding Capacity from 4.0 MTPA to 7.0 MTPA of standalone grinding unit located at Villages-Hotgi Station & Hiple, Tehsil-South Solapur, District-Solapur, Maharashtra by UltraTech Cement Limited (Unit: Hotgi Cement Works)",MAHARASHTRA,UltraTech Cement Limited,SEIAA,TOR GRANTED,MAHARASHTRA,3(b) Cement plants
17,SIA/MH/IND1/420807/2023,"Clearance Type: Application for ToR (Category A, B1, and B2 Violation)/EC (Category B2) - Form 1
S/W No.: SW/121367/2023
Category: B1
Sector: Industrial Projects - 1
Date of Submission:
10/03/2023","Expansion of Cement production capacity of Standalone Grinding Unit from 2.0 Million TPA to 5.4 Million TPA At Villages: Tharsa, Ashti and Navegaon, Tehsil: Mauda, District: Nagpur (Maharashtra) by M/s. UltraTech Cement Ltd. (Unit: Nagpur Cement Works)",MAHARASHTRA,UltraTech Cement Limited,SEIAA,TOR GRANTED,MAHARASHTRA,3(b) Cement plants
1,SIA/MH/THE/585494/2026,"Clearance Type: Application for Surrender of Environmental Clearance - Form -11
S/W No.: SW/286424/2026
Category: B1
Sector: Thermal Projects
Date of Submission:
15/07/2026","Proposed 0.9 MTPA Integrated Steel Plant (130 MW CPP, 0.9 MTPA DRI Plant (4x725 TPD) with 14x25T IF, 2x50 T LRF, 2x Continuous Casting Machine, 40TPH slag processing unit, 2x50 TPH Reheating Furnace, 0.75 MTPA TMT Rebars & Wire Rods, 0.4 MTPA Strip Mill, 0.4 MTPA Tube/hollow section Mill by M/s. Sufalam Metals Limited",MAHARASHTRA,SUFALAM METALS LIMITED,SEIAA,Under Verification,MAHARASHTRA,1(d) Thermal Power Plants
2,SIA/MH/THE/471641/2025,"Clearance Type: Application for Transfer of EC- Form-7
S/W No.: SW/180280/2024
Category: B1
Sector: Thermal Projects
Date of Submission:
05/08/2025",Transfer of Environmental Clearance from Jawahar Shetkari Sahakari Sakhar Karkhana Ltd. to Kallappanna Awade Jawahar Shetkari Sahakari Sakhar Karkhana Ltd.,MAHARASHTRA,JAWAHAR SHETKARI SAHKARI SAKHAR KARKHANA LTD HUPARI,SEIAA,EC Granted,MAHARASHTRA,1(d) Thermal Power Plants
3,SIA/MH/THE/546738/2025,"Clearance Type: Application for Transfer of EC- Form-7
S/W No.: SW/255539/2025
Category: B1
Sector: Thermal Projects
Date of Submission:
05/08/2025","2x150 MW coal based Power Plant at MIDC Nardana, District- Dhule, Maharashtra",MAHARASHTRA,JINDAL POWER LIMITED,SEIAA,EC Granted,MAHARASHTRA,1(d) Thermal Power Plants
4,SIA/MH/THE/538806/2025,"Clearance Type: Application for ToR (Category A, B1, and B2 Violation)/EC (Category B2) - Form 1
S/W No.: SW/248356/2025
Category: B1
Sector: Thermal Projects
Date of Submission:
04/06/2025",Ideal Energy Projects Limited (Expansion of Existing Thermal Power Plant),MAHARASHTRA,IDEAL ENERGY PROJECTS LIMITED,SEIAA,"DELISTED BY SYSTEM
(at : 20/12/2025)",MAHARASHTRA,1(d) Thermal Power Plants
5,SIA/MH/THE/530089/2025,"Clearance Type: Application for Transfer of EC- Form-7
S/W No.: SW/240287/2025
Category: B1
Sector: Thermal Projects
Date of Submission:
18/03/2025","Transfer of Environmental Clearance (EC) of 30 MW Bagasse based Cogeneration Project at Village Pravaranagar-Loni, Taluka: Rahata, District: Ahmednagar, State: Maharashtra of M/s. Pravara Renewable Energy Ltd. (PREL) to M/s. Padmashri Dr. Vitthalrao Vikhe Patil Sahakari Sakhar Karkhana Limited (PDVVPSSKL).",MAHARASHTRA,PAD. DR. VITTHALRAO VIKHE PATIL SAHAKARI SAKHAR KARKHANA LTD.,SEIAA,EC Granted,MAHARASHTRA,1(d) Thermal Power Plants
6,SIA/MH/THE/487061/2024,"Clearance Type: Application for Transfer of EC- Form-7
S/W No.: SW/135098/2023
Category: B1
Sector: Thermal Projects
Date of Submission:
11/07/2024","Proposed 40 MW AFBC based Captive Power Plant at Kurla Village, Warora Tehsil, Chandrapur District by M/s ISMT Limited",MAHARASHTRA,OMSAIRAM STEELS AND ALLOYS PVT LTD,SEIAA,Under Verification,MAHARASHTRA,1(d) Thermal Power Plants
7,SIA/MH/THE/429265/2023,"Clearance Type: Application for EC (Category A, B1, and B2 Violation)- Form 1
S/W No.: SW/128375/2023
Category: B1
Sector: Thermal Projects
Date of Submission:
19/05/2023","Proposed expansion of Sugar Unit from 5000 TCD to 10000TCD & Cogeneration unit from 15MW to 32MW at post- Tirthpuri, Tal -Ghansawangi, Dist-Jalna by M/s. Karmayogi Ankushrao Tope Sahakari Sakhar Karkhana Ltd., Unit No.2 (Sagar)",MAHARASHTRA,M/S SAMARTHA SAHAKARI SAKHAR KARKHANA LTD.,SEIAA,EC Granted,MAHARASHTRA,1(d) Thermal Power Plants
1,SIA/MH/IND3/522085/2025,"Clearance Type: Application for Amendment in EC- Form-4
S/W No.: SW/233407/2025
Category: B1
Sector: Industrial Projects - 3
Date of Submission:
10/02/2025","Amendment in Environmental Clearance for Greenfield Project of SSP - 300 MTPD, GSSP - 200 MTPD and other sulphate based Fertilizer at Village Takewadi, Taluka-Man, Satara by M/s Shree Agro Crop Sciences Pvt. Ltd.",MAHARASHTRA,SHREE AGRO CROP SCIENCES PVT. LTD,SEIAA,EC Granted,MAHARASHTRA,5(a) Chemical fertilizers
2,SIA/MH/IND3/408740/2022,"Clearance Type: Application for ToR (Category A, B1, and B2 Violation)/EC (Category B2) - Form 1
S/W No.: SW/109852/2022
Category: B1
Sector: Industrial Projects - 3
Date of Submission:
23/11/2023","Installation of Single Super Phosphate & Granulated Single Super Phosphate Plant at Gat No. 499, Biranwadi, Tal: Tasgaon, District: Sangli, Maharashtra by M/s Nirmiti Asmita Agro Pvt. Ltd",MAHARASHTRA,NIRMITI ASMITA AGRO PRIVATE LIMITED,SEIAA,TOR GRANTED,MAHARASHTRA,5(a) Chemical fertilizers
3,SIA/MH/IND3/408102/2022,"Clearance Type: Application for ToR (Category A, B1, and B2 Violation)/EC (Category B2) - Form 1
S/W No.: SW/109327/2022
Category: B1
Sector: Industrial Projects - 3
Date of Submission:
28/11/2022","Proposed Single Super Phosphate and Granulated Single Super Phosphate Plant at Plot No. T-T-53/6, Kagal- Hatkanangale Five Star Industrial Area, MIDC, Kolhapur, Maharashtra- 416122 by M/s Delta Irrigation LLP.",MAHARASHTRA,DELTA IRRIGATION LLP,SEIAA,TOR GRANTED,MAHARASHTRA,5(a) Chemical fertilizers
1,SIA/MH/IND2/497999/2024,"Clearance Type: Application for Transfer of EC- Form-7
S/W No.: SW/208400/2024
Category: B2
Sector: Industrial Projects - 2
Date of Submission:
24/09/2024","Transfer of Environmental Clearance of 29,000 LPD grain Based distillery unit By M/s Shree Sidhivinayak Enterprises Pvt. Ltd., 198/7798, Kannamwar Nagar-2, Vikroli ( E), Mumbai- 400 083 ( Location Of Project – Plot No.- C-11, Kagal- Hatkangale Industrial Area, Kolhapur, Maharashtra . ) To M/s Melkar TTI Biofuels Limited, Plot no.39, Pillerne Industrail Estate, Pillerne, Bardez, Goa ( Location Of Project – Plot No.- C-11, Kagal- Hatkangale Industrial Area, Kolhapur, Maharashtra )",MAHARASHTRA,MELKER TTI BIOFUELS LIMITED,SEIAA,"DELISTED BY SYSTEM
(at : 02/04/2025)",MAHARASHTRA,5(ga) Grain based distilleries
1,SIA/ML/IND1/575178/2026,"Clearance Type: Application for Corrigendum Form-13
S/W No.: SW/260657/2025
Category: B1
Sector: Industrial Projects - 1
Date of Submission:
09/04/2026","Integrated Cement Plant with capacity of clinker: 0.95 million TPA, Cement: 0.99 million TPA (OPC, PPC, PSC, SRC, RHPC & Composite Cement) CPP: 15 MW, WHRS: 7 MW) and DG Sets 2500 KVA (1x2500 KVA or 2X1000 KVA & 1X500 KVA or 1x1000 KVA, 2x500 KVA & 2x250KVA) in Khara Siang Lum Pyrshin in Daistong village, Elaka: Nongkhlieh Dolloiship, District of East Jaintia Hills (Meghalaya) by Shree Cement Ltd.",MEGHALAYA,Shree Cement Limited,SEIAA,EC Granted,MEGHALAYA,3(b) Cement plants
2,SIA/ML/IND1/570078/2026,"Clearance Type: Application for EC (Category A, B1, and B2 Violation)- Form 1
S/W No.: SW/260657/2025
Category: B1
Sector: Industrial Projects - 1
Date of Submission:
23/02/2026","Integrated Cement Plant with capacity of clinker: 0.95 million TPA, Cement: 0.99 million TPA (OPC, PPC, PSC, SRC, RHPC & Composite Cement) CPP: 15 MW, WHRS: 7 MW) and DG Sets 2500 KVA (1x2500 KVA or 2X1000 KVA & 1X500 KVA or 1x1000 KVA, 2x500 KVA & 2x250KVA) in Khara Siang Lum Pyrshin in Daistong village, Elaka: Nongkhlieh Dolloiship, District of East Jaintia Hills (Meghalaya) by Shree Cement Ltd.",MEGHALAYA,Shree Cement Limited,SEIAA,EC Granted,MEGHALAYA,3(b) Cement plants
3,SIA/ML/IND1/569540/2026,"Clearance Type: Application for EC (Category A, B1, and B2 Violation)- Form 1
S/W No.: SW/260657/2025
Category: B1
Sector: Industrial Projects - 1
Date of Submission:
23/02/2026","Integrated Cement Plant with capacity of clinker: 0.95 million TPA, Cement: 0.99 million TPA (OPC, PPC, PSC, SRC, RHPC & Composite Cement) CPP: 15 MW, WHRS: 7 MW) and DG Sets 2500 KVA (1x2500 KVA or 2X1000 KVA & 1X500 KVA or 1x1000 KVA, 2x500 KVA & 2x250KVA) in Khara Siang Lum Pyrshin in Daistong village, Elaka: Nongkhlieh Dolloiship, District of East Jaintia Hills (Meghalaya) by Shree Cement Ltd.",MEGHALAYA,Shree Cement Limited,SEIAA,Proposal pulled back (withdrawn),MEGHALAYA,3(b) Cement plants
4,SIA/ML/IND1/552331/2025,"Clearance Type: Application for ToR (Category A, B1, and B2 Violation)/EC (Category B2) - Form 1
S/W No.: SW/260657/2025
Category: B1
Sector: Industrial Projects - 1
Date of Submission:
29/09/2025","Integrated Cement Plant with capacity of clinker: 0.95 million TPA, Cement: 0.99 million TPA (OPC, PPC, PSC, SRC, RHPC & Composite Cement) CPP: 15 MW, WHRS: 7 MW) and DG Sets 2500 KVA (1x2500 KVA or 2X1000 KVA & 1X500 KVA or 1x1000 KVA, 2x500 KVA & 2x250KVA) in Khara Siang Lum Pyrshin in Daistong village, Elaka: Nongkhlieh Dolloiship, District of East Jaintia Hills (Meghalaya) by Shree Cement Ltd.",MEGHALAYA,Shree Cement Limited,SEIAA,ToR Granted,MEGHALAYA,3(b) Cement plants
1,SIA/ML/THE/544218/2025,"Clearance Type: Application for Transfer of EC- Form-7
S/W No.: SW/253323/2025
Category: B1
Sector: Thermal Projects
Date of Submission:
24/07/2025","43 MW imported coal based Thermal Power Plant project at Lumshnong, East Jaintia Hills District, Meghalaya",MEGHALAYA,STAR CEMENT MEGHALAYA LIMITED,SEIAA,Proposal pulled back (withdrawn),MEGHALAYA,1(d) Thermal Power Plants
2,SIA/ML/THE/544143/2025,"Clearance Type: Application for Transfer of EC- Form-7
S/W No.: SW/251048/2025
Category: B1
Sector: Thermal Projects
Date of Submission:
23/07/2025","100% Coal-based 8 MW Thermal Power Plant project at Lumshnong, East Jaintia Hills District, Meghalaya",MEGHALAYA,STAR CEMENT MEGHALAYA LIMITED,SEIAA,Proposal pulled back (withdrawn),MEGHALAYA,1(d) Thermal Power Plants
1,SIA/ML/IND2/539275/2025,"Clearance Type: Application for Transfer of EC- Form-7
S/W No.: SW/248002/2025
Category: A
Sector: Industrial Projects - 2
Date of Submission:
02/06/2025","Transfer of Environmental Clearance for a 100 KLPD grain-based distillery unit with a 3.5 MW co-generation power plant, located at New Industrial Area (MIDC), Byrnihat, District Ri Bhoi, Meghalaya, from M/s. CMJ Breweries Pvt. Ltd. to S.P.Y. Agro Industries (NE) Private Limited.",MEGHALAYA,S.P.Y AGRO INDUSTRIES (NE) PRIVATE LIMITED,SEIAA,EC Granted,MEGHALAYA,5(g) Distilleries
1,SIA/OR/IND2/585853/2026,"Clearance Type: Application for Validity Extension of EC- Form-6
S/W No.: SW/289998/2026
Category: B2
Sector: Industrial Projects - 2
Date of Submission:
18/07/2026","Application for Extension of validity of EC for Production of 1.0 KLD Mohua Flower Based Out Still country Liquor manufacturing unit, M/s Dadhiamajhiguda main O.S Shop At/ Mouza- Butimajhi Simla, Tahasil- Kodinga, District- Nabarangpur in favour of the Licensee Sri Subash Chandra Agrawal.",ODISHA,SUBHASA AGRAWAL,SEIAA,Under Verification,ODISHA,5(g) Distilleries
2,SIA/OR/IND2/585734/2026,"Clearance Type: Application for ToR (Category A, B1, and B2 Violation)/EC (Category B2) - Form 1
S/W No.: SW/289869/2026
Category: B2
Sector: Industrial Projects - 2
Date of Submission:
17/07/2026","Application of Environmental Clearance for production of 1.5 KLD Mahua flower based out still country liquor manufacturing unit of M/s Ranibagicha Main out still liquor shop at Gurabasa common distillation center At/ Village- Gurabasa, Tahasil/ District- Sundargarh in favor of M/s Kishore Prasad Bijay Prasad & Co.",ODISHA,KISHORE PRASAD BIJAY PRASAD and CO,SEIAA,Under Verification,ODISHA,5(g) Distilleries
3,SIA/OR/IND2/585696/2026,"Clearance Type: Application for ToR (Category A, B1, and B2 Violation)/EC (Category B2) - Form 1
S/W No.: SW/289868/2026
Category: B2
Sector: Industrial Projects - 2
Date of Submission:
17/07/2026","Application of Environmental Clearance for production of 1.5 KLD Mahua flower based out still country liquor manufacturing unit of M/s Gurabasa Main out still liquor shop at Gurabasa common distillation center At/ Village- Gurabasa, Tahasil/ District- Sundargarh in favor of M/s Kishore Prasad Bijay Prasad & Co.",ODISHA,KISHORE PRASAD BIJAY PRASAD and CO,SEIAA,Under Verification,ODISHA,5(g) Distilleries
4,SIA/OR/IND2/585705/2026,"Clearance Type: Application for Validity Extension of EC- Form-6
S/W No.: SW/228499/2025
Category: B2
Sector: Industrial Projects - 2
Date of Submission:
17/07/2026","Extension of Validity for Mahua Flower Based Country Liquour Manufacturing Unit,M/s. Podamari main out still liquour Shop at Podamari,Dist-Ganjam of Smt.Rebati Sahu",ODISHA,REBATI SAHU,SEIAA,Under Verification,ODISHA,5(g) Distilleries
5,SIA/OR/IND2/585323/2026,"Clearance Type: Application for Validity Extension of EC- Form-6
S/W No.: SW/201150/2024
Category: B2
Sector: Industrial Projects - 2
Date of Submission:
13/07/2026",Extension of validity of environmental clearance for production of Country Liquor w r. to Bhabinipur O.S. Shop of Sri Ch. Kameshu.,ODISHA,CH. KAMESHU,SEIAA,Under Verification,ODISHA,5(g) Distilleries
6,SIA/OR/IND2/585076/2026,"Clearance Type: Application for ToR (Category A, B1, and B2 Violation)/EC (Category B2) - Form 1
S/W No.: SW/289308/2026
Category: B2
Sector: Industrial Projects - 2
Date of Submission:
11/07/2026",Environmental Clearance for production of country liquor from the manufacturing unit of Jamda O.S. Shop of M/s Baldeo Sahu & Sons.,ODISHA,BALDEO SAHU AND SONS,SEIAA,Under Verification,ODISHA,5(g) Distilleries
7,SIA/OR/IND2/585060/2026,"Clearance Type: Application for ToR (Category A, B1, and B2 Violation)/EC (Category B2) - Form 1
S/W No.: SW/289307/2026
Category: B2
Sector: Industrial Projects - 2
Date of Submission:
11/07/2026",Environmental Clearance for production of country liquor from the manufacturing unit of M/s Danipali O.S. Shop of M/s Baldeo Sahu & Sons.,ODISHA,BALDEO SAHU AND SONS,SEIAA,Under Verification,ODISHA,5(g) Distilleries
8,SIA/OR/IND2/585038/2026,"Clearance Type: Application for ToR (Category A, B1, and B2 Violation)/EC (Category B2) - Form 1
S/W No.: SW/289309/2026
Category: B2
Sector: Industrial Projects - 2
Date of Submission:
11/07/2026",Environmental Clearance for production of country liquor from the manufacturing unit of Kukurikani O.S. Shop of M/s Baldeo Sahu Shiv Prasad Sahu.,ODISHA,BALDEO SAHU SHIVA PRASAD SAHU,SEIAA,Under Verification,ODISHA,5(g) Distilleries
9,SIA/OR/IND2/585089/2026,"Clearance Type: Application for Validity Extension of EC- Form-6
S/W No.: SW/286095/2026
Category: B2
Sector: Industrial Projects - 2
Date of Submission:
11/07/2026","Proposal for Extension of validity of EC for production of 1.0 KLD Mahua Flower Based country Liquor manufacturing unit at village-Bhatakumarada, Tahasil-Purusottampur, Dist-Ganjam of Sri Ramesh Chandra Sahu",ODISHA,SRI RAMESH CHANDRA SAHU,SEIAA,Referred to SEIAA,ODISHA,5(g) Distilleries
10,SIA/OR/IND2/585019/2026,"Clearance Type: Application for Validity Extension of EC- Form-6
S/W No.: SW/257261/2025
Category: B2
Sector: Industrial Projects - 2
Date of Submission:
10/07/2026","Extension of Validity of EC for Production of 1.0 KLD mahua flower based out still country liquor manufacturing unit of M/s Borigaon Main O.S Shop at- Borigaon, Tahasil- Kukudakhandi, Dist.- Ganjam of Sri Rajendra Kumar Patro",ODISHA,RAJENDRA KUMAR PATRA,SEIAA,Referred to SEIAA,ODISHA,5(g) Distilleries
11,SIA/OR/IND2/583564/2026,"Clearance Type: Application for Validity Extension of EC- Form-6
S/W No.: SW/228499/2025
Category: B2
Sector: Industrial Projects - 2
Date of Submission:
27/06/2026","Extension of Validity for Mahua Flower Based Country Liquour Manufacturing Unit,M/s. Podamari main out still liquour Shop at Podamari,Dist-Ganjam of Smt.Rebati Sahu",ODISHA,REBATI SAHU,SEIAA,EC Rejected,ODISHA,5(g) Distilleries
12,SIA/OR/IND2/583549/2026,"Clearance Type: Application for Validity Extension of EC- Form-6
S/W No.: SW/257175/2025
Category: B2
Sector: Industrial Projects - 2
Date of Submission:
27/06/2026","Proposal for Extension of validity of EC for Production of 2.064 KLD Mahua Flower Based Country Liquor Manufacturing Unit,Baradi(Tatabali) Main Out Still Liquor Shop, at village-Baradi (Tatabali), Tahasil- Sorada, Dist-Ganjam of Sri Rajendra Kumar Sahu",ODISHA,RAJENDRA SAHU,SEIAA,EC Rejected,ODISHA,5(g) Distilleries
13,SIA/OR/IND2/583387/2026,"Clearance Type: Application for ToR (Category A, B1, and B2 Violation)/EC (Category B2) - Form 1
S/W No.: SW/287869/2026
Category: B2
Sector: Industrial Projects - 2
Date of Submission:
26/06/2026","Environmental Clearance for production of country liquor from the manufacturing unit of M/s Khalana O.S. Shop of Sri Raghunath Sahoo.l,",ODISHA,raghunath sahoo,SEIAA,Under Verification,ODISHA,5(g) Distilleries
14,SIA/OR/IND2/573933/2026,"Clearance Type: Application for Validity Extension of EC- Form-6
S/W No.: SW/279740/2026
Category: B2
Sector: Industrial Projects - 2
Date of Submission:
24/06/2026","Proposal for validity extension of environmental Clearance (EC) for production of 1.0 KLD Mahua Flower based country liquor manufacturing unit M/s Durbandha Main Out Still Liquor Shop in village- Kanchuru, Tahasil- Hinjilicut, Dis- Ganjam in favour of Smt Salma Khan.",ODISHA,SALMA KHAN,SEIAA,Referred to SEIAA,ODISHA,5(g) Distilleries
15,SIA/OR/IND2/582364/2026,"Clearance Type: Application for Validity Extension of EC- Form-6
S/W No.: SW/257142/2025
Category: B2
Sector: Industrial Projects - 2
Date of Submission:
16/06/2026",Validity extension of environmental clearance for production of country liquor from the manufacturing unit of M/s Hatipada O.S. Shop of Ranga Heremba Reddy,ODISHA,R HERAMBA REDDY,SEIAA,EC Granted,ODISHA,5(g) Distilleries
16,SIA/OR/IND2/582362/2026,"Clearance Type: Application for Validity Extension of EC- Form-6
S/W No.: SW/257141/2025
Category: B2
Sector: Industrial Projects - 2
Date of Submission:
16/06/2026",Validity extension of environmental clearance for production of country liquor from the manufacturing unit of M/s Kalabada O.S. Shop of Sri B Mohan Rao,ODISHA,SRI B MOHAN RAO,SEIAA,EC Granted,ODISHA,5(g) Distilleries
17,SIA/OR/IND2/582057/2026,"Clearance Type: Application for ToR (Category A, B1, and B2 Violation)/EC (Category B2) - Form 1
S/W No.: SW/286713/2026
Category: B2
Sector: Industrial Projects - 2
Date of Submission:
13/06/2026","Application of Environmental Clearance for production of 1.50 KLD Mahua flower based out still country liquor manufacturing unit of M/s Kadoguchha Main out still liquor shop At/ Village- Kadoguchha, Tahasil- Paikamala, District- Bargarh in favor of Sri Rupesh Kumar Agrawal.",ODISHA,Rupesh Kumar Agrawal,SEIAA,Under Verification,ODISHA,5(g) Distilleries
18,SIA/OR/IND2/581494/2026,"Clearance Type: Application for ToR (Category A, B1, and B2 Violation)/EC (Category B2) - Form 1
S/W No.: SW/286245/2026
Category: B2
Sector: Industrial Projects - 2
Date of Submission:
13/06/2026","Application of Environmental Clearance for production of 1.350KLD Mahua flower based out still country liquor manufacturing unit of M/s Kandetara Main out still liquor shop At/ Village- Kandetara, Tahasil- Komna, District- Nuapada in favor of Sri Lingraj Agrawal.",ODISHA,Lingraj Agrawal,SEIAA,Under Verification,ODISHA,5(g) Distilleries
19,SIA/OR/IND2/582054/2026,"Clearance Type: Application for ToR (Category A, B1, and B2 Violation)/EC (Category B2) - Form 1
S/W No.: SW/286707/2026
Category: B2
Sector: Industrial Projects - 2
Date of Submission:
13/06/2026","Application of Environmental Clearance for production of 1.35 KLD Mahua flower based out still country liquor manufacturing unit of M/s Jamki Main out still liquor shop At/ Village- Jamki, Tahasil- Turkela, District- Balangir in favor of Sri Magan Kumar Agrawal.",ODISHA,Magan Kumar Agrawal,SEIAA,Under Verification,ODISHA,5(g) Distilleries
20,SIA/OR/IND2/581968/2026,"Clearance Type: Application for ToR (Category A, B1, and B2 Violation)/EC (Category B2) - Form 1
S/W No.: SW/286616/2026
Category: B2
Sector: Industrial Projects - 2
Date of Submission:
12/06/2026","Application of Environmental Clearance for production of 1.89 KLD Mahua flower based out still country liquor manufacturing unit of M/s Kapani Main out still liquor shop At/ Village- Kapani, Tahasil- Belpara, District- Balangir in favor of Smt Payal Agrawal.",ODISHA,Payal Agrawal,SEIAA,Under Verification,ODISHA,5(g) Distilleries
21,SIA/OR/IND2/582005/2026,"Clearance Type: Application for ToR (Category A, B1, and B2 Violation)/EC (Category B2) - Form 1
S/W No.: SW/286665/2026
Category: B2
Sector: Industrial Projects - 2
Date of Submission:
12/06/2026","Application of Environmental Clearance for production of 0.81 KLD Mahua flower based out still country liquor manufacturing unit of M/s Khaprakhol Main out still liquor shop At/ Village- Khaprakhol, Tahasil- Khaprakhol, District- Balangir, in favor of Sri Magan Kumar Agrawal.",ODISHA,Magan Kumar Agrawal,SEIAA,Under Verification,ODISHA,5(g) Distilleries
22,SIA/OR/IND2/581011/2026,"Clearance Type: Application for ToR (Category A, B1, and B2 Violation)/EC (Category B2) - Form 1
S/W No.: SW/285856/2026
Category: B2
Sector: Industrial Projects - 2
Date of Submission:
10/06/2026","Application of Environmental Clearance for production of 2.16KLD Mahua flower based out still country liquor manufacturing unit of M/s Phulijhar Main out still liquor shop At/ Village- Phulijhar, Tahasil- Khaprakhol, District- Balangir in favor of Sri Rajesh Kumar Agrawal.",ODISHA,Rajesh Kumar Agrawal,SEIAA,Under Verification,ODISHA,5(g) Distilleries
23,SIA/OR/IND2/580057/2026,"Clearance Type: Application for amendment in ToR (for categories A & B1)/Amendment in EC (for category B2)- Form-3
S/W No.: SW/104049/2022
Category: B2
Sector: Industrial Projects - 2
Date of Submission:
08/06/2026","Proposed 100 KLDP Grain based Ethanol plant along with 3.0 MW Cogeneration Power Plant at Village Podabahal, Tehsil & District Sundargarh, Odisha by M/s. Vibrant Spirits Private Limited",ODISHA,VIBRANT SPIRITS PRIVATE LIMITED,SEIAA,ADS Raised,ODISHA,5(g) Distilleries
24,SIA/OR/IND2/580763/2026,"Clearance Type: Application for ToR (Category A, B1, and B2 Violation)/EC (Category B2) - Form 1
S/W No.: SW/285623/2026
Category: B2
Sector: Industrial Projects - 2
Date of Submission:
02/06/2026",Environmental Clearance for production of country liquor from the manufacturing unit of M/s Harichandanpur O.S. Shop of Sri Ravi Kumar.,ODISHA,Ravi Kumar,SEIAA,Under Verification,ODISHA,5(g) Distilleries
25,SIA/OR/IND2/580678/2026,"Clearance Type: Application for ToR (Category A, B1, and B2 Violation)/EC (Category B2) - Form 1
S/W No.: SW/285559/2026
Category: B2
Sector: Industrial Projects - 2
Date of Submission:
02/06/2026","Environmental Clearance for production of country liquor from the manufacturing unit of M/s Pandapada O.S. Shop of Smt. Neha Jaiswal,",ODISHA,Neha Jaiswal,SEIAA,Under Verification,ODISHA,5(g) Distilleries
26,SIA/OR/IND2/580441/2026,"Clearance Type: Application for Validity Extension of EC- Form-6
S/W No.: SW/285365/2026
Category: B2
Sector: Industrial Projects - 2
Date of Submission:
28/05/2026","Proposal for Extension of validity of Environmental Clearance for Production of 1.896 KLD Mahua Flower Based Out still Country Liquor Manufacturing unit of M/s Gudiapalli (Budhamba)Main Out Still Liquor Shop At-Budhamba, District- Ganjam of the Licensee Sri. Laxmi Narayan Pradhan.",ODISHA,SRI LAXMI NARAYAN PRADHAN,SEIAA,EC Rejected,ODISHA,5(g) Distilleries
27,SIA/OR/IND2/579548/2026,"Clearance Type: Application for Transfer of EC- Form-7
S/W No.: SW/284614/2026
Category: B2
Sector: Industrial Projects - 2
Date of Submission:
19/05/2026","Transfer of environmental clearance of M/s Siriapali Out still Manufacturing Shop centralized for Jharsuguda, Kolabira, Malidihi, Hirma, Bagdihi Excise Licenses in favor of Sri Nitin Kumar Sahu.",ODISHA,NITIN KUMAR SAHU,SEIAA,EC Rejected,ODISHA,5(g) Distilleries
28,SIA/OR/IND2/573898/2026,"Clearance Type: Application for Validity Extension of EC- Form-6
S/W No.: SW/279702/2026
Category: B2
Sector: Industrial Projects - 2
Date of Submission:
13/05/2026","Application for validity extension of EC for production of 2.532 KLD Mahua Flower based country liquor manufacturing unit, M/s Kanamana Main Out Still liquor Shop At- Kanamana, Tahasil- Chhatrapur, Dist- Ganjam in favour of Prasant Kumar Bisoyi.",ODISHA,PRASANT KUMAR BISOI,SEIAA,EC Granted,ODISHA,5(g) Distilleries
29,SIA/OR/IND2/573889/2026,"Clearance Type: Application for Validity Extension of EC- Form-6
S/W No.: SW/279658/2026
Category: B2
Sector: Industrial Projects - 2
Date of Submission:
13/05/2026","Proposal for Extension of validity of Environmental Clearance for Production of 3.48 KLD Mahua Flower Based Out still Country Liquor Manufacturing unit of M/s Chhatrapur Main Out Still Liquor Shop At/ Ps/Po- Chhatrapur, District- Ganjam of the Licensee Sri. Damburudhar Sahu.",ODISHA,DAMBURUDHAR SAHU,SEIAA,EC Granted,ODISHA,5(g) Distilleries
30,SIA/OR/IND2/578510/2026,"Clearance Type: Application for Validity Extension of EC- Form-6
S/W No.: SW/283759/2026
Category: B2
Sector: Industrial Projects - 2
Date of Submission:
11/05/2026","Production of 1.206 KLD Mahua flower-based out still country liquor manufacturing unit of Bhetanai Main Out Still Liquor Shop, in Village-Bhetanai, Tahasil-Aska, District-Ganjam, State-Odisha of licensee smt. puspanjali sahu.",ODISHA,PUSPANJALI SAHU,SEIAA,EC Granted,ODISHA,5(g) Distilleries
31,SIA/OR/IND2/573936/2026,"Clearance Type: Application for Validity Extension of EC- Form-6
S/W No.: SW/279744/2026
Category: B2
Sector: Industrial Projects - 2
Date of Submission:
07/05/2026","Application for Extension of validity of Environmental Clearance (EC) for Production of 0.948 KLD Mahua Flower Based Out still Country Liquor Manufacturing unit of M/s Bhutasarasingi Main Out Still Liquor Shop At- Bhutasarasingi, Po/Ps- Purushottampur, District- Ganjam of the Licensee Sri. Premananda Sahu.",ODISHA,PREMANADA SAHU,SEIAA,EC Granted,ODISHA,5(g) Distilleries
32,SIA/OR/IND2/576770/2026,"Clearance Type: Application for Validity Extension of EC- Form-6
S/W No.: SW/282196/2026
Category: B2
Sector: Industrial Projects - 2
Date of Submission:
04/05/2026","PRODUCTION OF 1.266 KLD MAHUA FLOWER BASED OUT STILL COUNTRY LIQUOR MANUFACTURING UNIT OF M/s BADAGADA MAIN OUT STILL SHOP, AT BARAMUNDALI TAHASIL: SHERAGADA, DIST: GANJAM OF LICENSEE SRI BULU JENA.",ODISHA,BULU JENA,SEIAA,EC Granted,ODISHA,5(g) Distilleries
33,SIA/OR/IND2/577904/2026,"Clearance Type: Application for Validity Extension of EC- Form-6
S/W No.: SW/283239/2026
Category: B2
Sector: Industrial Projects - 2
Date of Submission:
04/05/2026","PRODUCTION OF 2.370 KLD MAHUA FLOWER-BASED OUT STILL COUNTRY LIQUOR MANUFACTURING UNIT, M/S SHERAGADA OUT STILL LIQUOR SHOP, IN VILLAGE-BARAMUNDULI, TAHSIL- SHERAGADA, DIST.- GANJAM, STATE-ODISHA",ODISHA,BULU JENA,SEIAA,EC Granted,ODISHA,5(g) Distilleries
34,SIA/OR/IND2/577903/2026,"Clearance Type: Application for Validity Extension of EC- Form-6
S/W No.: SW/283237/2026
Category: B2
Sector: Industrial Projects - 2
Date of Submission:
04/05/2026","Production of 0.948 KLD Mahua flower-based out still country liquor manufacturing unit, M/s Nandika Out Still Liquor Shop, in Village Morabai, Tahasil Purushottampur, District Ganjam, State Odisha.",ODISHA,HEMA SAHU,SEIAA,EC Granted,ODISHA,5(g) Distilleries
35,SIA/OR/IND2/576563/2026,"Clearance Type: Application for Validity Extension of EC- Form-6
S/W No.: SW/281962/2026
Category: B2
Sector: Industrial Projects - 2
Date of Submission:
04/05/2026","Production of 3.162 KLD Mahua flower-based out still country liquor manufacturing unit, M/s Bellaguntha Out Still Liquor Shop, in village-Ambapua, Tahsil- Bellaguntha, Dist.- Ganjam",ODISHA,HEMA SAHU,SEIAA,EC Rejected,ODISHA,5(g) Distilleries
36,SIA/OR/IND2/575859/2026,"Clearance Type: Application for Validity Extension of EC- Form-6
S/W No.: SW/281433/2026
Category: B2
Sector: Industrial Projects - 2
Date of Submission:
04/05/2026","Production of 2.214 KLD Mahua flower-based out still country liquor manufacturing unit, M/s Morabai Out Still Liquor Shop, in village Morabai, Tahsil- Purushottampur, Dist.- Ganjam",ODISHA,HEMA SAHU,SEIAA,EC Granted,ODISHA,5(g) Distilleries
37,SIA/OR/IND2/575548/2026,"Clearance Type: Application for Validity Extension of EC- Form-6
S/W No.: SW/281138/2026
Category: B2
Sector: Industrial Projects - 2
Date of Submission:
04/05/2026","Production of 0.948 KLD Mahua flower-based out still country liquor manufacturing unit, M/s Nandika Out Still Liquor Shop, in village Morabai, Tahsil- Purushottampur, Dist.- Ganjam Single Window",ODISHA,HEMA SAHU,SEIAA,Proposal pulled back (withdrawn),ODISHA,5(g) Distilleries
38,SIA/OR/IND2/575585/2026,"Clearance Type: Application for Validity Extension of EC- Form-6
S/W No.: SW/281178/2026
Category: B2
Sector: Industrial Projects - 2
Date of Submission:
02/05/2026","PRODUCTION OF 3.792 KLD MAHUA FLOWER BASED OUT STILL COUNTRY LIQUOR MANUFACTURING UNIT OF POLASARA MAIN OUT STILL LIQUOR SHOP, AT- HATIBADI, TAHASIL- POLASARA, DISTRICT- GANJAM OF LICENSEE SRI ARDHENDU SUNDAR SAHU.",ODISHA,ARDHENDU SAHU,SEIAA,EC Granted,ODISHA,5(g) Distilleries
39,SIA/OR/IND2/573965/2026,"Clearance Type: Application for Validity Extension of EC- Form-6
S/W No.: SW/279776/2026
Category: B2
Sector: Industrial Projects - 2
Date of Submission:
02/05/2026","Application for validity Extension of Environmental Clearance (EC) of 2.148 KLD Mahua Flower Based Country Liquor Manufacturing Unit M/s Gokharkuda Main Out Still Shop At/Mouza- Gokharkuda, Tahasil- Ganjam, Dist- Ganjam in favour of Sri. Kailash Mohapatra",ODISHA,KAILASH MAHAPATRA,SEIAA,EC Granted,ODISHA,5(g) Distilleries
40,SIA/OR/IND2/573956/2026,"Clearance Type: Application for Validity Extension of EC- Form-6
S/W No.: SW/279761/2026
Category: B2
Sector: Industrial Projects - 2
Date of Submission:
24/04/2026","Proposal for validity extension of environmental Clearance (EC) for production of 1.58 KLD Mahua Flower based country liquor manufacturing unit M/s Saurapalli Main Out Still Liquor Shop in village- Saurapalli, Dis- Ganjam in favour of Sri Raghubeer Panigrahi.",ODISHA,RAGHUBEER PANIGRAHY,SEIAA,EC Granted,ODISHA,5(g) Distilleries
41,SIA/OR/IND2/573954/2026,"Clearance Type: Application for Validity Extension of EC- Form-6
S/W No.: SW/279758/2026
Category: B2
Sector: Industrial Projects - 2
Date of Submission:
24/04/2026","Proposal for validity extension of environmental Clearance (EC) for production of 3.791KLD Mahua Flower based country liquor manufacturing unit M/s Kodala Main Out Still Liquor Shop in village- Kodala, Tahasil- Beguniapada, Dist.- Ganjam in favour of Smt Susama Panigrahi.",ODISHA,SUSAMA PANIGRAHY,SEIAA,EC Granted,ODISHA,5(g) Distilleries
42,SIA/OR/IND2/573925/2026,"Clearance Type: Application for Validity Extension of EC- Form-6
S/W No.: SW/279732/2026
Category: B2
Sector: Industrial Projects - 2
Date of Submission:
18/04/2026","Application for validity extension of Environment Clearance for production of 1.0 KLD Mahua Flower based Country Liquor Manufacturing Unit M/s Pratapur Main Out Still Shop AT- Pratapur, Po/Ps- Purushottampur, Dist- Ganjam in favour of Bira Kishore Pradhan.",ODISHA,SRI BIRAKISHORE PRADHAN,SEIAA,EC Granted,ODISHA,5(g) Distilleries
43,SIA/OR/IND2/573927/2026,"Clearance Type: Application for Validity Extension of EC- Form-6
S/W No.: SW/279733/2026
Category: B2
Sector: Industrial Projects - 2
Date of Submission:
18/04/2026","Application for validity extension of Environmental Clearance for production of 1.0 KLD Mahua Flower Based Country Liquor Manufacturing Unit M/s Purushottampur Main Out Still Shop At- Purushottampur, Po/Ps- Purushottampur, Dist- Ganjam, in favour of Sri Bira Kishore Pradhan",ODISHA,SRI BIRAKISHORE PRADHAN,SEIAA,EC Granted,ODISHA,5(g) Distilleries
44,SIA/OR/IND2/575428/2026,"Clearance Type: Application for Validity Extension of EC- Form-6
S/W No.: SW/281031/2026
Category: B2
Sector: Industrial Projects - 2
Date of Submission:
11/04/2026","Application for Environmental Clearance validity Extension of 4.74 KLD Mahua Flower based country liquor Manufacturing unit M/s Kabisuryanagar Main Out Still Liquor Shop At- Nageswar Marg, Ps/Po/Tahasil- Kabisuryanagar, District- Ganjam of the Licensee Sri. Simanchal Sahu.",ODISHA,SIMANCHAL SAHU.,SEIAA,EC Granted,ODISHA,5(g) Distilleries
45,SIA/OR/IND2/574013/2026,"Clearance Type: Application for Validity Extension of EC- Form-6
S/W No.: SW/279818/2026
Category: B2
Sector: Industrial Projects - 2
Date of Submission:
30/03/2026",Validity extension of environmental clearance for production of country liquor from the manufacturing unit of M/s New Anantei Main O.S. Shop of Sri Sisir Kumar Bishoyi.,ODISHA,SISIR KMAR BISHOYI,SEIAA,EC Granted,ODISHA,5(g) Distilleries
46,SIA/OR/IND2/574009/2026,"Clearance Type: Application for Validity Extension of EC- Form-6
S/W No.: SW/279811/2026
Category: B2
Sector: Industrial Projects - 2
Date of Submission:
30/03/2026",Validity extension of environmental clearance for production of country liquor from the manufacturing unit of M/s Dengapadar Main O.S. Shop of Smt. Tapoi Mallik.,ODISHA,TOPAI MALLIK,SEIAA,EC Granted,ODISHA,5(g) Distilleries
47,SIA/OR/IND2/574003/2026,"Clearance Type: Application for Validity Extension of EC- Form-6
S/W No.: SW/257094/2025
Category: B2
Sector: Industrial Projects - 2
Date of Submission:
30/03/2026",Environmental Clearance for production of country liquor from the manufacturing unit of M/s Langaleswar O.S. Shop of Sri Srikanta Kumar Parida.,ODISHA,srikanta kumar parida,SEIAA,"DELISTED BY SYSTEM
(at : 06/07/2026)",ODISHA,5(g) Distilleries
48,SIA/OR/IND2/573910/2026,"Clearance Type: Application for Validity Extension of EC- Form-6
S/W No.: SW/279717/2026
Category: B2
Sector: Industrial Projects - 2
Date of Submission:
28/03/2026",Validity extension of environmental clearance for production of country liquor from manufacturing unit of M/s C. Saradhapur O.S. Shop of Sri Shyam Sundar Sahu .,ODISHA,SHYAM SUNDAR SAHU,SEIAA,EC Granted,ODISHA,5(g) Distilleries
49,SIA/OR/IND2/573906/2026,"Clearance Type: Application for Validity Extension of EC- Form-6
S/W No.: SW/279711/2026
Category: B2
Sector: Industrial Projects - 2
Date of Submission:
28/03/2026",Validity extension of environmental clearance for production country liquor from the manufacturing unit of M/s Golanthara O.S. Shop of Sri Shyamaghana Sahu,ODISHA,SRI SHAMAGHANA SAHU,SEIAA,EC Granted,ODISHA,5(g) Distilleries
50,SIA/OR/IND2/573894/2026,"Clearance Type: Application for Validity Extension of EC- Form-6
S/W No.: SW/279700/2026
Category: B2
Sector: Industrial Projects - 2
Date of Submission:
28/03/2026",Validity extension of environmental clearance for production of country liquor from the manufacturing unit of M/s Jugudi O.S. Shop of Sri Shyamaghana Sahu .,ODISHA,SRI SHAMAGHANA SAHU,SEIAA,EC Granted,ODISHA,5(g) Distilleries
51,SIA/OR/IND2/573861/2026,"Clearance Type: Application for Validity Extension of EC- Form-6
S/W No.: SW/279687/2026
Category: B2
Sector: Industrial Projects - 2
Date of Submission:
27/03/2026",Validity Extension of environmental clearance for production country liquor from the manufacturing unit of M/s Digapahandi O.S. Shop of Sri Udhaba Sahu.,ODISHA,SRI UDHAB SAHU,SEIAA,EC Granted,ODISHA,5(g) Distilleries
52,SIA/OR/IND2/573859/2026,"Clearance Type: Application for Validity Extension of EC- Form-6
S/W No.: SW/279685/2026
Category: B2
Sector: Industrial Projects - 2
Date of Submission:
27/03/2026",Validity Extension of environmental clearance for production country liquor from the manufacturing unit of M/s Basudevpur O.S. Shop of Sri Udhaba Sahu.,ODISHA,SRI UDHAB SAHU,SEIAA,EC Granted,ODISHA,5(g) Distilleries
53,SIA/OR/IND2/573858/2026,"Clearance Type: Application for Validity Extension of EC- Form-6
S/W No.: SW/279684/2026
Category: B2
Sector: Industrial Projects - 2
Date of Submission:
27/03/2026",Validity extension of environmental clearance for production of country liquor from the manufacturing unit of M/s Pattapur O.S. Shop of Sri Barun Kumar Pradhan & others,ODISHA,BARUNA KUMAR PRADHAN,SEIAA,EC Granted,ODISHA,5(g) Distilleries
54,SIA/OR/IND2/573760/2026,"Clearance Type: Application for Validity Extension of EC- Form-6
S/W No.: SW/279604/2026
Category: B2
Sector: Industrial Projects - 2
Date of Submission:
27/03/2026",Validity extension of environmental clearance for production of Country Liquor from the manufacturing unit of M/s Kusumi O.S. Shop of Sri G Guru Prasad Reddy,ODISHA,G GURU PRASAD REDDY,SEIAA,EC Granted,ODISHA,5(g) Distilleries
55,SIA/OR/IND2/573754/2026,"Clearance Type: Application for Validity Extension of EC- Form-6
S/W No.: SW/279597/2026
Category: B2
Sector: Industrial Projects - 2
Date of Submission:
27/03/2026",Validity Extension of environmental clearance for production country liquor from the manufacturing unit of M/s Badakushasthali O.S. Shop of Sri G. Guru Prasad Reddy.,ODISHA,G GURU PRASAD REDDY,SEIAA,EC Granted,ODISHA,5(g) Distilleries
56,SIA/OR/IND2/573600/2026,"Clearance Type: Application for Transfer of EC- Form-7
S/W No.: SW/279455/2026
Category: B2
Sector: Industrial Projects - 2
Date of Submission:
25/03/2026",Transfer of Environmental Clearance for production of Country Liquor from the manufacturing Unit of M/s Kechhupani OS Shop to in favor of Arati Sahu.,ODISHA,Arati sahu,SEIAA,EC Granted,ODISHA,5(g) Distilleries
57,SIA/OR/IND2/569090/2026,"Clearance Type: Application for Validity Extension of EC- Form-6
S/W No.: SW/275512/2026
Category: B2
Sector: Industrial Projects - 2
Date of Submission:
13/02/2026","Re-consideration for Validity extension of Environmental Clearance for Production of Mahua Flower Based Country Liquor from the manufacturing unit of M/s Punada (Ghatagaon) Main Out Still Liquor Shop At- Punada, Ps/ Tahasil- Hinjilicut, District- Ganjam of Sri Durga Madhab Sahu.",ODISHA,Durga Madhab Sahu,SEIAA,EC Rejected,ODISHA,5(g) Distilleries
58,SIA/OR/IND2/568963/2026,"Clearance Type: Application for Validity Extension of EC- Form-6
S/W No.: SW/265452/2025
Category: B2
Sector: Industrial Projects - 2
Date of Submission:
12/02/2026",Validity extension of environmental clearance for production of country liquor from the manufacturing unit of M/s Bhadrasahi O.S. Shop of Sri Pramod Kumar Jaiswal.,ODISHA,PRAMOD JAISWAL,SEIAA,EC Rejected,ODISHA,5(g) Distilleries
59,SIA/OR/IND2/562294/2026,"Clearance Type: Application for Validity Extension of EC- Form-6
S/W No.: SW/269500/2025
Category: B2
Sector: Industrial Projects - 2
Date of Submission:
15/01/2026","Extension of validity of Environmental Clearance for Production of Mahua Flower Based Country Liquor from the manufacturing unit of M/s Punada (Ghatagaon) Main Out Still Liquor Shop At- Punada, Ps/ Tahasil- Hinjilicut, District- Ganjam of Sri Durga Madhab Sahu.",ODISHA,Durga Madhab Sahu,SEIAA,EC Rejected,ODISHA,5(g) Distilleries
60,SIA/OR/IND2/562631/2025,"Clearance Type: Application for EC (Category A, B1, and B2 Violation)- Form 1
S/W No.: SW/204344/2024
Category: B1
Sector: Industrial Projects - 2
Date of Submission:
22/12/2025",Expansion of Grain Based Ethanol Plant from 360 KLD to 540KLD with Coal based Power Plant of 9 MW by M/s Mash Bio-Fuels Private Limited,ODISHA,M/S MASH BIO-FUELS PVT. LTD.,SEIAA,"DELISTED BY SYSTEM
(at : 19/06/2026)",ODISHA,5(g) Distilleries
61,SIA/OR/IND2/559692/2025,"Clearance Type: Application for Validity Extension of EC- Form-6
S/W No.: SW/267064/2025
Category: B2
Sector: Industrial Projects - 2
Date of Submission:
26/11/2025",Validity extension of environmental clearance for production of country liquor from the manufacturing unit of M/s Ganjam O.S. Shop of Smt. T sridevi Patra.,ODISHA,T SRIDEVI PATRO,SEIAA,EC Rejected,ODISHA,5(g) Distilleries
62,SIA/OR/IND2/559652/2025,"Clearance Type: Application for Validity Extension of EC- Form-6
S/W No.: SW/267033/2025
Category: B2
Sector: Industrial Projects - 2
Date of Submission:
26/11/2025",Validity extension of environmental clearance for production of country liquor from the manufacturing unit of M/s Sana Ramachandrapur O.S. Shop of Smt. T Sridevi Patra.,ODISHA,T SRIDEVI PATRO,SEIAA,EC Rejected,ODISHA,5(g) Distilleries
63,SIA/OR/IND2/557867/2025,"Clearance Type: Application for Validity Extension of EC- Form-6
S/W No.: SW/265452/2025
Category: B2
Sector: Industrial Projects - 2
Date of Submission:
12/11/2025",Validity extension of environmental clearance for production of country liquor from the manufacturing unit of M/s Bhadrasahi O.S. Shop of Sri Pramod Kumar Jaiswal.,ODISHA,PRAMOD JAISWAL,SEIAA,EC Rejected,ODISHA,5(g) Distilleries
64,SIA/OR/IND2/554583/2025,"Clearance Type: Application for ToR (Category A, B1, and B2 Violation)/EC (Category B2) - Form 1
S/W No.: SW/262446/2025
Category: B2
Sector: Industrial Projects - 2
Date of Submission:
15/10/2025","Application of Environmental Clearance for production of 2.70 KLD Mahua flower based out still country liquor manufacturing unit of M/s Odiamunda Main out still liquor shop At/ Village- Odiamunda, Tahasil- Madanpur Rampur, District- Kalahandi in favor of Aman Raj, Suman Kumari.",ODISHA,AMAN RAJ SUMAN KUMArI,SEIAA,ADS Raised,ODISHA,5(g) Distilleries
65,SIA/OR/IND2/554450/2025,"Clearance Type: Application for ToR (Category A, B1, and B2 Violation)/EC (Category B2) - Form 1
S/W No.: SW/262448/2025
Category: B2
Sector: Industrial Projects - 2
Date of Submission:
15/10/2025","Application of Environmental Clearance for production of 0.54 KLD Mahua flower based out still country liquor manufacturing unit of M/s Sanpitamal Main out still liquor shop At/ Village- Sanpitamal, Tahasil- Madanpur Rampur, District- Kalahandi in favor of Aman Raj, Suman Kumari.",ODISHA,AMAN RAJ SUMAN KUMArI,SEIAA,ADS Raised,ODISHA,5(g) Distilleries
66,SIA/OR/IND2/554547/2025,"Clearance Type: Application for ToR (Category A, B1, and B2 Violation)/EC (Category B2) - Form 1
S/W No.: SW/262418/2025
Category: B2
Sector: Industrial Projects - 2
Date of Submission:
15/10/2025","Application of Environmental Clearance for production of 1.35 KLD Mahua flower based out still country liquor manufacturing unit of M/s Madanpur Rampur Main out still liquor shop At/ Village- Madanpur Rampur, Tahasil- Madanpur Rampur, District- Kalahandi in favor of Aman Raj, Suman Kumari.",ODISHA,AMAN RAJ SUMAN KUMArI,SEIAA,ADS Raised,ODISHA,5(g) Distilleries
67,SIA/OR/IND2/554576/2025,"Clearance Type: Application for ToR (Category A, B1, and B2 Violation)/EC (Category B2) - Form 1
S/W No.: SW/262415/2025
Category: B2
Sector: Industrial Projects - 2
Date of Submission:
15/10/2025","Application of Environmental Clearance for production of 0.81 KLD Mahua flower based out still country liquor manufacturing unit of M/s Mohangiri Main out still liquor shop At/ Village- Mohangiri, Tahasil- Madanpur Rampur, District- Kalahandi in favor of Aman Raj, Suman Kumari.",ODISHA,AMAN RAJ SUMAN KUMArI,SEIAA,ADS Raised,ODISHA,5(g) Distilleries
68,SIA/OR/IND2/554479/2025,"Clearance Type: Application for ToR (Category A, B1, and B2 Violation)/EC (Category B2) - Form 1
S/W No.: SW/262410/2025
Category: B2
Sector: Industrial Projects - 2
Date of Submission:
15/10/2025","Application of Environmental Clearance for production of 1.08 KLD Mahua flower based out still country liquor manufacturing unit of M/s Kusurla Main out still liquor shop At/ Village- Kusurla, Tahasil- Karlamunda, District- Kalahandi in favor of Aman Raj, Suman Kumari.",ODISHA,AMAN RAJ SUMAN KUMArI,SEIAA,ADS Raised,ODISHA,5(g) Distilleries
69,SIA/OR/IND2/554397/2025,"Clearance Type: Application for ToR (Category A, B1, and B2 Violation)/EC (Category B2) - Form 1
S/W No.: SW/262408/2025
Category: B2
Sector: Industrial Projects - 2
Date of Submission:
15/10/2025","Application of Environmental Clearance for production of 0.81 KLD Mahua flower based out still country liquor manufacturing unit of M/s Harlanga Main out still liquor shop At/ Village- Harlanga, Tahasil- Madanpur Rampur, District- Kalahandi in favor of Aman Raj, Suman Kumari.",ODISHA,AMAN RAJ SUMAN KUMArI,SEIAA,ADS Raised,ODISHA,5(g) Distilleries
70,SIA/OR/IND2/554657/2025,"Clearance Type: Application for Validity Extension of EC- Form-6
S/W No.: SW/262679/2025
Category: B2
Sector: Industrial Projects - 2
Date of Submission:
09/10/2025",Validity extension of environmental clearance for production of country liquor from the manufacturing unit of M/s Jaleswarpur O.S. Shop of Sri Smruti Ranjan Sahu.,ODISHA,SMRUTI RANJAN SAHU,SEIAA,EC Granted,ODISHA,5(g) Distilleries
71,SIA/OR/IND2/552013/2025,"Clearance Type: Application for Validity Extension of EC- Form-6
S/W No.: SW/260372/2025
Category: B2
Sector: Industrial Projects - 2
Date of Submission:
17/09/2025",Validity extension of environmental clearance for production of country liquor from the manufacturing unit of M/s Mahuda O.S. Shop of Sri Dusmanta Palai.,ODISHA,SRI DUSMANTHA KUMAR PALAI,SEIAA,EC Granted,ODISHA,5(g) Distilleries
72,SIA/OR/IND2/552012/2025,"Clearance Type: Application for Validity Extension of EC- Form-6
S/W No.: SW/260370/2025
Category: B2
Sector: Industrial Projects - 2
Date of Submission:
17/09/2025",Validity extension of environmental clearance for production of country liquor from the manufacturing unit of M/s Khallikote O.S. Shop of Smt. Geetanjali Bisoi .,ODISHA,GEETANJALI BISOI,SEIAA,EC Granted,ODISHA,5(g) Distilleries
73,SIA/OR/IND2/551024/2025,"Clearance Type: Application for Validity Extension of EC- Form-6
S/W No.: SW/259553/2025
Category: B2
Sector: Industrial Projects - 2
Date of Submission:
10/09/2025","Application for Extension of validity of Environmental Clearance for Production of 0.948 KLD Mahua Flower Based Out still Country Liquor Manufacturing unit of M/s Kalasandhapur Main Out Still Liquor Shop At/ Po/Ps- Hinjilicut, District- Ganjam of the Licensee Smt. Kalia Sethi.",ODISHA,KALIA SETHI,SEIAA,EC Rejected,ODISHA,5(g) Distilleries
74,SIA/OR/IND2/550828/2025,"Clearance Type: Application for Validity Extension of EC- Form-6
S/W No.: SW/259366/2025
Category: B2
Sector: Industrial Projects - 2
Date of Submission:
09/09/2025","Application for Extension of validity of Environmental Clearance for Production of 2.37 KLD Mahua Flower Based Out still Country Liquor Manufacturing unit of M/s Pitala (Pakidi) Main Out Still Liquor Shop At- Regidisahi, Po/Ps- Hinjilicut, District- Ganjam of the Licensee Smt. Kalia Sethi.",ODISHA,KALIA SETHI,SEIAA,EC Granted,ODISHA,5(g) Distilleries
75,SIA/OR/IND2/550814/2025,"Clearance Type: Application for Validity Extension of EC- Form-6
S/W No.: SW/259361/2025
Category: B2
Sector: Industrial Projects - 2
Date of Submission:
09/09/2025","Application for Extension of validity of Environmental Clearance for Production of 3.48 KLD Mahua Flower Based Out still Country Liquor Manufacturing unit of M/s Hinjilicut Main Out Still Liquor Shop At/ Tahasil- Hinjilicut, District- Ganjam of the Licensee Smt. Kalia Sethi.",ODISHA,KALIA SETHI,SEIAA,EC Granted,ODISHA,5(g) Distilleries
76,SIA/OR/IND2/550821/2025,"Clearance Type: Application for Validity Extension of EC- Form-6
S/W No.: SW/259365/2025
Category: B2
Sector: Industrial Projects - 2
Date of Submission:
09/09/2025","Application for Extension of validity of Environmental Clearance for Production of 1.422 KLD Mahua Flower Based Out still Country Liquor Manufacturing unit of M/s Badakhandi Main Out Still Liquor Shop At/ Tahasil - Hinjilicut, District- Ganjam of the Licensee Smt. Kalia Sethi.",ODISHA,KALIA SETHI,SEIAA,EC Granted,ODISHA,5(g) Distilleries
77,SIA/OR/IND2/549854/2025,"Clearance Type: Application for Validity Extension of EC- Form-6
S/W No.: SW/258484/2025
Category: B2
Sector: Industrial Projects - 2
Date of Submission:
30/08/2025","Application for Extension of validity of 0.636 KLD mahua flower based country liquor manufacturing unit, M/s Govindapur Main Out Still Shop, at- Govindapur, Tahasil- Sorada, Dist.-Ganjam in favor of Sri Sanjay Prasad.",ODISHA,SANJAYA PRASAD,SEIAA,EC Granted,ODISHA,5(g) Distilleries
78,SIA/OR/IND2/549848/2025,"Clearance Type: Application for Validity Extension of EC- Form-6
S/W No.: SW/258479/2025
Category: B2
Sector: Industrial Projects - 2
Date of Submission:
30/08/2025","Application for validity extension of Environmental Clearance (EC) for 1.266 KLD Mahua Flower Based Country Liquor Manufacturing Unit, M/s Tarasingi Main Out Still Shop At- Samarada, Ps- Tarasingi, Dist- Ganjam in favour of Bhagirathi Sahu.",ODISHA,BHAGIRATHI SAHU,SEIAA,EC Granted,ODISHA,5(g) Distilleries
79,SIA/OR/IND2/549849/2025,"Clearance Type: Application for Validity Extension of EC- Form-6
S/W No.: SW/258482/2025
Category: B2
Sector: Industrial Projects - 2
Date of Submission:
30/08/2025","Application for validity extension of Environmental Clearance for 0.948 KLD Mahua Flower Based Country Liquor Manufacturing Unit M/s Gallery Main Out Still Shop At- Samarada, Ps- Tarasingi, Dist- Ganjam in the favour of Sri Bhagirathi Sahu",ODISHA,BHAGIRATHI SAHU,SEIAA,EC Granted,ODISHA,5(g) Distilleries
80,SIA/OR/IND2/549571/2025,"Clearance Type: Application for Validity Extension of EC- Form-6
S/W No.: SW/258244/2025
Category: B2
Sector: Industrial Projects - 2
Date of Submission:
30/08/2025","Application for validity Extension of Environmental Clearance of 0.636 KLD Mahua Flower Based Country Liquor Manufacturing Unit M/s Pangidi Main Out Still Liquor Shop at Pangidi, Ps- Buguda, Dist- Ganjam in favour of Sri Susanta Kumar Mohapatra.",ODISHA,SUSANTA KUMAR MAHAPATRA,SEIAA,EC Granted,ODISHA,5(g) Distilleries
81,SIA/OR/IND2/549838/2025,"Clearance Type: Application for Validity Extension of EC- Form-6
S/W No.: SW/258268/2025
Category: B2
Sector: Industrial Projects - 2
Date of Submission:
30/08/2025","Application for validity extension of 1.0 KLD mahua flower based country liquor manufacturing unit M/s Surangi Main Out Still Shop At- Surangigada, Tahasil- Patrapur, Dist- Ganjam in favour of Smt. Sulekha Padhy",ODISHA,SULEKHA PADHY,SEIAA,EC Granted,ODISHA,5(g) Distilleries
82,SIA/OR/IND2/549581/2025,"Clearance Type: Application for Validity Extension of EC- Form-6
S/W No.: SW/258250/2025
Category: B2
Sector: Industrial Projects - 2
Date of Submission:
29/08/2025","Application for validity extension of Environmental Clearance for production 0.6KLD Mahua Flower Based Country Liquor Manufacturing Unit M/s Jagannathprasad Main Out Still Shop At/Ps- Jagannathprasad, Dist- Ganjam in favour of Jogendra Prasad",ODISHA,JOGENDRA PRASAD,SEIAA,EC Granted,ODISHA,5(g) Distilleries
83,SIA/OR/IND2/549715/2025,"Clearance Type: Application for Validity Extension of EC- Form-6
S/W No.: SW/258363/2025
Category: B2
Sector: Industrial Projects - 2
Date of Submission:
29/08/2025","Application for Validity extension of 2.532 KLD mahua flower based liquor manufacturing Unit M/s Mudulipalli Main Out Still Liquor At- Mudulipalli, Po/Ps- Bhanjanagar, Dist- Ganjam in the favour of Sri Sanjaya Prasad.",ODISHA,SANJAYA PRASAD,SEIAA,EC Granted,ODISHA,5(g) Distilleries
84,SIA/OR/IND2/549589/2025,"Clearance Type: Application for Validity Extension of EC- Form-6
S/W No.: SW/258259/2025
Category: B2
Sector: Industrial Projects - 2
Date of Submission:
29/08/2025","Application for validity Extension of Environmental Clearance (EC) of 1.266 KLD Mahua Flower Based Country Liquor Manufacturing Unit M/s Karachuli Main Out Still Shop at Karachuli, Mauza- Gahanapali, Tahasil- Buguda, Dist- Ganjam in favour of Smt. Namita Kumari Biswal.",ODISHA,NAMITA KUMARI BISWAL,SEIAA,EC Granted,ODISHA,5(g) Distilleries
85,SIA/OR/IND2/549578/2025,"Clearance Type: Application for Validity Extension of EC- Form-6
S/W No.: SW/258247/2025
Category: B2
Sector: Industrial Projects - 2
Date of Submission:
28/08/2025","Application for EC validity extension of 3.822 KLD Mahua Flower based country liquor manufacturing unit M/s Karapada Main Out Still Shop, At common distillation center Jagannathpur Village Ps- Chhatrapur, Ganjam in favour of J. Sabitri Reddy.",ODISHA,J SABITRI REDDY,SEIAA,EC Granted,ODISHA,5(g) Distilleries
86,SIA/OR/IND2/549556/2025,"Clearance Type: Application for Validity Extension of EC- Form-6
S/W No.: SW/258227/2025
Category: B2
Sector: Industrial Projects - 2
Date of Submission:
28/08/2025","Application for validity extension of Environmental Clearance (EC) of 2.058 KLD Mahua Flower Based Country Liquor Manufacturing unit, M/s Jagannathpur Main Out Still Shop, At common distillation center Jagannathpur, Ps- Chhatrapur, Ganjam in favour of J Sabitri Reddy.",ODISHA,J SABITRI REDDY,SEIAA,EC Granted,ODISHA,5(g) Distilleries
87,SIA/OR/IND2/549209/2025,"Clearance Type: Application for Validity Extension of EC- Form-6
S/W No.: SW/257918/2025
Category: B2
Sector: Industrial Projects - 2
Date of Submission:
25/08/2025","Application for validity extension of Environment Clearance for production of 1.0 KLD Mahua Flower based Country Liquor Manufacturing Unit M/s Pratapur Main Out Still Shop AT- Pratapur, Po/Ps- Purushottampur, Dist- Ganjam in favour of Bira Kishore Pradhan.",ODISHA,SRI BIRAKISHORE PRADHAN,SEIAA,EC Granted,ODISHA,5(g) Distilleries
88,SIA/OR/IND2/549195/2025,"Clearance Type: Application for Validity Extension of EC- Form-6
S/W No.: SW/257907/2025
Category: B2
Sector: Industrial Projects - 2
Date of Submission:
25/08/2025","Application for validity extension of Environmental Clearance for production of 1.0 KLD Mahua Flower Based Country Liquor Manufacturing Unit M/s Purushottampur Main Out Still Shop At- Purushottampur, Po/Ps- Purushottampur, Dist- Ganjam, in favour of Sri Bira Kishore Pradhan",ODISHA,SRI BIRAKISHORE PRADHAN,SEIAA,EC Granted,ODISHA,5(g) Distilleries
89,SIA/OR/IND2/548940/2025,"Clearance Type: Application for Validity Extension of EC- Form-6
S/W No.: SW/257663/2025
Category: B2
Sector: Industrial Projects - 2
Date of Submission:
22/08/2025","Proposal for validity extension of environmental Clearance (EC) for production of 1.0 KLD Mahua Flower based country liquor manufacturing unit M/s Durbandha Main Out Still Liquor Shop in village- Kanchuru, Tahasil- Hinjilicut, Dis- Ganjam in favour of Smt Salma Khan.",ODISHA,SALMA KHAN,SEIAA,EC Granted,ODISHA,5(g) Distilleries
90,SIA/OR/IND2/548935/2025,"Clearance Type: Application for Validity Extension of EC- Form-6
S/W No.: SW/257626/2025
Category: B2
Sector: Industrial Projects - 2
Date of Submission:
22/08/2025","Proposal for validity extension of environmental Clearance (EC) for production of 3.791KLD Mahua Flower based country liquor manufacturing unit M/s Kodala Main Out Still Liquor Shop in village- Kodala, Tahasil- Beguniapada, Dist.- Ganjam in favour of Smt Susama Panigrahi.",ODISHA,SUSAMA PANIGRAHY,SEIAA,EC Granted,ODISHA,5(g) Distilleries
91,SIA/OR/IND2/548888/2025,"Clearance Type: Application for Validity Extension of EC- Form-6
S/W No.: SW/257616/2025
Category: B2
Sector: Industrial Projects - 2
Date of Submission:
21/08/2025","Proposal for validity extension of environmental Clearance (EC) for production of 1.58 KLD Mahua Flower based country liquor manufacturing unit M/s Saurapalli Main Out Still Liquor Shop in village- Saurapalli, Dis- Ganjam in favour of Sri Raghubeer Panigrahi.",ODISHA,RAGHUBEER PANIGRAHY,SEIAA,EC Granted,ODISHA,5(g) Distilleries
92,SIA/OR/IND2/548503/2025,"Clearance Type: Application for Validity Extension of EC- Form-6
S/W No.: SW/257261/2025
Category: B2
Sector: Industrial Projects - 2
Date of Submission:
18/08/2025","Extension of Validity of EC for Production of 1.0 KLD mahua flower based out still country liquor manufacturing unit of M/s Borigaon Main O.S Shop at- Borigaon, Tahasil- Kukudakhandi, Dist.- Ganjam of Sri Rajendra Kumar Patro",ODISHA,RAJENDRA KUMAR PATRA,SEIAA,EC Granted,ODISHA,5(g) Distilleries
93,SIA/OR/IND2/548425/2025,"Clearance Type: Application for Validity Extension of EC- Form-6
S/W No.: SW/257198/2025
Category: B2
Sector: Industrial Projects - 2
Date of Submission:
18/08/2025","Proposal for Extension of validity of EC for production of 1.0 KLD Mahua Flower Based country Liquor manufacturing unit at village-Bhatakumarada, Tahasil-Purusottampur, Dist-Ganjam of Sri Ramesh Chandra Sahu",ODISHA,RAMESH SAHU,SEIAA,EC Granted,ODISHA,5(g) Distilleries
94,SIA/OR/IND2/548403/2025,"Clearance Type: Application for Validity Extension of EC- Form-6
S/W No.: SW/257175/2025
Category: B2
Sector: Industrial Projects - 2
Date of Submission:
18/08/2025","Proposal for Extension of validity of EC for Production of 2.064 KLD Mahua Flower Based Country Liquor Manufacturing Unit,Baradi(Tatabali) Main Out Still Liquor Shop, at village-Baradi (Tatabali), Tahasil- Sorada, Dist-Ganjam of Sri Rajendra Kumar Sahu",ODISHA,RAJENDRA SAHU,SEIAA,EC Granted,ODISHA,5(g) Distilleries
95,SIA/OR/IND2/548363/2025,"Clearance Type: Application for Validity Extension of EC- Form-6
S/W No.: SW/257143/2025
Category: B2
Sector: Industrial Projects - 2
Date of Submission:
17/08/2025",Validity extension of environmental clearance for production country liquor from manufacturing unit of Chandanabada O.S. Shop of Sri Yelamachi Tukaram,ODISHA,Y TUKARAM,SEIAA,EC Granted,ODISHA,5(g) Distilleries
96,SIA/OR/IND2/548362/2025,"Clearance Type: Application for Validity Extension of EC- Form-6
S/W No.: SW/257142/2025
Category: B2
Sector: Industrial Projects - 2
Date of Submission:
17/08/2025",Validity extension of environmental clearance for production of country liquor from the manufacturing unit of M/s Hatipada O.S. Shop of Ranga Heremba Reddy,ODISHA,R HERAMBA REDDY,SEIAA,EC Granted,ODISHA,5(g) Distilleries
97,SIA/OR/IND2/548361/2025,"Clearance Type: Application for Validity Extension of EC- Form-6
S/W No.: SW/257141/2025
Category: B2
Sector: Industrial Projects - 2
Date of Submission:
17/08/2025",Validity extension of environmental clearance for production of country liquor from the manufacturing unit of M/s Kalabada O.S. Shop of Sri B Mohan Rao,ODISHA,SRI B MOHAN RAO,SEIAA,EC Granted,ODISHA,5(g) Distilleries
98,SIA/OR/IND2/548305/2025,"Clearance Type: Application for ToR (Category A, B1, and B2 Violation)/EC (Category B2) - Form 1
S/W No.: SW/257094/2025
Category: B2
Sector: Industrial Projects - 2
Date of Submission:
17/08/2025",Environmental Clearance for production of country liquor from the manufacturing unit of M/s Langaleswar O.S. Shop of Sri Srikanta Kumar Parida.,ODISHA,srikanta kumar parida,SEIAA,EC Granted,ODISHA,5(g) Distilleries
99,SIA/OR/IND2/546861/2025,"Clearance Type: Application for Validity Extension of EC- Form-6
S/W No.: SW/255651/2025
Category: B2
Sector: Industrial Projects - 2
Date of Submission:
02/08/2025","Application for Extension of validity of Environmental Clearance (EC) for Production of 0.948 KLD Mahua Flower Based Out still Country Liquor Manufacturing unit of M/s Bhutasarasingi Main Out Still Liquor Shop At- Bhutasarasingi, Po/Ps- Purushottampur, District- Ganjam of the Licensee Sri. Premananda Sahu.",ODISHA,PREMANADA SAHU,SEIAA,EC Granted,ODISHA,5(g) Distilleries
100,SIA/OR/IND2/537805/2025,"Clearance Type: Application for Validity Extension of EC- Form-6
S/W No.: SW/247424/2025
Category: B2
Sector: Industrial Projects - 2
Date of Submission:
19/07/2025","Application for validity extension of Environmental Clearance (EC) for 1.0 KLD Mahua Flower Based Country Liquor Manufacturing Unit, M/s Keranditola Main Out Still Shop At- Keranditola, Tahasil- Chhatrapur, Dist- Ganjam in favour of Sri. J Chenneya Reddy",ODISHA,J CHENNEYA REDDY,SEIAA,EC Granted,ODISHA,5(g) Distilleries
101,SIA/OR/IND2/545361/2025,"Clearance Type: Application for Validity Extension of EC- Form-6
S/W No.: SW/254338/2025
Category: B2
Sector: Industrial Projects - 2
Date of Submission:
19/07/2025","Application for validity Extension of Environmental Clearance (EC) for Production of 1.0 KLD Mahua Flower Based Out still Country Liquor Manufacturing unit of M/s Bikrampur Main Out Still Liquor Shop At/ Po- Bikrampur, Tahasil- Konisi, District- Ganjam of the Licensee Sri J. Chennaya Reddy.",ODISHA,J CHENNEYA REDDY,SEIAA,EC Granted,ODISHA,5(g) Distilleries
102,SIA/OR/IND2/545224/2025,"Clearance Type: Application for Validity Extension of EC- Form-6
S/W No.: SW/254228/2025
Category: B2
Sector: Industrial Projects - 2
Date of Submission:
18/07/2025","Application for Extension of validity of Environmental Clearance for Production of 1.0 KLD Mahua Flower Based Out still Country Liquor Manufacturing unit of M/s Majhigaon Main Out Still Liquor Shop At- Majhigaon, Tahasil- Konisi, District- Ganjam of the Licensee Sri P Satya Narayana.",ODISHA,P. SATYANARAYANA,SEIAA,EC Granted,ODISHA,5(g) Distilleries
103,SIA/OR/IND2/545195/2025,"Clearance Type: Application for Validity Extension of EC- Form-6
S/W No.: SW/254196/2025
Category: B2
Sector: Industrial Projects - 2
Date of Submission:
18/07/2025","Application for validity Extension of Environmental Clearance (EC) of 2.148 KLD Mahua Flower Based Country Liquor Manufacturing Unit M/s Gokharkuda Main Out Still Shop At/Mouza- Gokharkuda, Tahasil- Ganjam, Dist- Ganjam in favour of Sri. Kailash Mohapatra",ODISHA,KAILASH MAHAPATRA,SEIAA,EC Granted,ODISHA,5(g) Distilleries
104,SIA/OR/IND2/545075/2025,"Clearance Type: Application for Transfer of EC- Form-7
S/W No.: SW/254119/2025
Category: B2
Sector: Industrial Projects - 2
Date of Submission:
17/07/2025",Transfer of Environmental Clearance for production of Country Liquor from the manufacturing Unit of M/s Indupur OS Shop to in favor of Arati Sahu.,ODISHA,Arati sahu,SEIAA,EC Granted,ODISHA,5(g) Distilleries
105,SIA/OR/IND2/545056/2025,"Clearance Type: Application for Transfer of EC- Form-7
S/W No.: SW/254101/2025
Category: B2
Sector: Industrial Projects - 2
Date of Submission:
17/07/2025",Transfer of Environmental Clearance for production of Country Liquor from the manufacturing Unit of M/s Gunupur OS Shop to in favor of Arati Sahu.,ODISHA,Arati sahu,SEIAA,EC Granted,ODISHA,5(g) Distilleries
106,SIA/OR/IND2/544641/2025,"Clearance Type: Application for Validity Extension of EC- Form-6
S/W No.: SW/253724/2025
Category: B2
Sector: Industrial Projects - 2
Date of Submission:
14/07/2025",Validity Extension of environmental clearance for production country liquor from the manufacturing unit of M/s Digapahandi O.S. Shop of Sri Udhaba Sahu.,ODISHA,SRI UDHAB SAHU,SEIAA,EC Granted,ODISHA,5(g) Distilleries
107,SIA/OR/IND2/544640/2025,"Clearance Type: Application for Validity Extension of EC- Form-6
S/W No.: SW/253723/2025
Category: B2
Sector: Industrial Projects - 2
Date of Submission:
14/07/2025",Validity Extension of environmental clearance for production country liquor from the manufacturing unit of M/s Basudevpur O.S. Shop of Sri Udhaba Sahu.,ODISHA,SRI UDHAB SAHU,SEIAA,EC Granted,ODISHA,5(g) Distilleries
108,SIA/OR/IND2/544043/2025,"Clearance Type: Application for Validity Extension of EC- Form-6
S/W No.: SW/253167/2025
Category: B2
Sector: Industrial Projects - 2
Date of Submission:
07/07/2025","Application for Extension of validity of Environmental Clearance for Production of 3.48 KLD Mahua Flower Based Out still Country Liquor Manufacturing unit of M/s Chhatrapur Main Out Still Liquor Shop At/ Ps/Po- Chhatrapur, District- Ganjam of the Licensee Sri. Damburudhar Sahu.",ODISHA,DAMBURUDHAR SAHU,SEIAA,EC Granted,ODISHA,5(g) Distilleries
109,SIA/OR/IND2/544027/2025,"Clearance Type: Application for Validity Extension of EC- Form-6
S/W No.: SW/253155/2025
Category: B2
Sector: Industrial Projects - 2
Date of Submission:
07/07/2025","Application for validity extension of EC for production of 2.532 KLD Mahua Flower based country liquor manufacturing unit, M/s Kanamana Main Out Still liquor Shop At- Kanamana, Tahasil- Chhatrapur, Dist- Ganjam in favour of Prasant Kumar Bisoyi.",ODISHA,PRASANT KUMAR BISOI,SEIAA,EC Granted,ODISHA,5(g) Distilleries
110,SIA/OR/IND2/539339/2025,"Clearance Type: Application for Validity Extension of EC- Form-6
S/W No.: SW/228499/2025
Category: B2
Sector: Industrial Projects - 2
Date of Submission:
06/07/2025","Extension of Validity for Mahua Flower Based Country Liquour Manufacturing Unit,M/s. Podamari main out still liquour Shop at Podamari,Dist-Ganjam of Smt.Rebati Sahu",ODISHA,REBATI SAHU,SEIAA,EC Granted,ODISHA,5(g) Distilleries
111,SIA/OR/IND2/543403/2025,"Clearance Type: Application for Transfer of EC- Form-7
S/W No.: SW/252573/2025
Category: B2
Sector: Industrial Projects - 2
Date of Submission:
02/07/2025",Transfer of Environmental Clearance for production of Country Liquor from the manufacturing Unit of M/s Telenpali OS Shop to in favor of Arati Sahu.,ODISHA,Arati sahu,SEIAA,EC Granted,ODISHA,5(g) Distilleries
112,SIA/OR/IND2/543395/2025,"Clearance Type: Application for Transfer of EC- Form-7
S/W No.: SW/252571/2025
Category: B2
Sector: Industrial Projects - 2
Date of Submission:
02/07/2025",Transfer of Environmental Clearance for production of Country Liquor from the manufacturing Unit of M/s Tamian OS Shop to in favor of Arati Sahu.,ODISHA,Arati sahu,SEIAA,EC Granted,ODISHA,5(g) Distilleries
113,SIA/OR/IND2/543391/2025,"Clearance Type: Application for Transfer of EC- Form-7
S/W No.: SW/252565/2025
Category: B2
Sector: Industrial Projects - 2
Date of Submission:
02/07/2025",Transfer of Environmental Clearance for production of Country Liquor from the manufacturing Unit of M/s Sibtala OS Shop to in favor of Arati Sahu.,ODISHA,Arati sahu,SEIAA,EC Granted,ODISHA,5(g) Distilleries
114,SIA/OR/IND2/543374/2025,"Clearance Type: Application for Transfer of EC- Form-7
S/W No.: SW/252551/2025
Category: B2
Sector: Industrial Projects - 2
Date of Submission:
01/07/2025",Transfer of Environmental Clearance for production of Country Liquor from the manufacturing Unit of M/s Patrapali OS Shop to in favor of Arati Sahu.,ODISHA,Arati sahu,SEIAA,EC Granted,ODISHA,5(g) Distilleries
115,SIA/OR/IND2/543372/2025,"Clearance Type: Application for Transfer of EC- Form-7
S/W No.: SW/252547/2025
Category: B2
Sector: Industrial Projects - 2
Date of Submission:
01/07/2025",Transfer of Environmental Clearance for production of Country Liquor from the manufacturing Unit of M/s Patnagarh OS Shop to in favor of Arati Sahu.,ODISHA,Arati sahu,SEIAA,EC Granted,ODISHA,5(g) Distilleries
116,SIA/OR/IND2/543370/2025,"Clearance Type: Application for Transfer of EC- Form-7
S/W No.: SW/252545/2025
Category: B2
Sector: Industrial Projects - 2
Date of Submission:
01/07/2025",Transfer of Environmental Clearance for production of Country Liquor from the manufacturing Unit of M/s Nehenabandh OS Shop to in favor of Arati Sahu.,ODISHA,Arati sahu,SEIAA,EC Granted,ODISHA,5(g) Distilleries
117,SIA/OR/IND2/543367/2025,"Clearance Type: Application for Transfer of EC- Form-7
S/W No.: SW/252544/2025
Category: B2
Sector: Industrial Projects - 2
Date of Submission:
01/07/2025",Transfer of Environmental Clearance for production of Country Liquor from the manufacturing Unit of M/s Khuntasamalai OS Shop to in favor of Arati Sahu.,ODISHA,Arati sahu,SEIAA,EC Granted,ODISHA,5(g) Distilleries
118,SIA/OR/IND2/543240/2025,"Clearance Type: Application for Transfer of EC- Form-7
S/W No.: SW/252407/2025
Category: B2
Sector: Industrial Projects - 2
Date of Submission:
30/06/2025",Transfer of Environmental Clearance for production of Country Liquor from the manufacturing Unit of M/s Gambhari OS Shop to in favor of Arati Sahu.,ODISHA,Arati sahu,SEIAA,EC Granted,ODISHA,5(g) Distilleries
119,SIA/OR/IND2/543239/2025,"Clearance Type: Application for Transfer of EC- Form-7
S/W No.: SW/252406/2025
Category: B2
Sector: Industrial Projects - 2
Date of Submission:
30/06/2025",Transfer of Environmental Clearance for production of Country Liquor from the manufacturing Unit of M/s Dhandamunda OS Shop to in favor of Arati Sahu.,ODISHA,Arati sahu,SEIAA,EC Granted,ODISHA,5(g) Distilleries
120,SIA/OR/IND2/543113/2025,"Clearance Type: Application for Transfer of EC- Form-7
S/W No.: SW/252285/2025
Category: B2
Sector: Industrial Projects - 2
Date of Submission:
29/06/2025",Transfer of Environmental Clearance for production of Country Liquor from the manufacturing Unit of M/s Chudapali OS Shop to in favor of Arati Sahu.,ODISHA,Arati sahu,SEIAA,EC Granted,ODISHA,5(g) Distilleries
121,SIA/OR/IND2/543109/2025,"Clearance Type: Application for Transfer of EC- Form-7
S/W No.: SW/252283/2025
Category: B2
Sector: Industrial Projects - 2
Date of Submission:
29/06/2025",Transfer of Environmental Clearance for production of Country Liquor from the manufacturing Unit of M/s Bhutiabahal OS Shop to in favor of Arati Sahu.,ODISHA,Arati sahu,SEIAA,EC Granted,ODISHA,5(g) Distilleries
122,SIA/OR/IND2/542904/2025,"Clearance Type: Application for Transfer of EC- Form-7
S/W No.: SW/252085/2025
Category: B2
Sector: Industrial Projects - 2
Date of Submission:
29/06/2025",Transfer of Environmental Clearance for production of Country Liquor from the manufacturing Unit of M/s Bandhapada OS Shop to in favor of Arati Sahu.,ODISHA,Arati sahu,SEIAA,EC Granted,ODISHA,5(g) Distilleries
123,SIA/OR/IND2/542730/2025,"Clearance Type: Application for Validity Extension of EC- Form-6
S/W No.: SW/251930/2025
Category: B2
Sector: Industrial Projects - 2
Date of Submission:
25/06/2025","Application for validity extension of EC for production of 1.896 KLD Mahua Flower Based Country Liquor Manufacturing Unit M/s Gangapur Main Out Still Liquor Shop, At- Mudulipalli, Tahasil- Bhanjanagar, Dist- Ganjam in favour of Sri Sanjaya Prasad",ODISHA,SANJAYA PRASAD,SEIAA,EC Granted,ODISHA,5(g) Distilleries
124,SIA/OR/IND2/542671/2025,"Clearance Type: Application for Validity Extension of EC- Form-6
S/W No.: SW/247260/2025
Category: B2
Sector: Industrial Projects - 2
Date of Submission:
25/06/2025","Application for Environmental Clearance validity Extension of 4.74 KLD Mahua Flower based country liquor Manufacturing unit M/s Kabisuryanagar Main Out Still Liquor Shop At- Nageswar Merg, Ps/Po/Tahasil- Kabisuryanagar, District- Ganjam of the Licensee Sri. Simanchal Sahu.",ODISHA,SIMANCHAL SAHU.,SEIAA,EC Granted,ODISHA,5(g) Distilleries
125,SIA/OR/IND2/541251/2025,"Clearance Type: Application for Validity Extension of EC- Form-6
S/W No.: SW/250665/2025
Category: B2
Sector: Industrial Projects - 2
Date of Submission:
13/06/2025",Validity extension of environmental clearance for production of country liquor from manufacturing unit of M/s C. Saradhapur O.S. Shop of Sri Shyam Sundar Sahu .,ODISHA,SHYAM SUNDAR SAHU,SEIAA,EC Granted,ODISHA,5(g) Distilleries
126,SIA/OR/IND2/541240/2025,"Clearance Type: Application for Validity Extension of EC- Form-6
S/W No.: SW/250648/2025
Category: B2
Sector: Industrial Projects - 2
Date of Submission:
13/06/2025",Validity extension of environmental clearance for production country liquor from the manufacturing unit of M/s Golanthara O.S. Shop of Sri Shyamaghana Sahu,ODISHA,SRI SHAMAGHANA SAHU,SEIAA,EC Granted,ODISHA,5(g) Distilleries
127,SIA/OR/IND2/541230/2025,"Clearance Type: Application for Validity Extension of EC- Form-6
S/W No.: SW/250639/2025
Category: B2
Sector: Industrial Projects - 2
Date of Submission:
13/06/2025",Validity extension of environmental clearance for production of 2.214 KLD of country liquor from the manufacturing unit of M/s Jugudi O.S. Shop of Sri Shyamaghana Sahu .,ODISHA,SRI SHAMAGHANA SAHU,SEIAA,EC Granted,ODISHA,5(g) Distilleries
128,SIA/OR/IND2/538992/2025,"Clearance Type: Application for Validity Extension of EC- Form-6
S/W No.: SW/248503/2025
Category: B2
Sector: Industrial Projects - 2
Date of Submission:
24/05/2025","Validity extension of environmental clearance for production of Country Liquor w r. to M/s Umerkote O.S. Shop of Sri Siddhartha Sahu, M/s Shiw Prasad Sahu & Sons.",ODISHA,SHIW PRASAD SAHU & SONS,SEIAA,EC Rejected,ODISHA,5(g) Distilleries
129,SIA/OR/IND2/538990/2025,"Clearance Type: Application for Validity Extension of EC- Form-6
S/W No.: SW/248500/2025
Category: B2
Sector: Industrial Projects - 2
Date of Submission:
24/05/2025",Validity extension of environmental clearance for production of Country Liquor w r. to M/s Boripadar O.S. Shop of Sri Rishi Sahu & Sri Rajesh Kumar Sahu.,ODISHA,RISHI SAHU,SEIAA,EC Rejected,ODISHA,5(g) Distilleries
130,SIA/OR/IND2/538976/2025,"Clearance Type: Application for Validity Extension of EC- Form-6
S/W No.: SW/248488/2025
Category: B2
Sector: Industrial Projects - 2
Date of Submission:
24/05/2025","PRODUCTION OF 3.792 KLD MAHUA FLOWER BASED OUT STILL COUNTRY LIQUOR MANUFACTURING UNIT OF POLASARA MAIN OUT STILL LIQUOR SHOP, AT- HATIBADI, TAHASIL- POLASARA, DISTRICT- GANJAM OF LICENSEE SRI ARDHENDU SUNDAR SAHU.",ODISHA,ARDHENDU SAHU,SEIAA,EC Granted,ODISHA,5(g) Distilleries
131,SIA/OR/IND2/538909/2025,"Clearance Type: Application for Validity Extension of EC- Form-6
S/W No.: SW/248433/2025
Category: B2
Sector: Industrial Projects - 2
Date of Submission:
24/05/2025","Production of 0.948 KLD Mahua flower-based out still country liquor manufacturing unit, M/s Nandika Out Still Liquor Shop, in village Morabai, Tahsil- Purushottampur, Dist.- Ganjam Single Window Number: SW/214529/2024 Proposal Number: SIA/OR/IND2/503518/2025 State: ODISHA",ODISHA,HEMA SAHU,SEIAA,EC Granted,ODISHA,5(g) Distilleries
132,SIA/OR/IND2/538812/2025,"Clearance Type: Application for Validity Extension of EC- Form-6
S/W No.: SW/248346/2025
Category: B2
Sector: Industrial Projects - 2
Date of Submission:
23/05/2025","Production of 2.214 KLD Mahua flower-based out still country liquor manufacturing unit, M/s Morabai Out Still Liquor Shop, in village Morabai, Tahsil- Purushottampur, Dist.- Ganjam",ODISHA,HEMA SAHU,SEIAA,EC Granted,ODISHA,5(g) Distilleries
133,SIA/OR/IND2/538568/2025,"Clearance Type: Application for Validity Extension of EC- Form-6
S/W No.: SW/202345/2024
Category: B2
Sector: Industrial Projects - 2
Date of Submission:
21/05/2025",Validity extension of environmental clearance for production of country liquor from the manufacturing unit of M/s Pattapur O.S. Shop of Sri Barun Kumar Pradhan & others,ODISHA,BARUN PRADHAN,SEIAA,EC Granted,ODISHA,5(g) Distilleries
134,SIA/OR/IND2/538567/2025,"Clearance Type: Application for Validity Extension of EC- Form-6
S/W No.: SW/201455/2024
Category: B2
Sector: Industrial Projects - 2
Date of Submission:
21/05/2025",Validity Extension of environmental clearance for production country liquor from the manufacturing unit of M/s Badakushasthali O.S. Shop of Sri G. Guru Prasad Reddy.,ODISHA,G GURU PRASAD REDDY,SEIAA,EC Granted,ODISHA,5(g) Distilleries
135,SIA/OR/IND2/538566/2025,"Clearance Type: Application for Validity Extension of EC- Form-6
S/W No.: SW/201461/2024
Category: B2
Sector: Industrial Projects - 2
Date of Submission:
21/05/2025",Validity extension of environmental clearance for production of Country Liquor by M/s Kusumi O.S. Shop of Sri G Guru Prasad Reddy,ODISHA,G GURU PRASAD REDDY,SEIAA,EC Granted,ODISHA,5(g) Distilleries
136,SIA/OR/IND2/538290/2025,"Clearance Type: Application for Validity Extension of EC- Form-6
S/W No.: SW/201150/2024
Category: B2
Sector: Industrial Projects - 2
Date of Submission:
20/05/2025",Extension of validity of environmental clearance for production of Country Liquor w r. to Bhabinipur O.S. Shop of Sri Ch. Kameshu.,ODISHA,CH. KAMESHU,SEIAA,EC Granted,ODISHA,5(g) Distilleries
137,SIA/OR/IND2/538288/2025,"Clearance Type: Application for Validity Extension of EC- Form-6
S/W No.: SW/236104/2025
Category: B2
Sector: Industrial Projects - 2
Date of Submission:
20/05/2025",Validity extension of environmental clearance for production of country liquor from the manufacturing unit of M/s New Anantei O.S. Shop of Sri Sisir Kumar Bisoi.,ODISHA,SISIR KMAR BISHOYI,SEIAA,EC Granted,ODISHA,5(g) Distilleries
138,SIA/OR/IND2/538283/2025,"Clearance Type: Application for Validity Extension of EC- Form-6
S/W No.: SW/236045/2025
Category: B2
Sector: Industrial Projects - 2
Date of Submission:
19/05/2025",Validity extension of environmental clearance for production of country liquor from the manufacturing unit of M/s Dengapadar O.S. Shop of Smt. Tapoi Mallik.,ODISHA,TOPAI MALLIK,SEIAA,EC Granted,ODISHA,5(g) Distilleries
139,SIA/OR/IND2/538240/2025,"Clearance Type: Application for Validity Extension of EC- Form-6
S/W No.: SW/247386/2025
Category: B2
Sector: Industrial Projects - 2
Date of Submission:
19/05/2025","PRODUCTION OF 1.266 KLD MAHUA FLOWER BASED OUT STILL COUNTRY LIQUOR MANUFACTURING UNIT OF M/s BADAGADA MAIN OUT STILL SHOP, AT BARAMUNDALI TAHASIL: SHERAGADA, DIST: GANJAM OF LICENSEE SRI BULU JENA.",ODISHA,BULU JENA,SEIAA,EC Granted,ODISHA,5(g) Distilleries
140,SIA/OR/IND2/538225/2025,"Clearance Type: Application for Validity Extension of EC- Form-6
S/W No.: SW/247699/2025
Category: B2
Sector: Industrial Projects - 2
Date of Submission:
19/05/2025","PRODUCTION OF 2.370 KLD MAHUA FLOWER-BASED OUT STILL COUNTRY LIQUOR MANUFACTURING UNIT, M/S SHERAGADA OUT STILL LIQUOR SHOP, IN VILLAGE BARAMUNDULI, TAHSIL- SHERAGADA, DIST.- GANJAM",ODISHA,BULU JENA,SEIAA,EC Granted,ODISHA,5(g) Distilleries
141,SIA/OR/IND2/538185/2025,"Clearance Type: Application for Validity Extension of EC- Form-6
S/W No.: SW/247772/2025
Category: B2
Sector: Industrial Projects - 2
Date of Submission:
19/05/2025","Production of 3.162 KLD Mahua flower-based out still country liquor manufacturing unit, M/s Bellaguntha Out Still Liquor Shop, in village-Ambapua, Tahsil- Bellaguntha, Dist.- Ganjam",ODISHA,HEMA SAHU,SEIAA,EC Granted,ODISHA,5(g) Distilleries
142,SIA/OR/IND2/537899/2025,"Clearance Type: Application for ToR (Category A, B1, and B2 Violation)/EC (Category B2) - Form 1
S/W No.: SW/247514/2025
Category: B2
Sector: Industrial Projects - 2
Date of Submission:
19/05/2025","Environmental Clearance for shifting of M/s Luthurpank Out Still Shop to Balimal, Mouza/ Tahasil - Biramaharajpur, Dist - Subarnapur in favour of the Licensee, Sir Sajan Sahu.",ODISHA,SARJAN SAHU,SEIAA,EC Granted,ODISHA,5(g) Distilleries
143,SIA/OR/IND2/529745/2025,"Clearance Type: Application for Validity Extension of EC- Form-6
S/W No.: SW/240268/2025
Category: B2
Sector: Industrial Projects - 2
Date of Submission:
17/03/2025","Application for Validity Extension of 1.0 KLD Mahua Flower Based Country Liquor Manufacturing Unit, M/s Nimakhandi Main Out Still Shop, At- Nimakhandi, Tahasil- Digapahandi, Ganjam, in favour of Sri Simanchala Sahu.",ODISHA,SRI SIMANCHALA SAHU,SEIAA,EC Granted,ODISHA,5(g) Distilleries
144,SIA/OR/IND2/472700/2025,"Clearance Type: Application for Validity Extension of EC- Form-6
S/W No.: SW/181375/2024
Category: B2
Sector: Industrial Projects - 2
Date of Submission:
17/03/2025","Application for Extension of validity of Environmental Clearance for Production of 1.740 KLD Mahua Flower Based Out still Country Liquor Manufacturing unit of M/s Janibilli Main Out Still Liquor Shop At- Janibilli, Mouza- Khamar Poitari, Tahasil- Dharakote, District- Ganjam of the Licensee Sri Raj Narayan Pattnaik.",ODISHA,RAJ NARAYAN PATTANAIK,SEIAA,EC Granted,ODISHA,5(g) Distilleries
145,SIA/OR/IND2/529236/2025,"Clearance Type: Application for Transfer of EC- Form-7
S/W No.: SW/239835/2025
Category: B2
Sector: Industrial Projects - 2
Date of Submission:
13/03/2025","Application for transfer of Environmental Clearance (EC) of 3.822 KLD Mahua Flower Based Country Liquor Manufacturing unit, M/s Karapada Main Out Still Shop, At- Karapada, Ps- Chhatrapur, Ganjam From Late Jiru Ramamurty Reddy to Smt. J. Sabitri Reddy.",ODISHA,J SABITRI REDDY,SEIAA,EC Granted,ODISHA,5(g) Distilleries
146,SIA/OR/IND2/529230/2025,"Clearance Type: Application for Transfer of EC- Form-7
S/W No.: SW/239831/2025
Category: B2
Sector: Industrial Projects - 2
Date of Submission:
12/03/2025","Application for transfer of Environmental Clearance (EC) of 2.058 KLD Mahua Flower Based Country Liquor Manufacturing unit, M/s Jagannathpur Main Out Still Shop, At- Jagannathpur, Ps- Chhatrapur, Ganjam From Late Jiru Ramamurty to Smt. J. Sabitri Reddy.",ODISHA,J SABITRI REDDY,SEIAA,EC Granted,ODISHA,5(g) Distilleries
147,SIA/OR/IND2/528716/2025,"Clearance Type: Application for Validity Extension of EC- Form-6
S/W No.: SW/239387/2025
Category: B2
Sector: Industrial Projects - 2
Date of Submission:
10/03/2025","Application for Extension of validity of 0.636 KLD mahua flower based country liquor manufacturing unit, M/s Govindapur Main Out Still Shop, at- Govindapur, Tahasil- Sorada, Ganjam",ODISHA,SANJAYA PRASAD,SEIAA,EC Granted,ODISHA,5(g) Distilleries
148,SIA/OR/IND2/528679/2025,"Clearance Type: Application for Validity Extension of EC- Form-6
S/W No.: SW/239348/2025
Category: B2
Sector: Industrial Projects - 2
Date of Submission:
10/03/2025","Application for validity extension of 1.0 KLD mahua flower based country liquor manufacturing unit M/s Suranghi Main Out Still Shop At- Surangigada, Tahasil- Patrapur, Dist- Ganjam in favour of Smt. Sulekha Padhy",ODISHA,SULEKHA PADHY,SEIAA,EC Granted,ODISHA,5(g) Distilleries
149,SIA/OR/IND2/528609/2025,"Clearance Type: Application for Transfer of EC- Form-7
S/W No.: SW/239285/2025
Category: B2
Sector: Industrial Projects - 2
Date of Submission:
10/03/2025","Transfer of Environmental Clearance for production of Country Liquor from the Manufacturing Unit of M/s Nimiribeda OS Shop at mouza Nimiribedaa under Pallahada Tahsil in Angul district, Odisha",ODISHA,SUJATA SAHU,SEIAA,EC Granted,ODISHA,5(g) Distilleries
150,SIA/OR/IND2/528592/2025,"Clearance Type: Application for Transfer of EC- Form-7
S/W No.: SW/239274/2025
Category: B2
Sector: Industrial Projects - 2
Date of Submission:
10/03/2025",Transfer of Environmental Clearance for production of Country Liquor from the manufacturing Unit of M/s Routmara OS Shop.,ODISHA,SUJATA SAHU,SEIAA,EC Granted,ODISHA,5(g) Distilleries
151,SIA/OR/IND2/528566/2025,"Clearance Type: Application for Validity Extension of EC- Form-6
S/W No.: SW/239014/2025
Category: B2
Sector: Industrial Projects - 2
Date of Submission:
10/03/2025","Application for validity extension of Environmental Clearance (EC) for 1.0 KLD Mahua Flower Based Country Liquor Manufacturing Unit, M/s Keranditola Main Out Still Shop At- Keranditola, Tahasil- Chhatrapur, Dist- Ganjam",ODISHA,J CHENNEYA REDDY,SEIAA,EC Granted,ODISHA,5(g) Distilleries
152,SIA/OR/IND2/528567/2025,"Clearance Type: Application for Transfer of EC- Form-7
S/W No.: SW/239138/2025
Category: B2
Sector: Industrial Projects - 2
Date of Submission:
10/03/2025","Transfer of environmental clearance of Ballam O.S. Shop for production of mahua flower based country liquor at mouza Ballam under Barkote Tahsil in Deogarh district, Odisha",ODISHA,SUJATA SAHU,SEIAA,EC Granted,ODISHA,5(g) Distilleries
153,SIA/OR/IND2/472666/2025,"Clearance Type: Application for Validity Extension of EC- Form-6
S/W No.: SW/181341/2024
Category: B2
Sector: Industrial Projects - 2
Date of Submission:
07/03/2025","Application for Extension of validity of Environmental Clearance for Production of 1.0 KLD Mahua Flower Based Out still Country Liquor Manufacturing unit of M/s Majhigaon Main Out Still Liquor Shop At- Majhigaon, Tahasil- Konisi, District- Ganjam of the Licensee Sri P Satya Narayana.",ODISHA,P. SATYANARAYANA,SEIAA,EC Granted,ODISHA,5(g) Distilleries
154,SIA/OR/IND2/472657/2025,"Clearance Type: Application for Validity Extension of EC- Form-6
S/W No.: SW/181328/2024
Category: B2
Sector: Industrial Projects - 2
Date of Submission:
07/03/2025","Application for Extension of validity of Environmental Clearance for Production of 1.0 KLD Mahua Flower Based Out still Country Liquor Manufacturing unit of M/s Bikrampur Main Out Still Liquor Shop At/ Po- Bikrampur, Tahasil- Konisi, District- Ganjam of the Licensee Sri J. Chennaya Reddy.",ODISHA,J CHENNEYA REDDY,SEIAA,EC Granted,ODISHA,5(g) Distilleries
155,SIA/OR/IND2/472713/2025,"Clearance Type: Application for Validity Extension of EC- Form-6
S/W No.: SW/181381/2024
Category: B2
Sector: Industrial Projects - 2
Date of Submission:
04/03/2025","Application for Extension of validity of Environmental Clearance for Production of 4.74 KLD Mahua Flower Based Out still Country Liquor Manufacturing unit of M/s Kabisuryanagar Main Out Still Liquor Shop At- Nageswar Merg, Ps/Po/Tahasil- Kabisuryanagar, District- Ganjam of the Licensee Sri. Simanchal Sahu.",ODISHA,SIMANCHAL SAHU.,SEIAA,EC Granted,ODISHA,5(g) Distilleries
156,SIA/OR/IND2/527440/2025,"Clearance Type: Application for Validity Extension of EC- Form-6
S/W No.: SW/238129/2025
Category: B2
Sector: Industrial Projects - 2
Date of Submission:
04/03/2025","Application for validity Extension of Environmental Clearance (EC) of 2.148 KLD Mahua Flower Based Country Liquor Manufacturing Unit M/s Gokharkuda Main Out Still Shop At/Mouza- Gokharkuda, Tahasil- Ganjam, Dist- Ganjam in favour of Sri. Kailash Mohapatra",ODISHA,KAILASH MAHAPATRA,SEIAA,EC Granted,ODISHA,5(g) Distilleries
157,SIA/OR/IND2/527409/2025,"Clearance Type: Application for Validity Extension of EC- Form-6
S/W No.: SW/238105/2025
Category: B2
Sector: Industrial Projects - 2
Date of Submission:
04/03/2025","Application for validity Extension of Environmental Clearance (EC) of 1.266 KLD Mahua Flower Based Country Liquor Manufacturing Unit M/s Karachuli Main Out Still Shop at Karachuli, Mauza- Gahanapali, Tahasil- Buguda, Dist- Ganjam in favour of Smt. Namita Kumari Biswal.",ODISHA,NAMITA KUMARI BISWAL,SEIAA,EC Granted,ODISHA,5(g) Distilleries
158,SIA/OR/IND2/527386/2025,"Clearance Type: Application for Validity Extension of EC- Form-6
S/W No.: SW/238085/2025
Category: B2
Sector: Industrial Projects - 2
Date of Submission:
04/03/2025","Application for validity Extension of Environmental Clearance of 0.636 KLD Mahua Flower Based Country Liquor Manufacturing Unit M/s Pangidi Main Out Still Liquor Shop at Pangidi, Ps- Buguda, Dist- Ganjam in favour of Sri Susanta Kumar Mohapatra.",ODISHA,SUSANTA KUMAR MAHAPATRA,SEIAA,EC Granted,ODISHA,5(g) Distilleries
159,SIA/OR/IND2/527243/2025,"Clearance Type: Application for Validity Extension of EC- Form-6
S/W No.: SW/237955/2025
Category: B2
Sector: Industrial Projects - 2
Date of Submission:
03/03/2025","Application for validity extension of Environmental Clearance (EC) for 1.266 KLD Mahua Flower Based Country Liquor Manufacturing Unit, M/s Tarasingi Main Out Still Shop At- Samarada, Ps- Tarasingi, Dist- Ganjam in favour of Bhagirathi Sahu.",ODISHA,BHAGIRATHI SAHU,SEIAA,EC Granted,ODISHA,5(g) Distilleries
160,SIA/OR/IND2/527034/2025,"Clearance Type: Application for Validity Extension of EC- Form-6
S/W No.: SW/237753/2025
Category: B2
Sector: Industrial Projects - 2
Date of Submission:
02/03/2025","Application for validity extension of Environmental Clearance for 0.948 KLD Mahua Flower Based Country Liquor Manufacturing Unit M/s Gallery Main Out Still Shop At- Samarada, Ps- Tarasingi, Dist- Ganjam in the favour of Sri Bhagirathi Sahu",ODISHA,BHAGIRATHI SAHU,SEIAA,EC Granted,ODISHA,5(g) Distilleries
161,SIA/OR/IND2/527018/2025,"Clearance Type: Application for Validity Extension of EC- Form-6
S/W No.: SW/237736/2025
Category: B2
Sector: Industrial Projects - 2
Date of Submission:
02/03/2025","Application for validity extension of Environmental Clearance for production 0.6KLD Mahua Flower Based Country Liquor Manufacturing Unit M/s Jagannathprasad Main Out Still Shop At/Ps- Jagannathprasad, Dist- Ganjam in favour of Jogendra Prasad",ODISHA,JOGENDRA PRASAD,SEIAA,EC Granted,ODISHA,5(g) Distilleries
162,SIA/OR/IND2/526991/2025,"Clearance Type: Application for Validity Extension of EC- Form-6
S/W No.: SW/237711/2025
Category: B2
Sector: Industrial Projects - 2
Date of Submission:
02/03/2025","Application for validity extension of Environment Clearance for production of 1.0 KLD Mahua Flower based Country Liquor Manufacturing Unit M/s Pratapur Main Out Still Shop AT- Pratapur, Po/Ps- Purushottampur, Dist- Ganjam in favour of Bira Kishore Pradhan.",ODISHA,SRI BIRAKISHORE PRADHAN,SEIAA,EC Granted,ODISHA,5(g) Distilleries
163,SIA/OR/IND2/526979/2025,"Clearance Type: Application for Validity Extension of EC- Form-6
S/W No.: SW/237697/2025
Category: B2
Sector: Industrial Projects - 2
Date of Submission:
02/03/2025","Application for validity extension of Environmental Clearance for production of 1.0 KLD Mahua Flower Based Country Liquor Manufacturing Unit M/s Purushottampur Main Out Still Shop At- Purushottampur, Po/Ps- Purushottampur, Dist- Ganjam, in favour of Sri Bira Kishore Pradhan",ODISHA,SRI BIRAKISHORE PRADHAN,SEIAA,EC Granted,ODISHA,5(g) Distilleries
164,SIA/OR/IND2/526970/2025,"Clearance Type: Application for Validity Extension of EC- Form-6
S/W No.: SW/181387/2024
Category: B2
Sector: Industrial Projects - 2
Date of Submission:
02/03/2025","Application for Extension of validity of Environmental Clearance for Production of 0.948 KLD Mahua Flower Based Out still Country Liquor Manufacturing unit of M/s Punada (Ghatagaon) Main Out Still Liquor Shop At- Punada, Ps/ Tahasil- Hinjilicut, District- Ganjam of the Licensee Sri Durgamadhab Sahu.",ODISHA,DURGAMADHAB SAHU,SEIAA,EC Granted,ODISHA,5(g) Distilleries
165,SIA/OR/IND2/526800/2025,"Clearance Type: Application for Validity Extension of EC- Form-6
S/W No.: SW/237528/2025
Category: B2
Sector: Industrial Projects - 2
Date of Submission:
01/03/2025","Application for validity extension of EC for production of 1.896 KLD Mahua Flower Based Country Liquor Manufacturing Unit M/s Gangapur Main Out Still Liquor Shop, At- Mudulipalli, Tahasil- Bhanjanagar, Dist- Ganjam in favour of Sri Sanjaya Prasad",ODISHA,DURGAMADHAB SAHU,SEIAA,EC Granted,ODISHA,5(g) Distilleries
166,SIA/OR/IND2/526733/2025,"Clearance Type: Application for Validity Extension of EC- Form-6
S/W No.: SW/237479/2025
Category: B2
Sector: Industrial Projects - 2
Date of Submission:
01/03/2025","Application for Validity extension of 2.532 KLD mahua flower based liquor manufacturing Unit M/s Mudulipalli Main Out Still Liquor At- Mudulipalli, Po/Ps- Bhanjanagar, Dist- Ganjam.",ODISHA,DURGAMADHAB SAHU,SEIAA,EC Granted,ODISHA,5(g) Distilleries
167,SIA/OR/IND2/472695/2025,"Clearance Type: Application for Validity Extension of EC- Form-6
S/W No.: SW/181204/2024
Category: B2
Sector: Industrial Projects - 2
Date of Submission:
28/02/2025","Application for Extension of validity of Environmental Clearance for Production of 1.422 KLD Mahua Flower Based Out still Country Liquor Manufacturing unit of M/s Badakhandi Main Out Still Liquor Shop At/ Tahasil - Hinjilicut, District- Ganjam of the Licensee Smt. Kalia Sethi.",ODISHA,KALIA SETHI,SEIAA,EC Granted,ODISHA,5(g) Distilleries
168,SIA/OR/IND2/472691/2025,"Clearance Type: Application for Validity Extension of EC- Form-6
S/W No.: SW/181207/2024
Category: B2
Sector: Industrial Projects - 2
Date of Submission:
28/02/2025","Application for Extension of validity of Environmental Clearance for Production of 2.37 KLD Mahua Flower Based Out still Country Liquor Manufacturing unit of M/s Pitala (Pakidi) Main Out Still Liquor Shop At- Regidisahi, Po/Ps- Hinjilicut, District- Ganjam of the Licensee Smt. Kalia Sethi.",ODISHA,KALIA SETHI,SEIAA,EC Granted,ODISHA,5(g) Distilleries
169,SIA/OR/IND2/472464/2025,"Clearance Type: Application for Validity Extension of EC- Form-6
S/W No.: SW/181165/2024
Category: B2
Sector: Industrial Projects - 2
Date of Submission:
28/02/2025","Application for Extension of validity of Environmental Clearance for Production of 3.48 KLD Mahua Flower Based Out still Country Liquor Manufacturing unit of M/s Hinjilicut Main Out Still Liquor Shop At/ Tahasil- Hinjilicut, District- Ganjam of the Licensee Smt. Kalia Sethi.",ODISHA,KALIA SETHI,SEIAA,EC Granted,ODISHA,5(g) Distilleries
170,SIA/OR/IND2/472580/2025,"Clearance Type: Application for Validity Extension of EC- Form-6
S/W No.: SW/181260/2024
Category: B2
Sector: Industrial Projects - 2
Date of Submission:
28/02/2025","Application for Extension of validity of Environmental Clearance for Production of 0.948 KLD Mahua Flower Based Out still Country Liquor Manufacturing unit of M/s Bhutasarasingi Main Out Still Liquor Shop At/ Tahasil- Nandighosh Street, Purushottampur, Po/Ps- Purushottampur, District- Ganjam of the Licensee Sri. Premananda Sahu.",ODISHA,PREMANADA SAHU,SEIAA,EC Granted,ODISHA,5(g) Distilleries
171,SIA/OR/IND2/526427/2025,"Clearance Type: Application for Validity Extension of EC- Form-6
S/W No.: SW/237113/2025
Category: B2
Sector: Industrial Projects - 2
Date of Submission:
28/02/2025","Application for extension of EC for production of 2.532 KLD Mahua Flower based country liquor manufacturing unit, M/s Kanamana Main Out Still Shop At- Kanamana, Tahasil- Chhatrapur, Dist- Ganjam in favour of Prasant Kumar Bisoyi",ODISHA,PRASANT KUMAR BISOI,SEIAA,EC Granted,ODISHA,5(g) Distilleries
172,SIA/OR/IND2/526224/2025,"Clearance Type: Application for Transfer of EC- Form-7
S/W No.: SW/236931/2025
Category: B2
Sector: Industrial Projects - 2
Date of Submission:
27/02/2025","Application for Transfer of EC of proposed M/s Ranibagicha Main Out Still Shop of 4.32 KLD Mahua flower manufacturing unit at Ranibagicha, Tahasil- Sundargarh, Dist- Sundargarh, Odisha from Sri Wasim Akhtar to M/s Kishor Prasad Bijaya Prasad & Co.",ODISHA,mD SAKIL,SEIAA,EC Granted,ODISHA,5(g) Distilleries
173,SIA/OR/IND2/525118/2025,"Clearance Type: Application for Transfer of EC- Form-7
S/W No.: SW/235977/2025
Category: B2
Sector: Industrial Projects - 2
Date of Submission:
27/02/2025","Application for Transfer of EC of proposed M/s Masanikani Main Out Still Shop of 1.62 KLD Mahua flower manufacturing unit at Masanikani, Tahasil- Sundargarh, Dist- Sundargarh, Odisha from Sri Manohar Prajapti to M/s Kishor Prasad Bijaya Prasad & Co.",ODISHA,mD SAKIL,SEIAA,EC Granted,ODISHA,5(g) Distilleries
174,SIA/OR/IND2/526117/2025,"Clearance Type: Application for Validity Extension of EC- Form-6
S/W No.: SW/181250/2024
Category: B2
Sector: Industrial Projects - 2
Date of Submission:
27/02/2025","Application for Extension of validity of Environmental Clearance for Production of 3.48 KLD Mahua Flower Based Out still Country Liquor Manufacturing unit of M/s Chhatrapur Main Out Still Liquor Shop At/ Ps/Po- Chhatrapur, District- Ganjam of the Licensee Sri. Damburudhar Sahu.",ODISHA,DAMBURUDHAR SAHU,SEIAA,EC Granted,ODISHA,5(g) Distilleries
175,SIA/OR/IND2/525893/2025,"Clearance Type: Application for Validity Extension of EC- Form-6
S/W No.: SW/236661/2025
Category: B2
Sector: Industrial Projects - 2
Date of Submission:
26/02/2025","PRODUCTION OF 1.266 KLD MAHUA FLOWER BASED OUT STILL COUNTRY LIQUOR MANUFACTURING UNIT OF M/s BADAGADA MAIN OUT STILL SHOP, AT BARAMUNDALI TAHASIL: SHERAGADA, DIST: GANJAM OF LICENSEE SRI BULU JENA.",ODISHA,BULU JENA,SEIAA,EC Granted,ODISHA,5(g) Distilleries
176,SIA/OR/IND2/525876/2025,"Clearance Type: Application for Validity Extension of EC- Form-6
S/W No.: SW/236551/2025
Category: B2
Sector: Industrial Projects - 2
Date of Submission:
26/02/2025","PRODUCTION OF 2.370 KLD MAHUA FLOWER-BASED OUT STILL COUNTRY LIQUOR MANUFACTURING UNIT, M/S SHERAGADA OUT STILL LIQUOR SHOP, IN VILLAGE BARAMUNDULI, TAHSIL- SHERAGADA, DIST.- GANJAM",ODISHA,BULU JENA,SEIAA,EC Granted,ODISHA,5(g) Distilleries
177,SIA/OR/IND2/525381/2025,"Clearance Type: Application for Validity Extension of EC- Form-6
S/W No.: SW/236204/2025
Category: B2
Sector: Industrial Projects - 2
Date of Submission:
23/02/2025",Validity extension of environmental clearance for production of country liquor from the manufacturing unit of M/s Khallikote O.S. Shop of Smt. Geetanjali Bisoi,ODISHA,GEETANJALI BISOI,SEIAA,EC Granted,ODISHA,5(g) Distilleries
178,SIA/OR/IND2/525376/2025,"Clearance Type: Application for Validity Extension of EC- Form-6
S/W No.: SW/236200/2025
Category: B2
Sector: Industrial Projects - 2
Date of Submission:
23/02/2025",Validity extension of environmental clearance for production of country liquor from the manufacturing unit of M/s Mahuda O.S. Shop of Sri Dusmanta Palai.,ODISHA,SRI DUSMANTHA KUMAR PALAI,SEIAA,EC Granted,ODISHA,5(g) Distilleries
179,SIA/OR/IND2/525265/2025,"Clearance Type: Application for Validity Extension of EC- Form-6
S/W No.: SW/236104/2025
Category: B2
Sector: Industrial Projects - 2
Date of Submission:
23/02/2025",Validity extension of environmental clearance for production of country liquor from the manufacturing unit of M/s New Anantei O.S. Shop of Sri Sisir Kumar Bisoi.,ODISHA,SISIR KMAR BISHOYI,SEIAA,EC Granted,ODISHA,5(g) Distilleries
180,SIA/OR/IND2/525279/2025,"Clearance Type: Application for Validity Extension of EC- Form-6
S/W No.: SW/236114/2025
Category: B2
Sector: Industrial Projects - 2
Date of Submission:
22/02/2025",Validity extension of environmental clearance for production of country liquor from the manufacturing unit of M/s Jaleswarpur O.S. Shop of Sri Smruti Ranjan Sahu.,ODISHA,SMRUTI RANJAN SAHU,SEIAA,EC Granted,ODISHA,5(g) Distilleries
181,SIA/OR/IND2/525199/2025,"Clearance Type: Application for Validity Extension of EC- Form-6
S/W No.: SW/236045/2025
Category: B2
Sector: Industrial Projects - 2
Date of Submission:
22/02/2025",Validity extension of environmental clearance for production of country liquor from the manufacturing unit of M/s Dengapadar O.S. Shop of Smt. Tapoi Mallik.,ODISHA,TOPAI MALLIK,SEIAA,EC Granted,ODISHA,5(g) Distilleries
182,SIA/OR/IND2/524360/2025,"Clearance Type: Application for Validity Extension of EC- Form-6
S/W No.: SW/235331/2025
Category: B2
Sector: Industrial Projects - 2
Date of Submission:
15/02/2025","Production of 3.162 KLD Mahua flower-based out still country liquor manufacturing unit, M/s Bellaguntha Out Still Liquor Shop, in village-Ambapua, Tahsil- Bellaguntha, Dist.- Ganjam",ODISHA,HEMA SAHU,SEIAA,EC Granted,ODISHA,5(g) Distilleries
183,SIA/OR/IND2/503518/2025,"Clearance Type: Application for Validity Extension of EC- Form-6
S/W No.: SW/214529/2024
Category: B2
Sector: Industrial Projects - 2
Date of Submission:
13/02/2025","Production of 0.948 KLD Mahua flower-based out still country liquor manufacturing unit, M/s Nandika Out Still Liquor Shop, in village Morabai, Tahsil- Purushottampur, Dist.- Ganjam",ODISHA,HEMA SAHU,SEIAA,EC Granted,ODISHA,5(g) Distilleries
184,SIA/OR/IND2/523403/2025,"Clearance Type: Application for Validity Extension of EC- Form-6
S/W No.: SW/234542/2025
Category: B2
Sector: Industrial Projects - 2
Date of Submission:
13/02/2025","Production of 2.214 KLD Mahua flower-based out still country liquor manufacturing unit, M/s Morabai Out Still Liquor Shop, in village Morabai, Tahsil- Purushottampur, Dist.- Ganjam",ODISHA,HEMA SAHU,SEIAA,EC Granted,ODISHA,5(g) Distilleries
185,SIA/OR/IND2/518545/2025,"Clearance Type: Application for Validity Extension of EC- Form-6
S/W No.: SW/101079/2022
Category: B2
Sector: Industrial Projects - 2
Date of Submission:
15/01/2025","Extension of Validity of EC for Production of 1.0 KLD mahua flower based out still country liquor manufacturing unit of M/s Borigaon Main O.S Shop at- Borigaon, Tahasil- Kukudakhandi, Dist.- Ganjam of Sri Rajendra Kumar Patro",ODISHA,RAJENDRA KUMAR PATRA,SEIAA,EC Granted,ODISHA,5(g) Distilleries
186,SIA/OR/IND2/517676/2025,"Clearance Type: Application for Validity Extension of EC- Form-6
S/W No.: SW/229264/2025
Category: B2
Sector: Industrial Projects - 2
Date of Submission:
08/01/2025","Proposal for Extension of EC for Production of 1.0 KLD Mahua Flower Based Country Liquor manufacturing Unit, M/s. Sikula Main Out Still Liquor Shop, At village-Sikula, Dist-Ganjam of Sri Suresh Chandra Sahu",ODISHA,SURESH SAHU,SEIAA,EC Granted,ODISHA,5(g) Distilleries
187,SIA/OR/IND2/517561/2025,"Clearance Type: Application for Validity Extension of EC- Form-6
S/W No.: SW/229140/2025
Category: B2
Sector: Industrial Projects - 2
Date of Submission:
07/01/2025","Proposal for Extension of validity of EC for production of 1.0 KLD Mahua Flower Based country Liquor manufacturing unit at village-Bhatakumarada, Tahasil-Purusottampur, Dist-Ganjam of Sri Ramesh Chandra Sahu",ODISHA,RAMESH SAHU,SEIAA,EC Granted,ODISHA,5(g) Distilleries
188,SIA/OR/IND2/517307/2025,"Clearance Type: Application for Validity Extension of EC- Form-6
S/W No.: SW/228838/2025
Category: B2
Sector: Industrial Projects - 2
Date of Submission:
04/01/2025","Proposal for Extension of validity of EC for Production of 2.064 KLD Mahua Flower Based Country Liquor Manufacturing Unit,Baradi(Tatabali) Main Out Still Liquor Shop, at village-Baradi (Tatabali), Tahasil- Sorada, Dist-Ganjam of Sri Rajendra Kumar Sahu",ODISHA,RAJENDRA SAHU,SEIAA,EC Granted,ODISHA,5(g) Distilleries
189,SIA/OR/IND2/516948/2025,"Clearance Type: Application for Validity Extension of EC- Form-6
S/W No.: SW/228499/2025
Category: B2
Sector: Industrial Projects - 2
Date of Submission:
02/01/2025","Extension of Validity for Mahua Flower Based Country Liquour Manufacturing Unit,M/s. Podamari main out still liquour Shop at Podamari,Dist-Ganjam of Smt.Rebati Sahu",ODISHA,REBATI SAHU,SEIAA,EC Granted,ODISHA,5(g) Distilleries
190,SIA/OR/IND2/501393/2024,"Clearance Type: Application for Validity Extension of EC- Form-6
S/W No.: SW/212084/2024
Category: B2
Sector: Industrial Projects - 2
Date of Submission:
16/10/2024",Validity Extension of environmental clearance for production country liquor from the manufacturing unit of M/s Bhadrasahi O.S. Shop of Sri Pramod Kumar Jaiswal.,ODISHA,PRAMOD JAISWAL,SEIAA,EC Granted,ODISHA,5(g) Distilleries
191,SIA/OR/IND2/498661/2024,"Clearance Type: Application for Validity Extension of EC- Form-6
S/W No.: SW/209149/2024
Category: B2
Sector: Industrial Projects - 2
Date of Submission:
27/09/2024",Validity extension of environmental clearance for production country liquor from manufacturing unit of M/s Golanthara O.S. Shop of Sri Shyamaghana Sahu.,ODISHA,SHYAMAGHANA SAHU,SEIAA,EC Granted,ODISHA,5(g) Distilleries
192,SIA/OR/IND2/498660/2024,"Clearance Type: Application for Validity Extension of EC- Form-6
S/W No.: SW/209147/2024
Category: B2
Sector: Industrial Projects - 2
Date of Submission:
27/09/2024",Validity extension of environmental clearance for production country liquor from manufacturing unit of M/s Jugudi O.S. Shop of Sri Shyamaghana Sahu.,ODISHA,SHYAMAGHANA SAHU,SEIAA,EC Granted,ODISHA,5(g) Distilleries
193,SIA/OR/IND2/498645/2024,"Clearance Type: Application for Validity Extension of EC- Form-6
S/W No.: SW/209132/2024
Category: B2
Sector: Industrial Projects - 2
Date of Submission:
27/09/2024",Validity Extension of environmental clearance for production country liquor from the manufacturing unit of M/s C Saradhapur O.S. Shop of Sri Shyam Sundar Sahu.,ODISHA,SYAMA SUNDAR SAHU,SEIAA,EC Granted,ODISHA,5(g) Distilleries
194,SIA/OR/IND2/498643/2024,"Clearance Type: Application for Validity Extension of EC- Form-6
S/W No.: SW/209130/2024
Category: B2
Sector: Industrial Projects - 2
Date of Submission:
27/09/2024",Validity Extension of environmental clearance for production country liquor from the manufacturing unit of M/s Digapahandi O.S. Shop of Sri Udhaba Sahu.,ODISHA,UDHABA SAHU,SEIAA,EC Granted,ODISHA,5(g) Distilleries
195,SIA/OR/IND2/498636/2024,"Clearance Type: Application for Validity Extension of EC- Form-6
S/W No.: SW/209103/2024
Category: B2
Sector: Industrial Projects - 2
Date of Submission:
27/09/2024",Validity Extension of environmental clearance for production country liquor from the manufacturing unit of M/s Basudevpur O.S. Shop of Sri Udhaba Sahu.,ODISHA,UDHABA SAHU,SEIAA,EC Granted,ODISHA,5(g) Distilleries
196,SIA/OR/IND2/494146/2024,"Clearance Type: Application for ToR (Category A, B1, and B2 Violation)/EC (Category B2) - Form 1
S/W No.: SW/204344/2024
Category: B1
Sector: Industrial Projects - 2
Date of Submission:
31/08/2024",Expansion of Grain Based Ethanol Plant from 360 KLD to 540KLD with Coal based Power Plant of 9 MW by M/s Mash Bio-Fuels Private Limited,ODISHA,M/S MASH BIO-FUELS PVT. LTD.,SEIAA,ToR Granted,ODISHA,5(g) Distilleries
197,SIA/OR/IND2/493757/2024,"Clearance Type: Application for ToR (Category A, B1, and B2 Violation)/EC (Category B2) - Form 1
S/W No.: SW/203928/2024
Category: B2
Sector: Industrial Projects - 2
Date of Submission:
27/08/2024","Environmental Clearance for production of Country Liquor from the manufacturing unit of M/s Lakhanpur Out Still Shop At - Lakhanpur, Tahasil - Lakhanpur, District - Jharsuguda in favour of M/s Baldeo Sahu Shiva Prasad Sahu",ODISHA,BALDEO SAHU SHIVA PRASAD SAHU,SEIAA,EC Granted,ODISHA,5(g) Distilleries
198,SIA/OR/IND2/493733/2024,"Clearance Type: Application for ToR (Category A, B1, and B2 Violation)/EC (Category B2) - Form 1
S/W No.: SW/203901/2024
Category: B2
Sector: Industrial Projects - 2
Date of Submission:
27/08/2024","Environmental Clearance for Production of country Liquor from the manufacturing unit of M/s Kadamdihi out still shop At - Kadamdihi, Tahasil - Lakhanpur, District - Jharsuguda in favour of M/s Baldeo Sahu Shivaa Prasad Sahu",ODISHA,BALDEO SAHU SHIVA PRASAD SAHU,SEIAA,EC Granted,ODISHA,5(g) Distilleries
199,SIA/OR/IND2/493639/2024,"Clearance Type: Application for ToR (Category A, B1, and B2 Violation)/EC (Category B2) - Form 1
S/W No.: SW/203792/2024
Category: B2
Sector: Industrial Projects - 2
Date of Submission:
27/08/2024","Environmental Clearance for Production of country Liquor from the manufacturing unit of M/s Belpahar Out Still Shop At - Belpahar, Tahasil - Lakhanpur, District - Jharsuguda in favour of M/s Baldeo Sahu Shiva Prasad Sahu",ODISHA,BALDEO SAHU SHIVA PRASAD SAHU,SEIAA,EC Granted,ODISHA,5(g) Distilleries
200,SIA/OR/IND2/491990/2024,"Clearance Type: Application for ToR (Category A, B1, and B2 Violation)/EC (Category B2) - Form 1
S/W No.: SW/201983/2024
Category: B2
Sector: Industrial Projects - 2
Date of Submission:
15/08/2024","Environmental Clearance for Production of country liquor from the manufacturing unit of M/s Ambapali Main Out Still Liquor Shop At/ Mouza - Ambapali, Tahasil - Saintala, District - Bolangir in favour of the Licensee, Sri Bala Jee",ODISHA,BALAJEE,SEIAA,EC Granted,ODISHA,5(g) Distilleries
201,SIA/OR/IND2/491269/2024,"Clearance Type: Application for ToR (Category A, B1, and B2 Violation)/EC (Category B2) - Form 1
S/W No.: SW/201197/2024
Category: B2
Sector: Industrial Projects - 2
Date of Submission:
15/08/2024","Environmental Clearance for Production of country Liquor from the manufacturing unit of M/s Bibina Main O.S Shop At/Mouza – Bibina , Tahasil – Saintala, District – Bolangir in favour of the Licensee, Sri Bala Jee",ODISHA,BALAJEE,SEIAA,EC Granted,ODISHA,5(g) Distilleries
202,SIA/OR/IND2/491817/2024,"Clearance Type: Application for ToR (Category A, B1, and B2 Violation)/EC (Category B2) - Form 1
S/W No.: SW/201780/2024
Category: B2
Sector: Industrial Projects - 2
Date of Submission:
15/08/2024","Environmental Clearance for Production of Country from the manufacturing of M/S Bhadra main O.S Shop At/Mouza - Bhadra, Tahasil - Saintala, Dist - Bolangir, in favour of the Licensee, Sri Bala Jee",ODISHA,BALAJEE,SEIAA,EC Granted,ODISHA,5(g) Distilleries
203,SIA/OR/IND2/492174/2024,"Clearance Type: Application for ToR (Category A, B1, and B2 Violation)/EC (Category B2) - Form 1
S/W No.: SW/202206/2024
Category: B2
Sector: Industrial Projects - 2
Date of Submission:
15/08/2024","Environmental Clearance for Production of Country Liquor from the manufacturing unit of M/s Gurkhapala Main O.S Shop At/Mouza - Gurkhapala, Tahasil - Tusura, District - Bolangir in favour of the Licensee, Sri Bala Jee.",ODISHA,BALAJEE,SEIAA,EC Granted,ODISHA,5(g) Distilleries
204,SIA/OR/IND2/492206/2024,"Clearance Type: Application for ToR (Category A, B1, and B2 Violation)/EC (Category B2) - Form 1
S/W No.: SW/202256/2024
Category: B2
Sector: Industrial Projects - 2
Date of Submission:
15/08/2024","Environmental Clearance for Production of country Liquor from the manufacturing unit of M/s Bindhanpathar main O.S Shop At /Mouza - Pipruta, Tahasil - Saintala, District - Bolangir in favour of the Licensee, Sri Bala Jee.",ODISHA,BALAJEE,SEIAA,EC Granted,ODISHA,5(g) Distilleries
205,SIA/OR/IND2/492231/2024,"Clearance Type: Application for ToR (Category A, B1, and B2 Violation)/EC (Category B2) - Form 1
S/W No.: SW/202282/2024
Category: B2
Sector: Industrial Projects - 2
Date of Submission:
15/08/2024","Environmental Clearance for Production of country Liquor from the manufacturing unit of M/s Jamut main O.S Shop At/Mouza - Jamut, Tahasil - Tusura, Bolangir in favour of the Licensee, Sri Bala Jee",ODISHA,BALAJEE,SEIAA,EC Granted,ODISHA,5(g) Distilleries
206,SIA/OR/IND2/492253/2024,"Clearance Type: Application for ToR (Category A, B1, and B2 Violation)/EC (Category B2) - Form 1
S/W No.: SW/202301/2024
Category: B2
Sector: Industrial Projects - 2
Date of Submission:
15/08/2024","Environmental Clearance for Production of country Liquor from the manufacturing unit of M/s Karamtala main O.S. Shop At/Mauza - Karamtala, Tahasil - Titlagarh, District - Bolangir in favour of the Licensee, Sri Bala Jee",ODISHA,BALAJEE,SEIAA,EC Granted,ODISHA,5(g) Distilleries
207,SIA/OR/IND2/492402/2024,"Clearance Type: Application for ToR (Category A, B1, and B2 Violation)/EC (Category B2) - Form 1
S/W No.: SW/202434/2024
Category: B2
Sector: Industrial Projects - 2
Date of Submission:
15/08/2024","Environmental Clearance for Production of country Liquor from the manufacturing unit of M/s Sirabahal Main O.S Shop At/Mouza - Sirabahal , Tahasil - Tusura, District - Bolangir in favour of the Licensee, Sri Bala Jee",ODISHA,BALAJEE,SEIAA,EC Granted,ODISHA,5(g) Distilleries
208,SIA/OR/IND2/492436/2024,"Clearance Type: Application for ToR (Category A, B1, and B2 Violation)/EC (Category B2) - Form 1
S/W No.: SW/202472/2024
Category: B2
Sector: Industrial Projects - 2
Date of Submission:
15/08/2024","Environmental Clearance for Production of country Liquor from the manufacturing unit of M/s Sarasbahal main O.S Shop At/Mouza - Sarasbahal, Tahasil - Tusura, District - Bolangir in favour of the Licensee, Sri Bala Jee",ODISHA,BALAJEE,SEIAA,EC Granted,ODISHA,5(g) Distilleries
209,SIA/OR/IND2/492458/2024,"Clearance Type: Application for ToR (Category A, B1, and B2 Violation)/EC (Category B2) - Form 1
S/W No.: SW/202509/2024
Category: B2
Sector: Industrial Projects - 2
Date of Submission:
13/08/2024","Environmental Clearance for Production of country Liquor from the manufacturing unit of M/s Tusura main O.S Shop At/Mouza - Tusura, Tahasil - Tusura, District - Bolangir in favour of the Licencee, Sri Bala Je",ODISHA,BALAJEE,SEIAA,EC Granted,ODISHA,5(g) Distilleries
210,SIA/OR/IND2/492467/2024,"Clearance Type: Application for Validity Extension of EC- Form-6
S/W No.: SW/202525/2024
Category: B2
Sector: Industrial Projects - 2
Date of Submission:
12/08/2024",Validity extension of environmental clearance for production of country liquor from the manufacturing unit of Hatipada O.S. Shop of Ranga Heremba Reddy,ODISHA,R HERAMBA REDDY,SEIAA,EC Granted,ODISHA,5(g) Distilleries
211,SIA/OR/IND2/492464/2024,"Clearance Type: Application for Validity Extension of EC- Form-6
S/W No.: SW/202515/2024
Category: B2
Sector: Industrial Projects - 2
Date of Submission:
12/08/2024",Validity extension of environmental clearance for production of country liquor from the manufacturing unit of Kalabada O.S. Shop of Sri B Mohan Rao,ODISHA,SRI B MOHAN RAO,SEIAA,EC Granted,ODISHA,5(g) Distilleries
212,SIA/OR/IND2/492455/2024,"Clearance Type: Application for Validity Extension of EC- Form-6
S/W No.: SW/202427/2024
Category: B2
Sector: Industrial Projects - 2
Date of Submission:
12/08/2024",Validity extension of environmental clearance for production country liquor from manufacturing unit of Chandanabada O.S. Shop of Sri Yelamachi Tukaram,ODISHA,Y TUKARAM,SEIAA,EC Granted,ODISHA,5(g) Distilleries
213,SIA/OR/IND2/492301/2024,"Clearance Type: Application for Validity Extension of EC- Form-6
S/W No.: SW/202345/2024
Category: B2
Sector: Industrial Projects - 2
Date of Submission:
10/08/2024",Validity extension of environmental clearance for production of country liquor from the manufacturing unit of M/s Pattapur O.S. Shop of Sri Barun Kumar Pradhan & others,ODISHA,BARUN PRADHAN,SEIAA,EC Granted,ODISHA,5(g) Distilleries
214,SIA/OR/IND2/491524/2024,"Clearance Type: Application for Validity Extension of EC- Form-6
S/W No.: SW/201461/2024
Category: B2
Sector: Industrial Projects - 2
Date of Submission:
10/08/2024",Validity extension of environmental clearance for production of Country Liquor by M/s Kusumi O.S. Shop of Sri G Guru Prasad Reddy,ODISHA,G GURU PRASAD REDDY,SEIAA,EC Granted,ODISHA,5(g) Distilleries
215,SIA/OR/IND2/491518/2024,"Clearance Type: Application for Validity Extension of EC- Form-6
S/W No.: SW/201455/2024
Category: B2
Sector: Industrial Projects - 2
Date of Submission:
10/08/2024",Validity Extension of environmental clearance for production country liquor from the manufacturing unit of M/s Badakushasthali O.S. Shop of Sri G. Guru Prasad Reddy.,ODISHA,G GURU PRASAD REDDY,SEIAA,EC Granted,ODISHA,5(g) Distilleries
216,SIA/OR/IND2/491217/2024,"Clearance Type: Application for Validity Extension of EC- Form-6
S/W No.: SW/201150/2024
Category: B2
Sector: Industrial Projects - 2
Date of Submission:
05/08/2024",Extension of validity of environmental clearance for production of Country Liquor w r. to Bhabinipur O.S. Shop of Sri Ch. Kameshu.,ODISHA,CH. KAMESHU,SEIAA,EC Granted,ODISHA,5(g) Distilleries
217,SIA/OR/IND2/490948/2024,"Clearance Type: Application for Validity Extension of EC- Form-6
S/W No.: SW/200811/2024
Category: B2
Sector: Industrial Projects - 2
Date of Submission:
03/08/2024","PRODUCTION OF 3.792 KLD MAHUA FLOWER BASED OUT STILL COUNTRY LIQUOR MANUFACTURING UNIT OF POLASARA MAIN OUT STILL LIQUOR SHOP, AT- HATIBADI, TAHASIL- POLASARA, DISTRICT- GANJAM OF LICENSEE SRI ARDHENDU SUNDAR SAHU.",ODISHA,ARDHENDU SAHU,SEIAA,EC Granted,ODISHA,5(g) Distilleries
218,SIA/OR/IND2/490380/2024,"Clearance Type: Application for Validity Extension of EC- Form-6
S/W No.: SW/200126/2024
Category: B2
Sector: Industrial Projects - 2
Date of Submission:
01/08/2024","PRODUCTION OF 1.206 KLD MAHUA FLOWER BASED OUT STILL COUNTRY LIQUOR MANUFACTURING UNIT OF BHETANAI MAIN OUT STILL LIQUOR SHOP, AT SANDHINUAPALLI TAHASIL: ASKA, DIST: GANJAM, STATE: ODISHA OF LICENSEE SMT. PUSPANJALI SAHU.",ODISHA,PUSPANJALI SAHU,SEIAA,EC Granted,ODISHA,5(g) Distilleries
219,SIA/OR/IND2/483257/2024,"Clearance Type: Application for ToR (Category A, B1, and B2 Violation)/EC (Category B2) - Form 1
S/W No.: SW/192491/2024
Category: B2
Sector: Industrial Projects - 2
Date of Submission:
22/06/2024","Environmental Clearance for Production of country Liquor from the manufacturing unit of M/s Patrapali main O.S Shop At/ Mouza- Patrapali, Tahasil- Ullunda, District- Subarnapur in favour of the Licensee, Sri Sarjan Sahu,",ODISHA,SARJAN SAHU,SEIAA,EC Granted,ODISHA,5(g) Distilleries
220,SIA/OR/IND2/482554/2024,"Clearance Type: Application for Transfer of EC- Form-7
S/W No.: SW/191721/2024
Category: B2
Sector: Industrial Projects - 2
Date of Submission:
19/06/2024","Transfer of EC in the name of M/s Baldeo Sahu Shiva Prasad Sahu in respect of Lakhanpur Main Out Still Liquor manufacturing unit at Lakhanpur under Lakhanpur Tahsil in Jharsuguda district, Odisha",ODISHA,BALDEO SAHU SHIVA PRASAD SAHU,SEIAA,"DELISTED BY SYSTEM
(at : 26/11/2024)",ODISHA,5(g) Distilleries
221,SIA/OR/IND2/482549/2024,"Clearance Type: Application for Transfer of EC- Form-7
S/W No.: SW/191714/2024
Category: B2
Sector: Industrial Projects - 2
Date of Submission:
19/06/2024","Transfer of EC in the name of M/s Baldeo Sahu Shiva Prasad Sahu in respect of Kadamdihi Main Out Still Liquor manufacturing unit at Kadamdihi under Lakhanpur Tahsil in Jharsuguda district, Odisha",ODISHA,BALDEO SAHU SHIVA PRASAD SAHU,SEIAA,"DELISTED BY SYSTEM
(at : 26/11/2024)",ODISHA,5(g) Distilleries
222,SIA/OR/IND2/482285/2024,"Clearance Type: Application for Transfer of EC- Form-7
S/W No.: SW/191454/2024
Category: B2
Sector: Industrial Projects - 2
Date of Submission:
19/06/2024","Transfer of EC in the name of M/s Baldeo Sahu Shiva Prasad Sahu in respect of Belpahar Main Out Still Liquor manufacturing unit at Belpahar under Lakhanpur Tahsil in Jharsuguda district, Odisha",ODISHA,BALDEO SAHU SHIVA PRASAD SAHU,SEIAA,"DELISTED BY SYSTEM
(at : 26/11/2024)",ODISHA,5(g) Distilleries
223,SIA/OR/IND2/476129/2024,"Clearance Type: Application for Transfer of EC- Form-7
S/W No.: SW/184892/2024
Category: B2
Sector: Industrial Projects - 2
Date of Submission:
26/05/2024","Transfer of EC in the name of Sri Balajee in respect of Tusura NAC Main Out Still Liquor manufacturing unit at village – Tusura under Tusura Tahsil in Bolangir district, Odisha.",ODISHA,BALAJEE,SEIAA,EC Rejected,ODISHA,5(g) Distilleries
224,SIA/OR/IND2/476126/2024,"Clearance Type: Application for Transfer of EC- Form-7
S/W No.: SW/184890/2024
Category: B2
Sector: Industrial Projects - 2
Date of Submission:
26/05/2024","Transfer of EC in the name of Sri Balajee in respect of Sirabahal Main Out Still Liquor manufacturing unit at village Sirabahal under Tusura Tahsil in Bolangir district, Odisha.",ODISHA,BALAJEE,SEIAA,"DELISTED BY SYSTEM
(at : 26/11/2024)",ODISHA,5(g) Distilleries
225,SIA/OR/IND2/476121/2024,"Clearance Type: Application for Transfer of EC- Form-7
S/W No.: SW/184885/2024
Category: B2
Sector: Industrial Projects - 2
Date of Submission:
26/05/2024","Transfer of EC in the name of Sri Balajee in respect of Sarasbahal Main Out Still Liquor manufacturing unit at village Sarasbahal under Tusura Tahsil in Bolangir district, Odisha.",ODISHA,BALAJEE,SEIAA,"DELISTED BY SYSTEM
(at : 26/11/2024)",ODISHA,5(g) Distilleries
226,SIA/OR/IND2/476119/2024,"Clearance Type: Application for Transfer of EC- Form-7
S/W No.: SW/184883/2024
Category: B2
Sector: Industrial Projects - 2
Date of Submission:
26/05/2024","Transfer of EC in the name of Sri Balajee in respect of Karamtala Main Out Still Liquor manufacturing unit at village – Karamtala under Saintala Tahsil in Bolangir district, Odisha.",ODISHA,BALAJEE,SEIAA,"DELISTED BY SYSTEM
(at : 26/11/2024)",ODISHA,5(g) Distilleries
227,SIA/OR/IND2/476115/2024,"Clearance Type: Application for Transfer of EC- Form-7
S/W No.: SW/184881/2024
Category: B2
Sector: Industrial Projects - 2
Date of Submission:
26/05/2024","Transfer of EC in the name of Sri Balajee in respect of SiraJamut Main Out Still Liquor manufacturing unit at village Jamut under Tusura Tahsil in Bolangir district, Odisha.",ODISHA,BALAJEE,SEIAA,"DELISTED BY SYSTEM
(at : 26/11/2024)",ODISHA,5(g) Distilleries
228,SIA/OR/IND2/476108/2024,"Clearance Type: Application for Transfer of EC- Form-7
S/W No.: SW/184874/2024
Category: B2
Sector: Industrial Projects - 2
Date of Submission:
26/05/2024","Transfer of EC in the name of Sri Balajee in respect of Gurkhapala Main Out Still Liquor manufacturing unit at village – Gurkhapala under Deogaon Tahsil in Bolangir district, Odisha",ODISHA,BALAJEE,SEIAA,"DELISTED BY SYSTEM
(at : 26/11/2024)",ODISHA,5(g) Distilleries
229,SIA/OR/IND2/476107/2024,"Clearance Type: Application for Transfer of EC- Form-7
S/W No.: SW/184871/2024
Category: B2
Sector: Industrial Projects - 2
Date of Submission:
26/05/2024","Transfer of EC in the name of Sri Balajee in respect of Bindhanpathar Main Out Still Liquor manufacturing unit at village – Pirputa under Saintala Tahsil in Bolangir district, Odisha.",ODISHA,BALAJEE,SEIAA,Proposal returned in present form,ODISHA,5(g) Distilleries
230,SIA/OR/IND2/476104/2024,"Clearance Type: Application for Transfer of EC- Form-7
S/W No.: SW/184868/2024
Category: B2
Sector: Industrial Projects - 2
Date of Submission:
26/05/2024","Transfer of EC in the name of Sri Balajee in respect of Bibina Main Out Still Liquor manufacturing unit at village – Bibina under Saintala Tahsil in Bolangir district, Odisha.",ODISHA,BALAJEE,SEIAA,"DELISTED BY SYSTEM
(at : 26/11/2024)",ODISHA,5(g) Distilleries
231,SIA/OR/IND2/476103/2024,"Clearance Type: Application for Transfer of EC- Form-7
S/W No.: SW/184864/2024
Category: B2
Sector: Industrial Projects - 2
Date of Submission:
26/05/2024","Transfer of EC in the name of Sri Balajee in respect of Babukegaon O.S. Shop located at Ampali, Saintala of Balangir district, Odisha.",ODISHA,BALAJEE,SEIAA,"DELISTED BY SYSTEM
(at : 26/11/2024)",ODISHA,5(g) Distilleries
232,SIA/OR/IND2/476094/2024,"Clearance Type: Application for Transfer of EC- Form-7
S/W No.: SW/184856/2024
Category: B2
Sector: Industrial Projects - 2
Date of Submission:
26/05/2024","Transfer of EC in the name of Sri Balajee in respect of Bhadra Main Out Still Liquor manufacturing unit at village Bhadra under Saitala Tahsil in Bolangir district, Odisha",ODISHA,BALAJEE,SEIAA,EC Rejected,ODISHA,5(g) Distilleries
233,SIA/OR/IND2/470963/2024,"Clearance Type: Application for Transfer of EC- Form-7
S/W No.: SW/179709/2024
Category: B2
Sector: Industrial Projects - 2
Date of Submission:
29/04/2024","Transfer of EC in the name of Sri Balajee in respect of SiraJamut Main Out Still Liquor manufacturing unit at village Jamut under Tusura Tahsil in Bolangir district, Odisha.",ODISHA,BALAJEE,SEIAA,"DELISTED BY SYSTEM
(at : 30/10/2024)",ODISHA,5(g) Distilleries
234,SIA/OR/IND2/470155/2024,"Clearance Type: Application for ToR (Category A, B1, and B2 Violation)/EC (Category B2) - Form 1
S/W No.: SW/178885/2024
Category: B2
Sector: Industrial Projects - 2
Date of Submission:
21/04/2024","Environmental Clearance for Production of country Liquor from the manufacturing unit of M/s Purunakote main O.S Shop At/ Mouza- Purunakote, Tahasil- Angul, District- Angul in favour of the Licensee, Sri Pradeep Kumar Pradhan,",ODISHA,PRADEEP PRADHAN,SEIAA,EC Granted,ODISHA,5(g) Distilleries
235,SIA/OR/IND2/468661/2024,"Clearance Type: Application for ToR (Category A, B1, and B2 Violation)/EC (Category B2) - Form 1
S/W No.: SW/177470/2024
Category: B2
Sector: Industrial Projects - 2
Date of Submission:
07/04/2024","Environmental Clearance for Production of country Liquor from the manufacturing unit of M/s Rangathalli main O.S Shop At/ Mouza- Rangathalli, Tahasil- Mortunga, District- Dhenkanal in favour of the Licensee, Sri Prakash Kumar Sahoo,",ODISHA,PRAKASH SAHOO,SEIAA,EC Granted,ODISHA,5(g) Distilleries
236,SIA/OR/IND2/468657/2024,"Clearance Type: Application for ToR (Category A, B1, and B2 Violation)/EC (Category B2) - Form 1
S/W No.: SW/177466/2024
Category: B2
Sector: Industrial Projects - 2
Date of Submission:
07/04/2024","Environmental Clearance for Production of country Liquor from the manufacturing unit of M/s Pitiri main O.S Shop At/ Mouza- Patiri, Tahasil- Parjang, District- Dhenkanal in favour of the Licensee, Sri Prakash Kumar Sahoo,",ODISHA,PRAKASH SAHOO,SEIAA,EC Granted,ODISHA,5(g) Distilleries
237,SIA/OR/IND2/468547/2024,"Clearance Type: Application for ToR (Category A, B1, and B2 Violation)/EC (Category B2) - Form 1
S/W No.: SW/177263/2024
Category: B2
Sector: Industrial Projects - 2
Date of Submission:
05/04/2024","Environmental Clearance for Production of country Liquor from the manufacturing unit of M/s Natada main O.S Shop At/ Mouza- Natada, Tahasil- Chhendipada, District- Angul in favour of the Licensee, Sri Prakash Kumar Sahoo,",ODISHA,PRAKASH SAHOO,SEIAA,EC Granted,ODISHA,5(g) Distilleries
238,SIA/OR/IND2/468303/2024,"Clearance Type: Application for Validity Extension of EC- Form-6
S/W No.: SW/177155/2024
Category: B2
Sector: Industrial Projects - 2
Date of Submission:
04/04/2024","Environmental Clearance for Production of country Liquor from the manufacturing unit of M/s Patrapali main O.S Shop At/ Mouza- Patrapali, Tahasil- Ullunda, District- Subarnapur in favour of the Licensee Sri Sarjan Sahu",ODISHA,SARJAN SAHU,SEIAA,"DELISTED BY SYSTEM
(at : 30/10/2024)",ODISHA,5(g) Distilleries
239,SIA/OR/IND2/468180/2024,"Clearance Type: Application for ToR (Category A, B1, and B2 Violation)/EC (Category B2) - Form 1
S/W No.: SW/177049/2024
Category: B2
Sector: Industrial Projects - 2
Date of Submission:
04/04/2024","Environmental Clearance for Production of country Liquor from the manufacturing unit of M/s Banarpal main O.S Shop At/ Mouza- Nuahata, Tahasil- Banarapal, District- Angul in favour of the Licensee Sri Bikram Kishore Sahoo,",ODISHA,BIKRAM SAHOO,SEIAA,EC Granted,ODISHA,5(g) Distilleries
240,SIA/OR/IND2/467213/2024,"Clearance Type: Application for Transfer of EC- Form-7
S/W No.: SW/176180/2024
Category: B1
Sector: Industrial Projects - 2
Date of Submission:
24/03/2024","Transfer of EC in the name of Sri Balajee in respect of Sirabahal Main Out Still Liquor manufacturing unit at village Sirabahal under Tusura Tahsil in Bolangir district, Odisha.",ODISHA,BALAJEE,SEIAA,Referred to SEIAA,ODISHA,5(g) Distilleries
241,SIA/OR/IND2/467212/2024,"Clearance Type: Application for Transfer of EC- Form-7
S/W No.: SW/176179/2024
Category: B1
Sector: Industrial Projects - 2
Date of Submission:
24/03/2024","Transfer of EC in the name of Sri Balajee in respect of Sarasbahal Main Out Still Liquor manufacturing unit at village Sarasbahal under Tusura Tahsil in Bolangir district, Odisha.",ODISHA,BALAJEE,SEIAA,"DELISTED BY SYSTEM
(at : 30/10/2024)",ODISHA,5(g) Distilleries
242,SIA/OR/IND2/467209/2024,"Clearance Type: Application for Transfer of EC- Form-7
S/W No.: SW/176175/2024
Category: B1
Sector: Industrial Projects - 2
Date of Submission:
24/03/2024","Transfer of EC in the name of Sri Balajee in respect of Babukegaon Main Out Still Liquor manufacturing unit at village – Babukegaon (Ambapali) under Saintala Tahsil in Bolangir district, Odisha.",ODISHA,BALAJEE,SEIAA,"DELISTED BY SYSTEM
(at : 30/10/2024)",ODISHA,5(g) Distilleries
243,SIA/OR/IND2/467208/2024,"Clearance Type: Application for Transfer of EC- Form-7
S/W No.: SW/176174/2024
Category: B1
Sector: Industrial Projects - 2
Date of Submission:
24/03/2024","Transfer of EC in the name of Sri Balajee in respect of Karamtala Main Out Still Liquor manufacturing unit at village – Karamtala under Saintala Tahsil in Bolangir district, Odisha.",ODISHA,BALAJEE,SEIAA,"DELISTED BY SYSTEM
(at : 30/10/2024)",ODISHA,5(g) Distilleries
244,SIA/OR/IND2/467196/2024,"Clearance Type: Application for Transfer of EC- Form-7
S/W No.: SW/176166/2024
Category: B1
Sector: Industrial Projects - 2
Date of Submission:
24/03/2024","Transfer of EC in the name of Sri Balajee in respect of Gurkhapala Main Out Still Liquor manufacturing unit at village – Gurkhapala under Deogaon Tahsil in Bolangir district, Odisha",ODISHA,BALAJEE,SEIAA,"DELISTED BY SYSTEM
(at : 30/10/2024)",ODISHA,5(g) Distilleries
245,SIA/OR/IND2/467193/2024,"Clearance Type: Application for Transfer of EC- Form-7
S/W No.: SW/176164/2024
Category: B1
Sector: Industrial Projects - 2
Date of Submission:
24/03/2024","Transfer of EC in the name of Sri Balajee in respect of Bindhanpathar Main Out Still Liquor manufacturing unit at village – Pirputa under Saintala Tahsil in Bolangir district, Odisha.",ODISHA,BALAJEE,SEIAA,"DELISTED BY SYSTEM
(at : 30/10/2024)",ODISHA,5(g) Distilleries
246,SIA/OR/IND2/467179/2024,"Clearance Type: Application for Transfer of EC- Form-7
S/W No.: SW/176153/2024
Category: B1
Sector: Industrial Projects - 2
Date of Submission:
23/03/2024","Transfer of EC in the name of Sri Balajee in respect of Bibina Main Out Still Liquor manufacturing unit at village – Bibina under Saintala Tahsil in Bolangir district, Odisha.",ODISHA,BALAJEE,SEIAA,"DELISTED BY SYSTEM
(at : 30/10/2024)",ODISHA,5(g) Distilleries
247,SIA/OR/IND2/467177/2024,"Clearance Type: Application for Transfer of EC- Form-7
S/W No.: SW/176152/2024
Category: B1
Sector: Industrial Projects - 2
Date of Submission:
23/03/2024","Transfer of EC in the name of Sri Balajee in respect of Bhadra Main Out Still Liquor manufacturing unit at village – Bhadra under Saintala Tahsil in Bolangir district, Odisha.",ODISHA,BALAJEE,SEIAA,"DELISTED BY SYSTEM
(at : 30/10/2024)",ODISHA,5(g) Distilleries
248,SIA/OR/IND2/466874/2024,"Clearance Type: Application for Transfer of EC- Form-7
S/W No.: SW/175835/2024
Category: B1
Sector: Industrial Projects - 2
Date of Submission:
23/03/2024","Transfer of EC in the name of Sri Balajee in respect of Tusura NAC Main Out Still Liquor manufacturing unit at village – Tusura under Tusura Tahsil in Bolangir district, Odisha.",ODISHA,BALAJEE,SEIAA,EC Rejected,ODISHA,5(g) Distilleries
249,SIA/OR/IND2/457497/2024,"Clearance Type: Application for ToR (Category A, B1, and B2 Violation)/EC (Category B2) - Form 1
S/W No.: SW/167382/2024
Category: B2
Sector: Industrial Projects - 2
Date of Submission:
04/01/2024","Proposal for production of 1.080 KLD of Mahua FLower Based Country Liquor Manufacturing Unit, Sinapali Main Out Still Liquor Shop at village-Sinapali, Tahasil-Sinapali, District-Nuapada, Odisha of the Licensee Sri Shashank Kumar Sahu",ODISHA,SHASHANK SAHU,SEIAA,EC Granted,ODISHA,5(g) Distilleries
250,SIA/OR/IND2/457490/2024,"Clearance Type: Application for ToR (Category A, B1, and B2 Violation)/EC (Category B2) - Form 1
S/W No.: SW/167381/2024
Category: B2
Sector: Industrial Projects - 2
Date of Submission:
03/01/2024","Proposal for production of 0.810 KLD of Mahua FLower Based Country Liquor Manufacturing Unit, Nilji Main Out Still Liquor Shop at village-Nilji, Tahasil-Sinapali, District-Nuapada, Odisha of the Licensee Sri Shashank Kumar Sahu",ODISHA,SHASHANK SAHU,SEIAA,EC Granted,ODISHA,5(g) Distilleries
251,SIA/OR/IND2/457371/2024,"Clearance Type: Application for ToR (Category A, B1, and B2 Violation)/EC (Category B2) - Form 1
S/W No.: SW/167380/2024
Category: B2
Sector: Industrial Projects - 2
Date of Submission:
02/01/2024","Proposal for production of 0.810 KLD of Mahua FLower Based Country Liquor Manufacturing Unit, Hatibandha Main Out Still Liquor Shop at village-Hatibandha, Tahasil-Sinapali, District-Nuapada, Odisha of the Licensee Sri Shashank Kumar Sahu",ODISHA,SHASHANK SAHU,SEIAA,EC Granted,ODISHA,5(g) Distilleries
252,SIA/OR/IND2/457364/2024,"Clearance Type: Application for ToR (Category A, B1, and B2 Violation)/EC (Category B2) - Form 1
S/W No.: SW/167379/2024
Category: B2
Sector: Industrial Projects - 2
Date of Submission:
01/01/2024","Proposal for production of 0.540KLD of Mahua FLower Based Country Liquor Manufacturing Unit, Gorla Main Out Still Liquor Shop at village-Gorla, Tahasil-Sinapali, District-Nuapada, Odisha of the Licensee Sri Shashank Kumar Sahu",ODISHA,SHASHANK SAHU,SEIAA,EC Granted,ODISHA,5(g) Distilleries
253,SIA/OR/IND2/457357/2024,"Clearance Type: Application for ToR (Category A, B1, and B2 Violation)/EC (Category B2) - Form 1
S/W No.: SW/167328/2024
Category: B2
Sector: Industrial Projects - 2
Date of Submission:
01/01/2024","Proposal for Production of 0.540KLD Mohua Flower Based Country Liquor Manufacturing Unit, Gandabahali Main Out Still Liquor Shop at Gandabahali, Tahasil-Khariyar, Dist-Nuapada, Odisha of the Licensee Sri Shashank Kumar Sahu",ODISHA,SHASHANK SAHU,SEIAA,EC Granted,ODISHA,5(g) Distilleries
254,SIA/OR/IND2/431394/2023,"Clearance Type: Application for ToR (Category A, B1, and B2 Violation)/EC (Category B2) - Form 1
S/W No.: SW/130777/2023
Category: B2
Sector: Industrial Projects - 2
Date of Submission:
12/12/2023","Application of EC for Production of 1.0 KLD Mohua Flower Based Out Still country Liquor manufacturing unit, M/s Dadhiamajhiguda main O.S Shop At/ Mouza- Butimajhi Simla, Tahasil- Kodinga, District- Nabarangpur in favour of the Licensee Sri Subash Chandra Agrawal.",ODISHA,SUBHASA AGRAWAL,SEIAA,EC Granted,ODISHA,5(g) Distilleries
255,SIA/OR/IND2/431412/2023,"Clearance Type: Application for ToR (Category A, B1, and B2 Violation)/EC (Category B2) - Form 1
S/W No.: SW/130783/2023
Category: B2
Sector: Industrial Projects - 2
Date of Submission:
12/12/2023","Application of EC for Production of 1.35 KLD Mohua Flower Based Out Still country Liquor manufacturing unit, M/s Pottangi main O.S Shop At/ Mouza/ Tahasil- Pottangi, District- Koraput in favour of the Licensee Sri Subash Chandra Agrawal.",ODISHA,SUBHASA AGRAWAL,SEIAA,EC Granted,ODISHA,5(g) Distilleries
256,SIA/OR/IND2/454974/2023,"Clearance Type: Application for ToR (Category A, B1, and B2 Violation)/EC (Category B2) - Form 1
S/W No.: SW/137238/2023
Category: B2
Sector: Industrial Projects - 2
Date of Submission:
09/12/2023","Proposal for production of 1.080 KLD Mahua Flower Based Country Liquor Manufacturing Unit, Main Out Still Liquor Shop, Binapur at Village- Binapur, Tahasil- Boden, District- Nuapada, Odisha",ODISHA,SHASHANK SAHU,SEIAA,EC Granted,ODISHA,5(g) Distilleries
257,SIA/OR/IND2/433708/2023,"Clearance Type: Application for ToR (Category A, B1, and B2 Violation)/EC (Category B2) - Form 1
S/W No.: SW/133486/2023
Category: B2
Sector: Industrial Projects - 2
Date of Submission:
25/11/2023","Application of EC for Production of 0.54 KLD Mohua Flower Based Out Still country Liquor manufacturing unit, M/s Dudukabahal main O.S Shop At/ Mouza- Dudukabahal, Tahasil- Kashipur, District- Rayagada in favour of the Licensee Smt Maladevi Agrawal.",ODISHA,MALA AGRAWAL,SEIAA,EC Granted,ODISHA,5(g) Distilleries
258,SIA/OR/IND2/445514/2023,"Clearance Type: Application for ToR (Category A, B1, and B2 Violation)/EC (Category B2) - Form 1
S/W No.: SW/144752/2023
Category: B1
Sector: Industrial Projects - 2
Date of Submission:
23/09/2023","Grain and Malt Based Distillery Plant Project of 30 KLPD along with 1.5 MW Co-generation Power Plant located at Village-Barapada, P.O. Garudagaon Tangi, District -Cuttack, Odisha.",ODISHA,OM PRAKASH,SEIAA,"DELISTED BY SYSTEM
(at : 30/10/2024)",ODISHA,5(g) Distilleries
259,SIA/OR/IND2/425934/2023,"Clearance Type: Application for ToR (Category A, B1, and B2 Violation)/EC (Category B2) - Form 1
S/W No.: SW/125973/2023
Category: B2
Sector: Industrial Projects - 2
Date of Submission:
20/04/2023","Proposed production of 1.0 KLD Mahua flower based Out Still Country liquor manufacturing unit of Surangi Main O.S Liquor Shop at- Surangigada, Tahasil- Patrapur, Dist.- Ganjam of the licensee Smt. Sulekha Padhy",ODISHA,SULEKHA PADHY,SEIAA,EC Granted,ODISHA,5(g) Distilleries
260,SIA/OR/IND2/422287/2023,"Clearance Type: Application for EC (Category A, B1, and B2 Violation)- Form 1
S/W No.: SW/122497/2023
Category: B1
Sector: Industrial Projects - 2
Date of Submission:
17/03/2023","Proposed Grain Based Distillary unit (100 KLPD) with Co-generating Power plant (3MW)Project to be set up over an area of 19.9 Acres (8.053 Ha) at Saptasajya, Dhenkanal, Odisha by M/s Indalc Spirits Pvt. Ltd",ODISHA,INDALC SPIRITS PRIVATE LIMITED,SEIAA,EC Granted,ODISHA,5(g) Distilleries
1,SIA/OR/IND1/585461/2026,"Clearance Type: Application for Transfer of EC- Form-7
S/W No.: SW/289208/2026
Category: B1
Sector: Industrial Projects - 1
Date of Submission:
16/07/2026","Transfer of Environmental Clearance for 12.5 MTPA Cement Plant at Angul, Odisha from Jindal Panther Cement Private Limited to Jindal Cement Industries Private Limited",ODISHA,JINDAL CEMENT INDUSTRIES PRIVATE LIMITED,SEIAA,Under Verification,ODISHA,3(b) Cement plants
2,SIA/OR/IND1/566468/2026,"Clearance Type: Application for Transfer of EC- Form-7
S/W No.: SW/273103/2026
Category: B1
Sector: Industrial Projects - 1
Date of Submission:
22/01/2026","Transfer of Environmental Clearance for Phase-1 (0.386 MTPA as per valid CTO) of the Cement Grinding Unit located at Village: Indranipatna, Tehsil: Tangi-Choudwar, Dist-Cuttack from M/s Toshali Cements Pvt. Ltd. to JK Cement Works, Choudwar (A unit of JK Cement Ltd.)",ODISHA,J K CEMENT LIMITED,SEIAA,"DELISTED BY SYSTEM
(at : 01/06/2026)",ODISHA,3(b) Cement plants
3,SIA/OR/IND1/564638/2026,"Clearance Type: Application for ToR (Category A, B1, and B2 Violation)/EC (Category B2) - Form 1
S/W No.: SW/271560/2026
Category: B2
Sector: Industrial Projects - 1
Date of Submission:
07/01/2026",FLY ASH BRICKS AND CEMENT BRICKS,ODISHA,ABHIMANYU KHOSLA,SEIAA,Under Verification,ODISHA,3(b) Cement plants
4,SIA/OR/IND1/561517/2025,"Clearance Type: Application for Transfer of EC- Form-7
S/W No.: SW/268779/2025
Category: B1
Sector: Industrial Projects - 1
Date of Submission:
12/12/2025","Transfer of Environmental Clearance vide Ref No: 608/SEIAA dated 04th March, 2013 issued by SEIAA, Odisha for 01 MTPA Cement Grinding unit at Village: Indranipatna, Tehsil: Tangi - Choudwar, Dist – Cuttack, Odisha from M/s Toshali Cements Pvt. Ltd. to JK Cement Works, Choudwar (a unit of M/s JK Cement Limited)",ODISHA,J K CEMENT LIMITED,SEIAA,EC Rejected,ODISHA,3(b) Cement plants
5,SIA/OR/IND1/555921/2025,"Clearance Type: Application for EC (Category A, B1, and B2 Violation)- Form 1
S/W No.: SW/238585/2025
Category: B1
Sector: Industrial Projects - 1
Date of Submission:
31/10/2025","Expansion in Cement Production Capacity from 5.1 Million TPA to 8.1 Million TPA of Existing Standalone Grinding Unit by installation of New Line - II (3.0 Million TPA) at Village: Dhutra, PO: Arda, Tehsil: Kirmira, District: Jharsuguda (Odisha) by M/s. UltraTech Cement Ltd. (Unit: Jhasuguda Cement Works)",ODISHA,UltraTech Cement Limited,SEIAA,EC Granted,ODISHA,3(b) Cement plants
6,SIA/OR/IND1/543874/2025,"Clearance Type: Application for Transfer of EC- Form-7
S/W No.: SW/252995/2025
Category: B1
Sector: Industrial Projects - 1
Date of Submission:
05/07/2025","Proposal of establishment of 1.5 MTPA of Cement Grinding Unit to Produce PSC, PPC & GGBS At Village - Kachergaon, Dasmania & Chandia, Tahasil - Danagadi, Dist - Jajpur",ODISHA,SAGAR CEMENTS LIMITED,SEIAA,EC Granted,ODISHA,3(b) Cement plants
7,SIA/OR/IND1/525492/2025,"Clearance Type: Application for amendment in ToR (for categories A & B1)/Amendment in EC (for category B2)- Form-3
S/W No.: SW/137419/2023
Category: B1
Sector: Industrial Projects - 1
Date of Submission:
20/03/2025","Expansion of Cement Production Capacity (3.0 Million TPA to 6.0 Million TPA) of Existing Clinker Grinding unit at Villages: Khamarnuagam & Kolthpangi, Tehsil: Athgarh, District: Cuttack (Odisha) by M/s. UltraTech Cement Limited (Unit: Cuttack Cement Works))",ODISHA,UltraTech Cement Limited,SEIAA,ToR Granted,ODISHA,3(b) Cement plants
8,SIA/OR/IND1/437610/2023,"Clearance Type: Application for ToR (Category A, B1, and B2 Violation)/EC (Category B2) - Form 1
S/W No.: SW/137419/2023
Category: B1
Sector: Industrial Projects - 1
Date of Submission:
04/05/2024","Expansion of Cement Production Capacity (3.0 Million TPA to 6.0 Million TPA) of Existing Clinker Grinding unit at Villages: Khamarnuagam & Kolthpangi, Tehsil: Athgarh, District: Cuttack (Odisha) by M/s. UltraTech Cement Limited (Unit: Cuttack Cement Works))",ODISHA,UltraTech Cement Limited,SEIAA,ToR Granted,ODISHA,3(b) Cement plants
9,SIA/OR/IND1/455736/2023,"Clearance Type: Application for ToR (Category A, B1, and B2 Violation)/EC (Category B2) - Form 1
S/W No.: SW/151582/2023
Category: B1
Sector: Industrial Projects - 1
Date of Submission:
13/02/2024","Proposal for installation of a Cement Grinding Unit of capacity 15000 tonne per annum located in Industrial Estate of Jharsuguda in village Ektali Dist-Jharsuguda, Odisha.",ODISHA,ARUN MUNDRA,SEIAA,Proposal returned in present form,ODISHA,3(b) Cement plants
10,SIA/OR/IND1/442846/2023,"Clearance Type: Application for ToR (Category A, B1, and B2 Violation)/EC (Category B2) - Form 1
S/W No.: SW/141762/2023
Category: B1
Sector: Industrial Projects - 1
Date of Submission:
02/02/2024",M/s. Infrastructure Unit Two,ODISHA,ARUN MUNDRA,SEIAA,ToR Granted,ODISHA,3(b) Cement plants
11,SIA/OR/IND1/406696/2022,"Clearance Type: Application for EC (Category A, B1, and B2 Violation)- Form 1
S/W No.: SW/107490/2022
Category: B1
Sector: Industrial Projects - 1
Date of Submission:
16/11/2022","Greenfield Project for installation of Cement Grinding Unit of capacity 3.0 MTPA (1.5 MTPA in Phase-1 & 1.5 MTPA in Phase-2) at Village – Byree, Tahasil – Darpan, District – Jajpur, Odisha by M/s. My Home Industries Pvt. Ltd.",ODISHA,SURESH BATTU,SEIAA,EC Granted,ODISHA,3(b) Cement plants
1,SIA/OR/IND2/558083/2026,"Clearance Type: Application for Transfer of EC- Form-7
S/W No.: SW/265658/2025
Category: A
Sector: Industrial Projects - 2
Date of Submission:
13/01/2026","Regarding Name Change of Company in Environment clearance letter issued by Ministry of Environment, Forest & Climate Change, New Delhi from Premier Alcobev Private Limited to Premier Green Innovations Private Limited for the Proposed 200 KLPD Grain based Ethanol Plant along with 6.0 MW Cogeneration Power Plant at Village Deogaon, Tehsil Maneswar, District Sambalpur (Odisha).",ODISHA,PREMIER GREEN INNOVATIONS PRIVATE LIMITED,SEIAA,"DELISTED BY SYSTEM
(at : 25/05/2026)",ODISHA,5(ga) Grain based distilleries
2,SIA/OR/IND2/548506/2025,"Clearance Type: Application for Validity Extension of EC- Form-6
S/W No.: SW/257265/2025
Category: B2
Sector: Industrial Projects - 2
Date of Submission:
18/08/2025","Proposal for Extension of EC for Production of 1.0 KLD Mahua Flower Based Country Liquor manufacturing Unit, M/s. Sikula Main Out Still Liquor Shop, At village-Sikula, Dist-Ganjam of Sri Suresh Chandra Sahu",ODISHA,SURESH SAHU,SEIAA,EC Granted,ODISHA,5(ga) Grain based distilleries
3,SIA/OR/IND2/530344/2025,"Clearance Type: Application for ToR (Category A, B1, and B2 Violation)/EC (Category B2) - Form 1
S/W No.: SW/240793/2025
Category: B1
Sector: Industrial Projects - 2
Date of Submission:
20/03/2025",Proposed 120 KLPD Grain Based Ethanol Plant & 3.5 MW Co Generation Power Plant Project,ODISHA,SHREEVASH AGRO INDIA PRIVATE LIMITED,SEIAA,ToR Granted,ODISHA,5(ga) Grain based distilleries
4,SIA/OR/IND2/515025/2024,"Clearance Type: Application for ToR (Category A, B1, and B2 Violation)/EC (Category B2) - Form 1
S/W No.: SW/226606/2024
Category: B1
Sector: Industrial Projects - 2
Date of Submission:
24/12/2024",Proposed 120 KLPD Grain Based Ethanol Plant & 3.5 MW Co Generation Power Plant Project,ODISHA,SHREEVASH AGRO INDIA PRIVATE LIMITED,SEIAA,ToR Rejected,ODISHA,5(ga) Grain based distilleries
1,SIA/OR/IND1/563575/2026,"Clearance Type: Application for ToR (Category A, B1, and B2 Violation)/EC (Category B2) - Form 1
S/W No.: SW/270589/2025
Category: B1
Sector: Industrial Projects - 1
Date of Submission:
18/02/2026","Proposed production of 4,00,000 TPA MS-Billets through 6 X 20 Tons Induction Furnace, 2 X 30 Tons LRF along with CCM 2 x 2 strand, 6/11 radius, and production of 3,88,350 TPA Rolled products by installing Rolling Mills of 2 x 25 TPH capacity and Reheating Furnace of 2 X 30 TPH (emergency use) and slag crushing unit of 1 X 15 TPH at village – Salarapenth, Tehsil – Keonjhar Sadar, District – Keonjhar, Odisha by M/s Siddhiriddhi International Private Limited.",ODISHA,M/S SIDDHIRIDDHI INTERNATIONAL PRIVATE LIMITED,SEIAA,Proposal returned in present form,ODISHA,3(a) Metallurgical Industries (ferrous and non ferrous)
2,SIA/OR/IND1/564028/2026,"Clearance Type: Application for ToR (Category A, B1, and B2 Violation)/EC (Category B2) - Form 1
S/W No.: SW/271028/2026
Category: B1
Sector: Industrial Projects - 1
Date of Submission:
02/02/2026","GREENFIELD SECONDARY METALLURGICAL PROJECT OF NARROW HOT STRIP MILL (6,00,000 TPA), PLATE CUM STECKEL MILL (3,00,000 TPA) & COLD ROLLING MILL (6,00,000 TPA), LOCATED AT MOUZA JANGALA, PONDLOI, TEHSIL - RENGALI, PS-KATARBAGA, DIST.-SAMBALPUR, ODISHA BY M/S STAR METALWORKS PRIVATE LIMITED (UNIT 2), 02ND FLOOR, 5 C.R. AVENUE, PRINCEP STREET, KOLKATA – 700072",ODISHA,STAR METALWORKS PRIVATE LIMITED,SEIAA,ToR Granted,ODISHA,3(a) Metallurgical Industries (ferrous and non ferrous)
3,SIA/OR/IND1/559513/2025,"Clearance Type: Application for EC (Category A, B1, and B2 Violation)- Form 1
S/W No.: SW/145567/2023
Category: B1
Sector: Industrial Projects - 1
Date of Submission:
27/11/2025","Merger of New Laxmi Steel & Power Pvt. Ltd. & New Laxmi Industry Pvt. Ltd., located adjacent at Jayamangala, Sarua, Khordha to form a single entity named as New Laxmi Steel & Power Pvt. Ltd. & Expansion of existing IF from 58,700 TPA (2 X 8 T + 1X10T) to final 4,45, 500 TPA (Replacement of existing 2 X 8T with new 2 X 25T, existing 1 x 10 T and new 3 x 25 T ) and No expansion of Existing 1,44,000 TPA Rolling mill, 1,20,000 TPA Structural mill & 29,000 TPA Galvanized Steel.",ODISHA,NEW LAXMI STEEL & POWER PRIVATE LIMITED,SEIAA,"DELISTED BY SYSTEM
(at : 28/06/2026)",ODISHA,3(a) Metallurgical Industries (ferrous and non ferrous)
4,SIA/OR/IND1/553752/2025,"Clearance Type: Application for ToR (Category A, B1, and B2 Violation)/EC (Category B2) - Form 1
S/W No.: SW/261877/2025
Category: B1
Sector: Industrial Projects - 1
Date of Submission:
01/10/2025","GREENFIELD SECONDARY METALLURGICAL PROJECT OF NARROW HOT STRIP MILL (6,00,000 TPA), PLATE CUM STECKEL MILL (3,00,000 TPA) & COLD ROLLING MILL (6,00,000 TPA), LOCATED AT MOUZA JANGALA, PONDLOI, TEHSIL - RENGALI, PS-KATARBAGA, DIST.-SAMBALPUR, ODISHA BY M/S STAR METALWORKS PRIVATE LIMITED (UNIT 2), 02ND FLOOR, 5 C.R. AVENUE, PRINCEP STREET, KOLKATA – 700072",ODISHA,STAR METALWORKS PRIVATE LIMITED,SEIAA,ToR Rejected,ODISHA,3(a) Metallurgical Industries (ferrous and non ferrous)
5,SIA/OR/IND1/545301/2025,"Clearance Type: Application for ToR (Category A, B1, and B2 Violation)/EC (Category B2) - Form 1
S/W No.: SW/253885/2025
Category: B1
Sector: Industrial Projects - 1
Date of Submission:
20/08/2025","PROPOSED INSTALLATION OF 4 x 12T INDUCTION FURNACE TO PRODUCE 1,14,048 TPA OF BILLETS (2 STRAND BILLET CASTEER) & SLAG CRUSHER HAVING CAPACITY OF 26,400 TPA OVER AN AREA OF 16.38 AC. AT VILLAGE- PANDLOI, BLOCK-RENGALI, DISTRICT- SAMBALPUR, ODISHA",ODISHA,Shyam Metalics and energy Limited unit 2,SEIAA,ToR Granted,ODISHA,3(a) Metallurgical Industries (ferrous and non ferrous)
6,SIA/OR/IND1/533562/2025,"Clearance Type: Application for EC (Category A, B1, and B2 Violation)- Form 1
S/W No.: SW/137162/2023
Category: B1
Sector: Industrial Projects - 1
Date of Submission:
14/04/2025","Regularization of Re-Rolling Mill Plant of 60000 TPA (Roads, Angels, Flats, Bars & Patti) and Galvanization Unit of 30000 TPA capacity, in compliance to the MoEF&CC Notification dated 20th July 2022 at Village Ratakhandi, PO: Bisra, Dist: Sundergarh, Odisha by M/s Maa Bhagwati Re-Rolling Mills Pvt. Ltd.",ODISHA,MAA BHAGAWATI RE ROLLING MILLS PRIVATE LIMITED,SEIAA,"DELISTED BY SYSTEM
(at : 30/01/2026)",ODISHA,3(a) Metallurgical Industries (ferrous and non ferrous)
7,SIA/OR/IND1/506346/2024,"Clearance Type: Application for ToR (Category A, B1, and B2 Violation)/EC (Category B2) - Form 1
S/W No.: SW/217607/2024
Category: B1
Sector: Industrial Projects - 1
Date of Submission:
19/11/2024","Greenfield Steel Coil project comprising of Narrow Hot Strip Mill (6,00,000 TPA), Plate Cum Steckel Mill (6,00,000 TPA) & Cold Rolling Mill (3,00,000 TPA) located at Mouza – Pondloi, Tehsil – Rengali, PS – Katarbaga, Dist -Sambalpur, Odisha by M/s Star Metalworks Private Limited",ODISHA,STAR METALWORKS PRIVATE LIMITED,SEIAA,ToR Rejected,ODISHA,3(a) Metallurgical Industries (ferrous and non ferrous)
8,SIA/OR/IND1/502826/2024,"Clearance Type: Application for EC (Category A, B1, and B2 Violation)- Form 1
S/W No.: SW/172307/2024
Category: B1
Sector: Industrial Projects - 1
Date of Submission:
24/10/2024","Greenfield Project of Cold Rolling Mill for manufacturing of 1,20,000 TPA Aluminium Coil/Flat Rolled Products & Battery Foil of Capacity",ODISHA,SMEL STEEL STRUCTURAL PRIVATE LIMITED,SEIAA,EC Granted,ODISHA,3(a) Metallurgical Industries (ferrous and non ferrous)
9,SIA/OR/IND1/501938/2024,"Clearance Type: Application for ToR (Category A, B1, and B2 Violation)/EC (Category B2) - Form 1
S/W No.: SW/212663/2024
Category: B2
Sector: Industrial Projects - 1
Date of Submission:
22/10/2024","Proposed Greenfield Project for Installation of 3 x 12 Tonne/ Heat SMS for production of 1,04,000 TPA Billets, Rolling Mill for Production of 1,00,700 TPA Rolled Products and Tube Mill for the production of 98,725 TPA MS Round, SHS (Square Hollow Section), and RHS (Rectangular Hollow Section) pipes and tubes by M/s Sri Trinetra Iron and Steels Pvt. Ltd. located at Village San- Brahmanitarang, Tehsil – Lathikata, District – Sundargarh, Odisha",ODISHA,SRI TRINETRA IRON AND STEELS PRIVATE LIMITED,SEIAA,EC Rejected,ODISHA,3(a) Metallurgical Industries (ferrous and non ferrous)
10,SIA/OR/IND1/471208/2024,"Clearance Type: Application for EC (Category A, B1, and B2 Violation)- Form 1
S/W No.: SW/124316/2023
Category: B1
Sector: Industrial Projects - 1
Date of Submission:
17/05/2024","Greenfield project for Production of 500,000 TPA Rolled Products at Kalinganagar Industrial complex, Village – Jakhapura, Tehsil – Danagadi, District – Jajpur, Odisha by M/s Beekay Utkal Steel Private Limited.",ODISHA,BEEKAY UTKAL STEEL PRIVATE LIMITED,SEIAA,"DELISTED BY SYSTEM
(at : 01/06/2025)",ODISHA,3(a) Metallurgical Industries (ferrous and non ferrous)
11,SIA/OR/IND1/470111/2024,"Clearance Type: Application for ToR (Category A, B1, and B2 Violation)/EC (Category B2) - Form 1
S/W No.: SW/178845/2024
Category: B1
Sector: Industrial Projects - 1
Date of Submission:
20/04/2024","Manufacturing of direct drawn high carbon spring wire 1.40 MM to 2.20 MM, Steel wire Rope 8 MM to 22 mm, Fine Wires 0.60 MM to 1.30 MM.",ODISHA,PENGUIN TRADING & AGENCIES LTD,SEIAA,Standard ToR Granted,ODISHA,3(a) Metallurgical Industries (ferrous and non ferrous)
12,SIA/OR/IND1/466841/2024,"Clearance Type: Application for ToR (Category A, B1, and B2 Violation)/EC (Category B2) - Form 1
S/W No.: SW/175756/2024
Category: B1
Sector: Industrial Projects - 1
Date of Submission:
23/03/2024","Post Facto EC for the existing rolling mill of capacity 86400 TPA ( 7200 TPM) along with Producer gas plant ( PGP ) of capacity 1 x 4200 Nm3/ Hr By M/s Scan steels Ltd. ( Unit - I) located at Ramabahal ( Laing ) , District - Sundargarh , Odisha",ODISHA,SCAN STEELS LIMITED,SEIAA,"DELISTED BY SYSTEM
(at : 30/10/2024)",ODISHA,3(a) Metallurgical Industries (ferrous and non ferrous)
13,SIA/OR/IND1/464277/2024,"Clearance Type: Application for ToR (Category A, B1, and B2 Violation)/EC (Category B2) - Form 1
S/W No.: SW/172307/2024
Category: B1
Sector: Industrial Projects - 1
Date of Submission:
28/02/2024","Greenfield Project of Cold Rolling Mill for manufacturing of 1,20,000 TPA Aluminium Coil/Flat Rolled Products & Battery Foil of Capacity",ODISHA,SMEL STEEL STRUCTURAL PRIVATE LIMITED,SEIAA,Standard ToR Granted,ODISHA,3(a) Metallurgical Industries (ferrous and non ferrous)
14,SIA/OR/IND1/453571/2023,"Clearance Type: Application for ToR (Category A, B1, and B2 Violation)/EC (Category B2) - Form 1
S/W No.: SW/152597/2023
Category: B1
Sector: Industrial Projects - 1
Date of Submission:
10/02/2024","Regularization of existing rolling mill for the production of Rerolled steel products (M.S. Pipe) - 60,000 MTPA at IDCO Plot No..75 & 75A, Sector-B, Kalunga Industrial Estate, Kalunga, Roukela, Sundargarh, Odisha by M/s Panesar Steel & Power Ltd",ODISHA,PANESAR STEEL & POWER LIMITED,SEIAA,"DELISTED BY SYSTEM
(at : 30/10/2024)",ODISHA,3(a) Metallurgical Industries (ferrous and non ferrous)
15,SIA/OR/IND1/446560/2023,"Clearance Type: Application for ToR (Category A, B1, and B2 Violation)/EC (Category B2) - Form 1
S/W No.: SW/145567/2023
Category: B1
Sector: Industrial Projects - 1
Date of Submission:
02/02/2024","Merger of New Laxmi Steel & Power Pvt. Ltd. & New Laxmi Industry Pvt. Ltd., located adjacent at Jayamangala, Sarua, Khordha to form a single entity named as New Laxmi Steel & Power Pvt. Ltd. & Expansion of existing IF from 58,700 TPA (2 X 8 T + 1X10T) to final 4,45, 500 TPA (Replacement of existing 2 X 8T with new 2 X 25T, existing 1 x 10 T and new 3 x 25 T ) and No expansion of Existing 1,44,000 TPA Rolling mill, 1,20,000 TPA Structural mill & 29,000 TPA Galvanized Steel.",ODISHA,NEW LAXMI STEEL & POWER PRIVATE LIMITED,SEIAA,ToR Granted,ODISHA,3(a) Metallurgical Industries (ferrous and non ferrous)
16,SIA/OR/IND1/455054/2023,"Clearance Type: Application for ToR (Category A, B1, and B2 Violation)/EC (Category B2) - Form 1
S/W No.: SW/154235/2023
Category: B1
Sector: Industrial Projects - 1
Date of Submission:
11/12/2023",BeePee Rollers Pvt Ltd,ODISHA,BEE PEE ROLLERS PVT LTD,SEIAA,"DELISTED BY SYSTEM
(at : 30/10/2024)",ODISHA,3(a) Metallurgical Industries (ferrous and non ferrous)
17,SIA/OR/IND1/445277/2023,"Clearance Type: Application for ToR (Category A, B1, and B2 Violation)/EC (Category B2) - Form 1
S/W No.: SW/144502/2023
Category: B1
Sector: Industrial Projects - 1
Date of Submission:
03/10/2023","Regularization of the existing project of Rolling Mill having capacity of 90,000 MT/Annum at Khata No.-124/285, Plot No.-1212/1740, Village-Mandiakudar, PO-Chungimati, Tehsil-Rajgangpur, District-Sundargarh, State-Odisha.",ODISHA,SUBHLABH CEMENTS PRIVATE LIMITED,SEIAA,TOR Granted,ODISHA,3(a) Metallurgical Industries (ferrous and non ferrous)
18,SIA/OR/IND1/437577/2023,"Clearance Type: Application for EC (Category A, B1, and B2 Violation)- Form 1
S/W No.: SW/106309/2022
Category: B1
Sector: Industrial Projects - 1
Date of Submission:
21/07/2023","Greenfield project for Production of 750,000 TPA Rolled Products at Kalinganagar Industrial complex, Village – Jakhapura, Tehsil – Danagadi, District – Jajpur, Odisha by M/s Jatia Steel Limited.",ODISHA,JATIA STEEL LIMITED,SEIAA,EC Granted,ODISHA,3(a) Metallurgical Industries (ferrous and non ferrous)
19,SIA/OR/IND1/437344/2023,"Clearance Type: Application for ToR (Category A, B1, and B2 Violation)/EC (Category B2) - Form 1
S/W No.: SW/137162/2023
Category: B1
Sector: Industrial Projects - 1
Date of Submission:
19/07/2023","Regularization of Re-Rolling Mill Plant of 60000 TPA (Roads, Angels, Flats, Bars & Patti) and Galvanization Unit of 30000 TPA capacity, in compliance to the MoEF&CC Notification dated 20th July 2022 at Village Ratakhandi, PO: Bisra, Dist: Sundergarh, Odisha by M/s Maa Bhagwati Re-Rolling Mills Pvt. Ltd.",ODISHA,MAA BHAGAWATI RE ROLLING MILLS PRIVATE LIMITED,SEIAA,TOR Granted,ODISHA,3(a) Metallurgical Industries (ferrous and non ferrous)
20,SIA/OR/IND1/437401/2023,"Clearance Type: Application for ToR (Category A, B1, and B2 Violation)/EC (Category B2) - Form 1
S/W No.: SW/137214/2023
Category: B1
Sector: Industrial Projects - 1
Date of Submission:
19/07/2023","Regularization of Re-Rolling Mill Plant for Re-rolled steel products (M.S. Pipe)- 1,10,000 MTPA & Galvanized Pipe- 36,000 MTPA, in compliance to the MoEF&CC, New Delhi vid no. S.O. 3250 (E) dt. 20th July 2022 at Plot No. 237/412 & 238 Village Bijabahal, PO: Kuarmunda District- Sundargarh, Odisha by M/s Sterling Industries",ODISHA,STERLING INDUSTRIES,SEIAA,EDS raised,ODISHA,3(a) Metallurgical Industries (ferrous and non ferrous)
21,SIA/OR/IND1/437377/2023,"Clearance Type: Application for ToR (Category A, B1, and B2 Violation)/EC (Category B2) - Form 1
S/W No.: SW/137197/2023
Category: B1
Sector: Industrial Projects - 1
Date of Submission:
19/07/2023","Regularization of Re-Rolling Mill Plant for Re-rolled steel products (TMT Bar, I-Beam, Rounds, Rod, Flat, Channel & Angel)- 28180 MTPA, in compliance to the MoEF&CC Notification New Delhi vid no. S.O. 3250 (E) dated 20th July 2022 at Plot No. 243, 240, 239, 241 & 242 at Beldihi, P.O.-Kalunga, District- Sundargarh, Odisha by M/s Ambica Iron & Steel Pvt. Ltd.",ODISHA,AMBICA IRON AND STEEL PRIVATE LIMITED,SEIAA,EDS raised,ODISHA,3(a) Metallurgical Industries (ferrous and non ferrous)
22,SIA/OR/IND1/437333/2023,"Clearance Type: Application for ToR (Category A, B1, and B2 Violation)/EC (Category B2) - Form 1
S/W No.: SW/137152/2023
Category: B1
Sector: Industrial Projects - 1
Date of Submission:
19/07/2023","Regularization of existing rolling mill for the production of Rerolled steel products (M.S. Pipe)- 90,000 MTPA at Khata No. 13, Plot No. 764/P, 765, 803/P, 802/1110, 764/1112, 803, 804/1111 & Khata No. 73/80, Plot No.804/1178, Village- Lodosara, P.S.-Biramitrapur, Tehsil- Kuarmunda District- Sundargarh, Odisha by M/s Cogent Steel & Pipes Pvt. Ltd",ODISHA,COGENT STEEL AND PIPES PRIVATE LIMITED,SEIAA,EDS raised,ODISHA,3(a) Metallurgical Industries (ferrous and non ferrous)
23,SIA/OR/IND1/437145/2023,"Clearance Type: Application for ToR (Category A, B1, and B2 Violation)/EC (Category B2) - Form 1
S/W No.: SW/136966/2023
Category: B1
Sector: Industrial Projects - 1
Date of Submission:
18/07/2023","Regularization of the existing project of Rolling Mill having capacity of Pencil /M.S. Ingots (Induction Furnace -one no each of 2, 4 & 6 MT/heat)-1700 MT/Month; M.S. Rod, Flats,Angle & Channel-2000 MT/Month & Producer gas -4200 NCum/hr at Bilaigarh, PO-Laing, Tehsil-Rajgangapur, Dist-Sundergarh, Odisha.",ODISHA,SHREE RAM SPONGE AND STEELS PRIVATE LIMITED,SEIAA,EDS raised,ODISHA,3(a) Metallurgical Industries (ferrous and non ferrous)
24,SIA/OR/IND1/435660/2023,"Clearance Type: Application for EC (Category A, B1, and B2 Violation)- Form 1
S/W No.: SW/106309/2022
Category: B1
Sector: Industrial Projects - 1
Date of Submission:
07/07/2023","Greenfield project for Production of 750,000 TPA Rolled Products at Kalinganagar Industrial complex, Village – Jakhapura, Tehsil – Danagadi, District – Jajpur, Odisha by M/s Jatia Steel Limited.",ODISHA,JATIA STEEL LIMITED,SEIAA,"Withdrawn
(at : )",ODISHA,3(a) Metallurgical Industries (ferrous and non ferrous)
25,SIA/OR/IND1/424154/2023,"Clearance Type: Application for ToR (Category A, B1, and B2 Violation)/EC (Category B2) - Form 1
S/W No.: SW/124316/2023
Category: B1
Sector: Industrial Projects - 1
Date of Submission:
10/06/2023","Greenfield project for Production of 500,000 TPA Rolled Products at Kalinganagar Industrial complex, Village – Jakhapura, Tehsil – Danagadi, District – Jajpur, Odisha by M/s Beekay Utkal Steel Private Limited.",ODISHA,BEEKAY UTKAL STEEL PRIVATE LIMITED,SEIAA,TOR GRANTED,ODISHA,3(a) Metallurgical Industries (ferrous and non ferrous)
26,SIA/OR/IND1/404835/2022,"Clearance Type: Application for ToR (Category A, B1, and B2 Violation)/EC (Category B2) - Form 1
S/W No.: SW/106309/2022
Category: B1
Sector: Industrial Projects - 1
Date of Submission:
04/11/2022","Greenfield project for Production of 750,000 TPA Rolled Products at Kalinganagar Industrial complex, Village – Jakhapura, Tehsil – Danagadi, District – Jajpur, Odisha by M/s Jatia Steel Limited.",ODISHA,JATIA STEEL LIMITED,SEIAA,TOR Granted,ODISHA,3(a) Metallurgical Industries (ferrous and non ferrous)
1,SIA/OR/IND1/556821/2025,"Clearance Type: Application for ToR (Category A, B1, and B2 Violation)/EC (Category B2) - Form 1
S/W No.: SW/264578/2025
Category: B1
Sector: Industrial Projects - 1
Date of Submission:
06/11/2025","Proposed 2.4 MTPA (1 x 2.4 MTPA) Pellet Plant along with Producer Gas Plant (PGP) of 5 x 6,500 Nm3/hr configuration over an area of 7.074 ha (17.48 Acres) at village – Tanto, tehsil – Barbil, district – Keonjhar, Odisha by M/s Narbheram Power and Steel Private Limited",ODISHA,NARBHERAM POWER AND STEEL PRIVATE LIMITED,SEIAA,ToR Granted,ODISHA,2(c) Pellet Plant
2,SIA/OR/IND1/555339/2025,"Clearance Type: Application for Transfer of EC- Form-7
S/W No.: SW/263316/2025
Category: B1
Sector: Industrial Projects - 1
Date of Submission:
16/10/2025","Pellet Plant (10 MTPA) & Producer Gas Plant (1,80,000 m3/hr) at Barbil, Keonjhar, Odisha",ODISHA,Jindal Steel Limited,SEIAA,"DELISTED BY SYSTEM
(at : 12/02/2026)",ODISHA,2(c) Pellet Plant
3,SIA/OR/IND1/517737/2025,"Clearance Type: Application for ToR (Category A, B1, and B2 Violation)/EC (Category B2) - Form 1
S/W No.: SW/229305/2025
Category: B1
Sector: Industrial Projects - 1
Date of Submission:
24/01/2025","Proposed Expansion of Existing Iron Ore Crusher & Ingot Plant with addition of 0.25 MTPA Iron Ore Pellet Plant with 0.40 MTPA Mineral Washing Plant of Maa Manasha Mining and Mineral Pvt. Ltd. At- Plot No:- 44,45,46,45/752 & 46/753, Village- Kasira, PS- Koira, Tehsil- Bonai, Dist- Sundergarh, Odisha.",ODISHA,Maa Manasha Mining and Minerals Private Limited,SEIAA,ToR Rejected,ODISHA,2(c) Pellet Plant
4,SIA/OR/IND1/516661/2025,"Clearance Type: Application for ToR (Category A, B1, and B2 Violation)/EC (Category B2) - Form 1
S/W No.: SW/228242/2024
Category: B1
Sector: Industrial Projects - 1
Date of Submission:
11/01/2025","Proposed establishment of Iron Ore Pellet Plant of production capacity of 2 X 0.6 MTPA along with Producer Gas Plant to be located at Village: Hirma, PO: Hirma, Tehsil: Jharsuguda, District: Jharsuguda, Odisha by Konark Ispat Limited.",ODISHA,KONARK ISPAT LIMITED,SEIAA,ToR Granted,ODISHA,2(c) Pellet Plant
1,SIA/OR/IND1/558074/2025,"Clearance Type: Application for EC (Category A, B1, and B2 Violation)- Form 1
S/W No.: SW/265143/2025
Category: B1
Sector: Industrial Projects - 1
Date of Submission:
16/11/2025","Expansion in Production of Low Ash Metallurgical coke of 60,000TPA capacity to 1,08,000 TPA by installation of 2 nos. new Coke Oven Battery (COBP#2) (2x24,000 TPA) within the existing premises of M/s Nilachal Carbo Metalicks Pvt. Ltd. At Baramana, Purunabaulamal, Post: Jenapur, in the district of Jajpur, Odisha",ODISHA,M/S NILACHAL CARBO METALICKS PVT. LTD.,SEIAA,"DELISTED BY SYSTEM
(at : 21/05/2026)",ODISHA,4(b) Coke oven plants
1,SIA/PY/IND2/582669/2026,"Clearance Type: Application for EC (Category A, B1, and B2 Violation)- Form 1
S/W No.: SW/283102/2026
Category: B1
Sector: Industrial Projects - 2
Date of Submission:
22/06/2026","Proposed 25 KLPD Grain-Based Distillery for Production of Extra Neutral Alcohol by M/s. Vijaya Industrial Alcohols at Lingareddypalayam Village Mannadipet Commune, Puducherry",PUDUCHERRY,V ravitchandirane,SEIAA,Referred to SEIAA,PUDUCHERRY,5(g) Distilleries
2,SIA/PY/IND2/578103/2026,"Clearance Type: Application for ToR (Category A, B1, and B2 Violation)/EC (Category B2) - Form 1
S/W No.: SW/283102/2026
Category: B1
Sector: Industrial Projects - 2
Date of Submission:
08/05/2026","Proposed 25 KLPD Grain-Based Distillery for Production of Extra Neutral Alcohol by M/s. Vijaya Industrial Alcohols at Lingareddypalayam Village Mannadipet Commune, Puducherry",PUDUCHERRY,V ravitchandirane,SEIAA,Standard ToR Granted,PUDUCHERRY,5(g) Distilleries
1,SIA/PY/IND1/440618/2023,"Clearance Type: Application for ToR (Category A, B1, and B2 Violation)/EC (Category B2) - Form 1
S/W No.: SW/140176/2023
Category: B1
Sector: Industrial Projects - 1
Date of Submission:
17/08/2023","Proposed regularization of the existing Rolling Mill - 39,600 TPA (through hot charging) along with Induction Furnace - 56,000 TPA Capacity as per Notification issued by MoEF&CC, New Delhi vide no. S.O.3250(E) dt 20th July 2022 & S.O. 3372 (E) dt. 26th July 2023 (amended)",PUDUCHERRY,PULKIT METALS PRIVATE LIMITED,SEIAA,TOR GRANTED,PUDUCHERRY,3(a) Metallurgical Industries (ferrous and non ferrous)
1,SIA/PB/IND1/576135/2026,"Clearance Type: Application for Transfer of EC- Form-7
S/W No.: SW/281643/2026
Category: B1
Sector: Industrial Projects - 1
Date of Submission:
08/07/2026","Application for transfer of Environmental clearance (EC) in the name of Industry “M/s Kay Ell Dee Metaliks Pvt. Ltd. to M/s Vidhata Structures Private Limited.” located at Wazirabad Industrial Park Road, Village Ambey Majra & Harbanspura, Tehsil & District Fatehgarh Sahib, Punjab, EC granted vide F. No. J-11011/414/2009-IA-II(I) dated 22.06.2011.",PUNJAB,VIDHATA STRUCTURES PRIVATE LIMITED,SEIAA,Pending at MS SEIAA,PUNJAB,3(a) Metallurgical Industries (ferrous and non ferrous)
2,SIA/PB/IND1/575887/2026,"Clearance Type: Application for amendment in ToR (for categories A & B1)/Amendment in EC (for category B2)- Form-3
S/W No.: SW/280645/2026
Category: B1
Sector: Industrial Projects - 1
Date of Submission:
17/04/2026","Proposed Steel Manufacturing Unit by M/s AISRM Multimetals Private Limited located in the revenue estate of Village Jaspallon, Doraha Khanna Road, District Ludhiana, Punjab.",PUNJAB,AISRM MULTIMETALS PRIVATE LIMITED,SEIAA,ToR Granted,PUNJAB,3(a) Metallurgical Industries (ferrous and non ferrous)
3,SIA/PB/IND1/575190/2026,"Clearance Type: Application for Amendment in EC- Form-4
S/W No.: SW/179819/2024
Category: B1
Sector: Industrial Projects - 1
Date of Submission:
13/04/2026","New Steel manufacturing unit by installing 02 no. of Electric Arc Furnace of capacity 40 TPH each, 01 No. of LRF of having capacity 40 TPH, 01 no. of VD, 01 no. of Rolling Mill along with Concast and 01 No. of Duel fuel Fired Heating Furnace having production capacity 6,72,000 TPA of Ingots/Billets, Alloy Steel Wire Rod, Round, Bars & HR/CR Coil at Village-Ghulal, Chandigarh Road, District-Ludhiana, Punjab by M/s VSB Steel India Private Limited.",PUNJAB,vsb steel india private limited,SEIAA,Referred to SEAC,PUNJAB,3(a) Metallurgical Industries (ferrous and non ferrous)
4,SIA/PB/IND1/541588/2026,"Clearance Type: Application for Transfer of EC- Form-7
S/W No.: SW/250966/2025
Category: B1
Sector: Industrial Projects - 1
Date of Submission:
05/03/2026","Transfer of Environmental Clearance from M/s Madhav Alloys Pvt. Ltd. to M/s Madhav KRG Limited, located in the revenue estate of Village Akalgarh & Bhagwanpura, Tehsil Nabha& Amloh, District Patiala & Fatehgarh Sahib, Punjab.",PUNJAB,MADHAV KRG LIMITED,SEIAA,Referred to SEIAA,PUNJAB,3(a) Metallurgical Industries (ferrous and non ferrous)
5,SIA/PB/IND1/565888/2026,"Clearance Type: Application for Surrender of Environmental Clearance - Form -11
S/W No.: SW/110302/2022
Category: B1
Sector: Industrial Projects - 1
Date of Submission:
09/02/2026","Expansion in the existing Steel Manufacturing unit M/s S.S. Concast Private Limited (Unit-III) at Village- Panjetta, Tehsil- Koom Kalan, Machhiwara road, District- Ludhiana, Punjab",PUNJAB,S.S. CON-CAST PRIVATE LIMITED,SEIAA,ADS Raised,PUNJAB,3(a) Metallurgical Industries (ferrous and non ferrous)
6,SIA/PB/IND1/567887/2026,"Clearance Type: Application for Surrender of Environmental Clearance - Form -11
S/W No.: SW/105835/2022
Category: B1
Sector: Industrial Projects - 1
Date of Submission:
04/02/2026",PROPOSED ROLLING MILL UNIT BY M/s ARORA IRON AND STEEL ROLLING MILLS (P) LIMITED UNIT-II.,PUNJAB,ARORA IRON & STEEL ROLLING MILLS PRIVATE LIMITED,SEIAA,Pending at MS SEIAA,PUNJAB,3(a) Metallurgical Industries (ferrous and non ferrous)
7,SIA/PB/IND1/567043/2026,"Clearance Type: Application for EC (Category A, B1, and B2 Violation)- Form 1
S/W No.: SW/185381/2024
Category: B1
Sector: Industrial Projects - 1
Date of Submission:
04/02/2026","Expansion in the Steel manufacturing unit from 84,000TPA to 3,57,000TPA of Steel Ingots/Billets & 35,000TPA to 3,39,150TPA of TMT Bars, Flat/Round TMT Bars, Structure Steel by replacing 01 no. of existing I.F. of capacity 20 TPH with 02 no. of Induction furnaces having capacity 30 TPH each and addition of 01 no. of reheating furnace to the existing one of capacity 25 TPH by M/s Kay Ell Dee Metaliks Pvt. Ltd. located at Vill Ambey Majra, Mandi Gobindgarh, Teh- Amloh, Distt Fatehgarh Sahib,Punjab",PUNJAB,M/S KAY ELL DEE METALIKS PVT. LTD.,SEIAA,"DELISTED BY SYSTEM
(at : 11/07/2026)",PUNJAB,3(a) Metallurgical Industries (ferrous and non ferrous)
8,SIA/PB/IND1/566260/2026,"Clearance Type: Application for ToR (Category A, B1, and B2 Violation)/EC (Category B2) - Form 1
S/W No.: SW/272850/2026
Category: B1
Sector: Industrial Projects - 1
Date of Submission:
21/01/2026","Expansion of existing cold rolling mill along with pickling process by increase in the production of CR Coil from 375 TPD to 1070 TPD and ERW Tubes from 350 TPD to 1000 TPD by M/s Hansa Metallics Ltd. located in the revenue estate of village Samalheri, Chandigarh-Ambala Highway, Lalru, Dera Bassi, SAS Nagar.",PUNJAB,HANSA METALLICS LIMITED,SEIAA,Standard ToR Granted,PUNJAB,3(a) Metallurgical Industries (ferrous and non ferrous)
9,SIA/PB/IND1/560055/2025,"Clearance Type: Application for ToR (Category A, B1, and B2 Violation)/EC (Category B2) - Form 1
S/W No.: SW/267351/2025
Category: B1
Sector: Industrial Projects - 1
Date of Submission:
30/12/2025","Expansion in existing steel manufacturing unit by M/s Renny Strips Ltd. located in the revenue estate of Village Mangarh, Machhiwara Road, Kohara, Ludhiana, Punjab",PUNJAB,RENNY STRIPS LIMITED,SEIAA,Standard ToR Granted,PUNJAB,3(a) Metallurgical Industries (ferrous and non ferrous)
10,SIA/PB/IND1/561791/2025,"Clearance Type: Application for EC (Category A, B1, and B2 Violation)- Form 1
S/W No.: SW/241402/2025
Category: B1
Sector: Industrial Projects - 1
Date of Submission:
29/12/2025","Proposed Steel Manufacturing Unit having capacity 5,46,000 TPA of Steel Billets/Ingots (Semi-finished products) and 5,40,000 TPA of Structural Steel (Round, Coil, Wire Rod, TMT Bars & Flats- Finished products) by M/s AISRM Multimetals Pvt. Ltd. located at Village Jaspalon, Doraha- Khanna Road, District- Ludhiana, Punjab",PUNJAB,AISRM MULTIMETALS PRIVATE LIMITED,SEIAA,Proposal returned in present form,PUNJAB,3(a) Metallurgical Industries (ferrous and non ferrous)
11,SIA/PB/IND1/557916/2025,"Clearance Type: Application for Amendment in EC- Form-4
S/W No.: SW/265465/2025
Category: B1
Sector: Industrial Projects - 1
Date of Submission:
13/11/2025","Amendment in the EC granted vide letter no. EC24B008PB131478 dated 01.01.2024 to our unit namely M/s Quality Industries Private Limited (Formerly known as BR Chopra Multimetals Private Limited located in the revenue estate of Village- Mullanpur Kalan, Tehsil- Amloh, District- Fatehgarh Sahib, Punjab due to addition in the project land (6.78 acres)",PUNJAB,QUALITY INDUSTRIES PRIVATE LIMITED,SEIAA,EC Granted,PUNJAB,3(a) Metallurgical Industries (ferrous and non ferrous)
12,SIA/PB/IND1/551196/2025,"Clearance Type: Application for Transfer of EC- Form-7
S/W No.: SW/259693/2025
Category: B1
Sector: Industrial Projects - 1
Date of Submission:
11/09/2025","Application for transfer of Environmental clearance (EC) in the name of Industry “M/s Renny Strips Pvt. Ltd. to M/s Renny Strips Ltd.” located in the revenue estate of Village Mangarh, Machhiwara Road, Kohara, Ludhiana-east District Ludhiana, Punjab in EC granted vide No. EC24B1010PB5467940A dated 15.03.2024",PUNJAB,RENNY STRIPS LIMITED,SEIAA,EC Granted,PUNJAB,3(a) Metallurgical Industries (ferrous and non ferrous)
13,SIA/PB/IND1/548525/2025,"Clearance Type: Application for Amendment in EC- Form-4
S/W No.: SW/257232/2025
Category: B1
Sector: Industrial Projects - 1
Date of Submission:
23/08/2025","Amendment in the EC granted vide No. EC22B008PB110354 Dated 19.01.2022 by SEIAA Punjab to M/s Ambey Industries located at G.T. road, Sirhind side, Backside Modern Steel Ltd., Mandi Gobindgarh, Tehsil Amloh, District Fatehgarh Sahib, Punjab.",PUNJAB,AMBEY INDUSTRIES,SEIAA,EC Granted,PUNJAB,3(a) Metallurgical Industries (ferrous and non ferrous)
14,SIA/PB/IND1/548235/2025,"Clearance Type: Application for EC (Category A, B1, and B2 Violation)- Form 1
S/W No.: SW/179819/2024
Category: B1
Sector: Industrial Projects - 1
Date of Submission:
19/08/2025","New Steel manufacturing unit by installing 02 no. of Electric Arc Furnace of capacity 40 TPH each, 01 No. of LRF of having capacity 40 TPH, 01 no. of VD, 01 no. of Rolling Mill along with Concast and 01 No. of Duel fuel Fired Heating Furnace having production capacity 6,72,000 TPA of Ingots/Billets, Alloy Steel Wire Rod, Round, Bars & HR/CR Coil at Village-Ghulal, Chandigarh Road, District-Ludhiana, Punjab by M/s VSB Steel India Private Limited.",PUNJAB,vsb steel india private limited,SEIAA,EC Granted,PUNJAB,3(a) Metallurgical Industries (ferrous and non ferrous)
15,SIA/PB/IND1/455769/2023,"Clearance Type: Application for EC (Category A, B1, and B2 Violation)- Form 1
S/W No.: SW/106454/2022
Category: B1
Sector: Industrial Projects - 1
Date of Submission:
23/05/2025",M/s Kalsi Alloys,PUNJAB,KALSI ALLOYS,SEIAA,Proposal returned in present form,PUNJAB,3(a) Metallurgical Industries (ferrous and non ferrous)
16,SIA/PB/IND1/538219/2025,"Clearance Type: Application for EC (Category A, B1, and B2 Violation)- Form 1
S/W No.: SW/177481/2024
Category: B1
Sector: Industrial Projects - 1
Date of Submission:
20/05/2025","Expansion of existing Steel Manufacturing Unit namely M/s Bassi Alloys Pvt. Ltd. located at Village Ambey Majra, Mandi Gobindgarh, District Fatehgarh Sahib, Punjab for increasing the production capacity.",PUNJAB,BASSI ALLOYS PRIVATE LIMITED,SEIAA,Referred to SEIAA,PUNJAB,3(a) Metallurgical Industries (ferrous and non ferrous)
17,SIA/PB/IND1/535917/2025,"Clearance Type: Application for Transfer of EC- Form-7
S/W No.: SW/113219/2022
Category: B1
Sector: Industrial Projects - 1
Date of Submission:
08/05/2025","New Steel Manufacturing Unit M/s BR Chopra Multimetals Private Limited at Village- Mullanpur Kalan, Tehsil- Amloh, District- Fatehgarh Sahib, Punjab",PUNJAB,QUALITY INDUSTRIES PRIVATE LIMITED,SEIAA,EC Granted,PUNJAB,3(a) Metallurgical Industries (ferrous and non ferrous)
18,SIA/PB/IND1/536212/2025,"Clearance Type: Application for Amendment in EC- Form-4
S/W No.: SW/245874/2025
Category: B1
Sector: Industrial Projects - 1
Date of Submission:
03/05/2025","Amendment in the existing EC granted to the Steel Manufacturing Unit of M/s Madhav KRG HRC Pvt. Ltd. for production of 7,50,000 TPA of Hot rolled Coil by installing 3 no. Induction furnace of 50 TPH each, one Rolling mill and Reheating Furnace of capacity 150 TPH, in the revenue estate of Villages Akalgarh & Bhagwanpura, Amloh-Bhadson Road, Near Toll Plaza, Tehsil Nabha & Amloh, District Patiala & Fatehgarh Sahib, Punjab.",PUNJAB,MADHAV KRG HRC PRIVATE LIMITED,SEIAA,EC Granted,PUNJAB,3(a) Metallurgical Industries (ferrous and non ferrous)
19,SIA/PB/IND1/457428/2024,"Clearance Type: Application for EC (Category A, B1, and B2 Violation)- Form 1
S/W No.: SW/156456/2023
Category: B1
Sector: Industrial Projects - 1
Date of Submission:
30/04/2025","Expansion of steel manufacturing unit namely “SG Multimetals” for increasing production capacity to 2,00,000 TPA located at Village Bhadla, Tehsil Khanna, Distt. Ludhiana, Punjab.",PUNJAB,S G MULTIMETALS,SEIAA,EC Granted,PUNJAB,3(a) Metallurgical Industries (ferrous and non ferrous)
20,SIA/PB/IND1/531060/2025,"Clearance Type: Application for ToR (Category A, B1, and B2 Violation)/EC (Category B2) - Form 1
S/W No.: SW/241402/2025
Category: B1
Sector: Industrial Projects - 1
Date of Submission:
26/03/2025","Proposed Steel Manufacturing Unit having capacity 5,46,000 TPA of Steel Billets/Ingots (Semi-finished products) and 5,40,000 TPA of Structural Steel (Round, Coil, Wire Rod, TMT Bars & Flats- Finished products) by M/s AISRM Multimetals Pvt. Ltd. located at Village Jaspalon, Doraha- Khanna Road, District- Ludhiana, Punjab",PUNJAB,AISRM MULTIMETALS PRIVATE LIMITED,SEIAA,Standard ToR Granted,PUNJAB,3(a) Metallurgical Industries (ferrous and non ferrous)
21,SIA/PB/IND1/526775/2025,"Clearance Type: Application for EC (Category A, B1, and B2 Violation)- Form 1
S/W No.: SW/151452/2023
Category: B1
Sector: Industrial Projects - 1
Date of Submission:
24/03/2025","Expansion of existing Steel Manufacturing Unit namely M/s Jagat Metals Pvt. Ltd. located at Village Ambey Majra, Near 220 K.V. Power House, Mandi Gobindgarh, District Fatehgarh Sahib, Punjab for increasing the production capacity from 170 TPD to 410 TPD (1,43,500 TPA)",PUNJAB,JAGAT METALS PVT. LTD.,SEIAA,EC Granted,PUNJAB,3(a) Metallurgical Industries (ferrous and non ferrous)
22,SIA/PB/IND1/523853/2025,"Clearance Type: Application for Amendment in EC- Form-4
S/W No.: SW/113219/2022
Category: B1
Sector: Industrial Projects - 1
Date of Submission:
04/03/2025","New Steel Manufacturing Unit M/s BR Chopra Multimetals Private Limited at Village- Mullanpur Kalan, Tehsil- Amloh, District- Fatehgarh Sahib, Punjab",PUNJAB,BR CHOPRA MULTIMETALS PRIVATE LIMITED,SEIAA,Proposal returned in present form,PUNJAB,3(a) Metallurgical Industries (ferrous and non ferrous)
23,SIA/PB/IND1/483925/2024,"Clearance Type: Application for Amendment in EC- Form-4
S/W No.: SW/193114/2024
Category: B1
Sector: Industrial Projects - 1
Date of Submission:
06/02/2025","Amendment in the EC granted vide no. DECC/SEIAA/2020/1656 dated 20/05/2020 of Steel Manufacturing Unit M/s Madhav Alloys Pvt. Ltd located in the revenue estate of Village Akalgarh Tehsil Nabha Distt. Patiala & Bhagwanpura, Tehsil Amloh Distt. Fatehgarh Sahib, Punjab",PUNJAB,MADHAV KRG LIMITED,SEIAA,"DELISTED BY SYSTEM
(at : 03/05/2025)",PUNJAB,3(a) Metallurgical Industries (ferrous and non ferrous)
24,SIA/PB/IND1/520007/2025,"Clearance Type: Application for EC (Category A, B1, and B2 Violation)- Form 1
S/W No.: SW/108709/2022
Category: B1
Sector: Industrial Projects - 1
Date of Submission:
31/01/2025",M/S.BHAWANI CASTINGS (P) LIMITED,PUNJAB,BHAWANI CASTING PVT LIMITED,SEIAA,EC Granted,PUNJAB,3(a) Metallurgical Industries (ferrous and non ferrous)
25,SIA/PB/IND1/514666/2024,"Clearance Type: Application for EC (Category A, B1, and B2 Violation)- Form 1
S/W No.: SW/140388/2023
Category: B1
Sector: Industrial Projects - 1
Date of Submission:
21/01/2025","Expansion in the Steel manufacturing unit from 29,400 TPA to 1,57, 500 TPA of Steel Ingots/Billets & further rolled into Round, Square, grider, Angle, Channel, flats via 2x15 TPH Induction Furnace, Concast & Rolling Mill by M/s Goyal Malleable (P) Limited at Village-Malakpur, Sirhind, Tehsil & District-Fatehgarh Sahib, Punjab.",PUNJAB,Goyal Malleables Private Limited,SEIAA,EC Granted,PUNJAB,3(a) Metallurgical Industries (ferrous and non ferrous)
26,SIA/PB/IND1/513387/2024,"Clearance Type: Application for Amendment in EC- Form-4
S/W No.: SW/116712/2023
Category: B1
Sector: Industrial Projects - 1
Date of Submission:
15/01/2025","New Steel Manufacturing Unit M/s Eco Special Plates & Flats Private Limited at Village- Chattarpur, backside Focal Point, Tehsil- Amloh, District- Fatehgarh Sahib, Punjab.",PUNJAB,ECO SPECIAL PLATES & FLATS PRIVATE LIMITED,SEIAA,EC Granted,PUNJAB,3(a) Metallurgical Industries (ferrous and non ferrous)
27,SIA/PB/IND1/501571/2024,"Clearance Type: Application for EC (Category A, B1, and B2 Violation)- Form 1
S/W No.: SW/169891/2024
Category: B1
Sector: Industrial Projects - 1
Date of Submission:
13/12/2024","Expansion in existing steel manufacturing unit having by M/s P.V. Industries located at Village- Alour, Peer Gajju Shah road, Tehsil-Khanna, District-Ludhiana, Punjab",PUNJAB,M/S P.V. INDUSTRIES,SEIAA,"DELISTED BY SYSTEM
(at : 27/10/2025)",PUNJAB,3(a) Metallurgical Industries (ferrous and non ferrous)
28,SIA/PB/IND1/486821/2024,"Clearance Type: Application for ToR (Category A, B1, and B2 Violation)/EC (Category B2) - Form 1
S/W No.: SW/196443/2024
Category: B2
Sector: Industrial Projects - 1
Date of Submission:
29/10/2024","Steel Manufacturing Unit namely M/s Varun Steel Castings Pvt. Ltd. located at Village Mugal Majra & Alour, Tehsil Amloh & Khanna, Distt. Fatehgarh Sahib & Ludhiana, Punjab",PUNJAB,VARUN STEEL CASTINGS PRIVATE LIMITED,SEIAA,EC Granted,PUNJAB,3(a) Metallurgical Industries (ferrous and non ferrous)
29,SIA/PB/IND1/489723/2024,"Clearance Type: Application for ToR (Category A, B1, and B2 Violation)/EC (Category B2) - Form 1
S/W No.: SW/199427/2024
Category: B1
Sector: Industrial Projects - 1
Date of Submission:
26/07/2024","Existing steel manufacturing unit namely M/s Rudra Inn Pvt. Ltd. located at Village Harbanspura, RIMT College Road, Sirhind Side, Mandi Gobindgarh, Distt. Fatehgarh Sahib, Punjab",PUNJAB,rudra inn private limited,SEIAA,Standard ToR Granted,PUNJAB,3(a) Metallurgical Industries (ferrous and non ferrous)
30,SIA/PB/IND1/483747/2024,"Clearance Type: Application for ToR (Category A, B1, and B2 Violation)/EC (Category B2) - Form 1
S/W No.: SW/193070/2024
Category: B2
Sector: Industrial Projects - 1
Date of Submission:
02/07/2024","Steel Manufacturing Unit located at Village- Wazir Nagar, Mandi Gobindgarh, Tehsil & District- Fatehgarh Sahib, Punjab by M/s Modern Concast.",PUNJAB,MODERN CONCAST,SEIAA,EC Granted,PUNJAB,3(a) Metallurgical Industries (ferrous and non ferrous)
31,SIA/PB/IND1/484619/2024,"Clearance Type: Application for Amendment in EC- Form-4
S/W No.: SW/193963/2024
Category: B1
Sector: Industrial Projects - 1
Date of Submission:
28/06/2024","Existing Steel Manufacturing Unit namely ""M/s Oasis Enterprises Pvt Ltd."" located at Village Talwara, Talwara Road, Mandi Gobindgarh, Distt. Fatehgarh Sahib, Punjab",PUNJAB,OASIS ENTERPRISES PVT. LTD.,SEIAA,"DELISTED BY SYSTEM
(at : 30/10/2024)",PUNJAB,3(a) Metallurgical Industries (ferrous and non ferrous)
32,SIA/PB/IND1/484459/2024,"Clearance Type: Application for Amendment in EC- Form-4
S/W No.: SW/193732/2024
Category: B1
Sector: Industrial Projects - 1
Date of Submission:
28/06/2024","Existing Steel Manufacturing Unit namely ""Jogindra Castings Pvt. Ltd."" located at G.T Road, Sirhind Side, Mandi Gobindgarh, Tehsil Amloh, Distt. Fatehgarh Sahib, Punjab",PUNJAB,JOGINDRA CASTINGS PVT. LTD.,SEIAA,"DELISTED BY SYSTEM
(at : 30/10/2024)",PUNJAB,3(a) Metallurgical Industries (ferrous and non ferrous)
33,SIA/PB/IND1/483222/2024,"Clearance Type: Application for EC (Category A, B1, and B2 Violation)- Form 1
S/W No.: SW/192323/2024
Category: B1
Sector: Industrial Projects - 1
Date of Submission:
22/06/2024","Expansion of Existing Steel Manufacturing Unit under para 7(ii)(a) of EIA Notification, 2006 for M/s SG Metals and Steels India Pvt. Ltd. located at Village Shahpur, Khanna-Amloh Road, Tehsil Amloh, Distt. Fatehgarh Sahib, Punjab.",PUNJAB,M/S SG METALS AND STEELS INDIA PVT. LTD.,SEIAA,EC Granted,PUNJAB,3(a) Metallurgical Industries (ferrous and non ferrous)
34,SIA/PB/IND1/480838/2024,"Clearance Type: Application for Amendment in EC- Form-4
S/W No.: SW/189866/2024
Category: B1
Sector: Industrial Projects - 1
Date of Submission:
12/06/2024","Amendment in the EC vide no. EC23B1010PB5745968N dated 19.04.2024 of unit M/s Fortune Metals Limited located at Talwara Road, Adjoining PSEB Grid, Mandi Gobindgarh, Tehsil Amloh, District-Fatehgarh Sahib, Punjab with respect to the revision in the technology proposed for the control of emissions generated from the project i.e. Primary Side Suction and Secondary Top Suction Air Pollution control instead of Dog House for our proposed 30 MT of induction furnace.",PUNJAB,FORTUNE METALS LTD.,SEIAA,EC Granted,PUNJAB,3(a) Metallurgical Industries (ferrous and non ferrous)
35,SIA/PB/IND1/478923/2024,"Clearance Type: Application for amendment in ToR (for categories A & B1)/Amendment in EC (for category B2)- Form-3
S/W No.: SW/151452/2023
Category: B1
Sector: Industrial Projects - 1
Date of Submission:
05/06/2024","Expansion of existing Steel Manufacturing Unit namely M/s Jagat Metals Pvt. Ltd. located at Village Ambey Majra, Near 220 K.V. Power House, Mandi Gobindgarh, District Fatehgarh Sahib, Punjab for increasing the production capacity from 170 TPD to 410 TPD (1,43,500 TPA)",PUNJAB,JAGAT METALS PVT. LTD.,SEIAA,ToR Granted,PUNJAB,3(a) Metallurgical Industries (ferrous and non ferrous)
36,SIA/PB/IND1/476583/2024,"Clearance Type: Application for ToR (Category A, B1, and B2 Violation)/EC (Category B2) - Form 1
S/W No.: SW/185381/2024
Category: B1
Sector: Industrial Projects - 1
Date of Submission:
30/05/2024","Expansion in the Steel manufacturing unit from 84,000TPA to 3,57,000TPA of Steel Ingots/Billets & 35,000TPA to 3,39,150TPA of TMT Bars, Flat/Round TMT Bars, Structure Steel by replacing 01 no. of existing I.F. of capacity 20 TPH with 02 no. of Induction furnaces having capacity 30 TPH each and addition of 01 no. of reheating furnace to the existing one of capacity 25 TPH by M/s Kay Ell Dee Metaliks Pvt. Ltd. located at Vill Ambey Majra, Mandi Gobindgarh, Teh- Amloh, Distt Fatehgarh Sahib,Punjab",PUNJAB,M/S KAY ELL DEE METALIKS PVT. LTD.,SEIAA,Standard ToR Granted,PUNJAB,3(a) Metallurgical Industries (ferrous and non ferrous)
37,SIA/PB/IND1/471094/2024,"Clearance Type: Application for ToR (Category A, B1, and B2 Violation)/EC (Category B2) - Form 1
S/W No.: SW/179819/2024
Category: B1
Sector: Industrial Projects - 1
Date of Submission:
02/05/2024","New Steel manufacturing unit by installing 02 no. of Electric Arc Furnace of capacity 40 TPH each, 01 No. of LRF of having capacity 40 TPH, 01 no. of VD, 01 no. of Rolling Mill along with Concast and 01 No. of Duel fuel Fired Heating Furnace having production capacity 6,72,000 TPA of Ingots/Billets, Alloy Steel Wire Rod, Round, Bars & HR/CR Coil at Village-Ghulal, Chandigarh Road, District-Ludhiana, Punjab by M/s VSB Steel India Private Limited.",PUNJAB,vsb steel india private limited,SEIAA,Standard ToR Granted,PUNJAB,3(a) Metallurgical Industries (ferrous and non ferrous)
38,SIA/PB/IND1/470698/2024,"Clearance Type: Application for EC (Category A, B1, and B2 Violation)- Form 1
S/W No.: SW/179179/2024
Category: B1
Sector: Industrial Projects - 1
Date of Submission:
27/04/2024","Expansion of existing Steel Manufacturing Unit M/s Shree Ganesh Alloys located at Village Tooran, Tehsil Amloh, Mandi Gobindgarh, Distt. Fatehgarh Sahib, Punjab for increasing the production capacity from 84 TPD (29,400 TPA) to 380 TPD (1,33,000 TPA)",PUNJAB,SHREE GANESH ALLOYS,SEIAA,EC Granted,PUNJAB,3(a) Metallurgical Industries (ferrous and non ferrous)
39,SIA/PB/IND1/470617/2024,"Clearance Type: Application for Amendment in EC- Form-4
S/W No.: SW/179220/2024
Category: B1
Sector: Industrial Projects - 1
Date of Submission:
26/04/2024","Amendment in the EC vide no. DECC/SEIAA/2020/1601 dated 20.05.2020 and EC vide no. SEIAA/MS/2021/4486 dated 13/07/2021 of unit M/s H.L Chopra Steel Rolling Mills located at Village-Alour, Bhadla road, Tehsil- Khanna District-Ludhiana, Punjab with respect to addition of land area and Pipe Plant.",PUNJAB,M/S H.L.CHOPRA STEEL ROLLING MILLS,SEIAA,EC Granted,PUNJAB,3(a) Metallurgical Industries (ferrous and non ferrous)
40,SIA/PB/IND1/469515/2024,"Clearance Type: Application for ToR (Category A, B1, and B2 Violation)/EC (Category B2) - Form 1
S/W No.: SW/178278/2024
Category: B1
Sector: Industrial Projects - 1
Date of Submission:
18/04/2024","Existing unit having one no. Re-heating furnace of capacity 2TPH & 01 no. of rolling mill for the production of 12,825 TPA of M.S. Round, Bars, Angles, Steel Billets, Ingots at Village-Doraha, G.T. Road, Tehsil & District- Ludhiana, Punjab by M/s Bedi Steel Rolling Mills Private Limited.",PUNJAB,bedi steel rolling mills private limited,SEIAA,Standard ToR Granted,PUNJAB,3(a) Metallurgical Industries (ferrous and non ferrous)
41,SIA/PB/IND1/468675/2024,"Clearance Type: Application for ToR (Category A, B1, and B2 Violation)/EC (Category B2) - Form 1
S/W No.: SW/177481/2024
Category: B1
Sector: Industrial Projects - 1
Date of Submission:
08/04/2024","Expansion of existing Steel Manufacturing Unit namely M/s Bassi Alloys Pvt. Ltd. located at Village Ambey Majra, Mandi Gobindgarh, District Fatehgarh Sahib, Punjab for increasing the production capacity.",PUNJAB,BASSI ALLOYS PRIVATE LIMITED,SEIAA,Standard ToR Granted,PUNJAB,3(a) Metallurgical Industries (ferrous and non ferrous)
42,SIA/PB/IND1/467680/2024,"Clearance Type: Application for ToR (Category A, B1, and B2 Violation)/EC (Category B2) - Form 1
S/W No.: SW/176612/2024
Category: B1
Sector: Industrial Projects - 1
Date of Submission:
05/04/2024","Expansion in the existing steel manufacturing unit by M/s Surya Steel Industries located at Village-Ambey Majra, Mandi Gobindgarh, District Fatehgarh Sahib, Punjab.",PUNJAB,M/S SURYA STEEL INDUSTRIES,SEIAA,Standard ToR Granted,PUNJAB,3(a) Metallurgical Industries (ferrous and non ferrous)
43,SIA/PB/IND1/465848/2024,"Clearance Type: Application for EC (Category A, B1, and B2 Violation)- Form 1
S/W No.: SW/107577/2022
Category: B1
Sector: Industrial Projects - 1
Date of Submission:
04/04/2024",M/s Akshat Alloys,PUNJAB,AKSHAT ALLOYS,SEIAA,EC Granted,PUNJAB,3(a) Metallurgical Industries (ferrous and non ferrous)
44,SIA/PB/IND1/467505/2024,"Clearance Type: Application for amendment in ToR (for categories A & B1)/Amendment in EC (for category B2)- Form-3
S/W No.: SW/167569/2024
Category: B1
Sector: Industrial Projects - 1
Date of Submission:
28/03/2024","Expansion in the existing Steel Manufacturing Unit M/s Modern Concast at Village- Wazir Nagar, Mandi Gobindgarh, Tehsil & District- Fatehgarh Sahib, Punjab.",PUNJAB,MODERN CONCAST,SEIAA,ToR Granted,PUNJAB,3(a) Metallurgical Industries (ferrous and non ferrous)
45,SIA/PB/IND1/466520/2024,"Clearance Type: Application for EC (Category A, B1, and B2 Violation)- Form 1
S/W No.: SW/175367/2024
Category: B1
Sector: Industrial Projects - 1
Date of Submission:
19/03/2024","Expansion of existing Steel Manufacturing Unit M/s Lord Mahaveer Industries Pvt. Ltd. located at GT Road (Sirhind Side), Near Gian TMT Mills, Mandi Gobindgarh, Distt. Fatehgarh Sahib, Punjab. Sahib, Punjab for increasing the production capacity to 300 TPD (1,05,000 TPA).",PUNJAB,LORD MAHAVEER INDUSTRIES PRIVATE LIMITED,SEIAA,EC Granted,PUNJAB,3(a) Metallurgical Industries (ferrous and non ferrous)
46,SIA/PB/IND1/457981/2024,"Clearance Type: Application for EC (Category A, B1, and B2 Violation)- Form 1
S/W No.: SW/138103/2023
Category: B1
Sector: Industrial Projects - 1
Date of Submission:
07/03/2024","Expansion of the existing Steel Manufacturing Unit namely M/s Shree Ram Multimetals Pvt. Ltd. located at Village Kumbhra, Near Truck Stand, Mandi Gobindgarh, District Fatehgarh Sahib, Punjab",PUNJAB,SHREE RAM MUL TIMETALS PRIVATE LIMITED,SEIAA,EC Granted,PUNJAB,3(a) Metallurgical Industries (ferrous and non ferrous)
47,SIA/PB/IND1/464740/2024,"Clearance Type: Application for Amendment in EC- Form-4
S/W No.: SW/173231/2024
Category: B1
Sector: Industrial Projects - 1
Date of Submission:
02/03/2024",M/s Ludhiana Steel Rolling Mills Limited,PUNJAB,M/S ANTARCTIC INDUSTRIES LIMITED (UNIT-II),SEIAA,EC Granted,PUNJAB,3(a) Metallurgical Industries (ferrous and non ferrous)
48,SIA/PB/IND1/460155/2024,"Clearance Type: Application for EC (Category A, B1, and B2 Violation)- Form 1
S/W No.: SW/169633/2024
Category: B1
Sector: Industrial Projects - 1
Date of Submission:
29/02/2024","Expansion in existing Steel manufacturing unit having capacity 29,400 TPA of Steel Ingots, Angle, Channels, Rounds, Square, TMT Bars, Flats, Patra by replacing existing Induction Furnace of 7TPH capacity with new Induction Furnace having capacity 20 TPH, Laddle Refining Furnace of 20 TPH and a Concast at G.T. road, Sirhind Side, Behind Modern Steel Ltd., Mandi Gobindgarh, Tehsil-Amloh, District-Fatehgarh Sahib, Punjab by M/s Kuber Casting Pvt. Ltd.",PUNJAB,KUBER CASTING PRIVATE LIMITED,SEIAA,EC Granted,PUNJAB,3(a) Metallurgical Industries (ferrous and non ferrous)
49,SIA/PB/IND1/463614/2024,"Clearance Type: Application for Amendment in EC- Form-4
S/W No.: SW/171746/2024
Category: B1
Sector: Industrial Projects - 1
Date of Submission:
26/02/2024",M/s Aarti Steel International Limited,PUNJAB,M/S AARTI STEELS LIMITED (MACHHIWARA PLANT),SEIAA,EC Granted,PUNJAB,3(a) Metallurgical Industries (ferrous and non ferrous)
50,SIA/PB/IND1/463191/2024,"Clearance Type: Application for Amendment in EC- Form-4
S/W No.: SW/171964/2024
Category: B1
Sector: Industrial Projects - 1
Date of Submission:
20/02/2024",M/s Renny Strips Pvt Ltd,PUNJAB,M/S RENNY STRIPS PVT. LTD.,SEIAA,EC Granted,PUNJAB,3(a) Metallurgical Industries (ferrous and non ferrous)
51,SIA/PB/IND1/456051/2023,"Clearance Type: Application for EC (Category A, B1, and B2 Violation)- Form 1
S/W No.: SW/129427/2023
Category: B1
Sector: Industrial Projects - 1
Date of Submission:
19/02/2024","Expansion in the existing Steel Manufacturing Unit M/s Fortune Metals Limited at Talwara Road, Adjoining PSEB Grid, Mandi Gobindgarh, Tehsil- Amloh, District-Fatehgarh Sahib, Punjab",PUNJAB,FORTUNE METALS LIMITED,SEIAA,EC Granted,PUNJAB,3(a) Metallurgical Industries (ferrous and non ferrous)
52,SIA/PB/IND1/460279/2024,"Clearance Type: Application for ToR (Category A, B1, and B2 Violation)/EC (Category B2) - Form 1
S/W No.: SW/169891/2024
Category: B1
Sector: Industrial Projects - 1
Date of Submission:
30/01/2024","Expansion in existing steel manufacturing unit having by M/s P.V. Industries located at Village- Alour, Peer Gajju Shah road, Tehsil-Khanna, District-Ludhiana, Punjab",PUNJAB,M/S P.V. INDUSTRIES,SEIAA,Standard ToR Granted,PUNJAB,3(a) Metallurgical Industries (ferrous and non ferrous)
53,SIA/PB/IND1/457847/2024,"Clearance Type: Application for EC (Category A, B1, and B2 Violation)- Form 1
S/W No.: SW/106678/2022
Category: B1
Sector: Industrial Projects - 1
Date of Submission:
18/01/2024",M/s Kuber Concast,PUNJAB,KUBER CONCAST,SEIAA,EC Granted,PUNJAB,3(a) Metallurgical Industries (ferrous and non ferrous)
54,SIA/PB/IND1/457058/2023,"Clearance Type: Application for EC (Category A, B1, and B2 Violation)- Form 1
S/W No.: SW/132447/2023
Category: B1
Sector: Industrial Projects - 1
Date of Submission:
17/01/2024",Existing Steel Manufacturing Unit namely M/s Nandini Alloys,PUNJAB,VIJAY BANSAL,SEIAA,"DELISTED BY SYSTEM
(at : 30/10/2024)",PUNJAB,3(a) Metallurgical Industries (ferrous and non ferrous)
55,SIA/PB/IND1/458344/2024,"Clearance Type: Application for Amendment in EC- Form-4
S/W No.: SW/168162/2024
Category: B1
Sector: Industrial Projects - 1
Date of Submission:
11/01/2024",M/s Gian castings Private Limited,PUNJAB,M/S GIAN CASTINGS PVT. LTD.,SEIAA,EC Granted,PUNJAB,3(a) Metallurgical Industries (ferrous and non ferrous)
56,SIA/PB/IND1/457115/2023,"Clearance Type: Application for EC (Category A, B1, and B2 Violation)- Form 1
S/W No.: SW/155453/2023
Category: B1
Sector: Industrial Projects - 1
Date of Submission:
09/01/2024",Proposed New Steel Manufacturing unit by M/s Vaneera Industries Ltd.,PUNJAB,VANEERA INDUSTRIES LIMITED,SEIAA,EC Granted,PUNJAB,3(a) Metallurgical Industries (ferrous and non ferrous)
57,SIA/PB/IND1/456408/2023,"Clearance Type: Application for EC (Category A, B1, and B2 Violation)- Form 1
S/W No.: SW/115404/2023
Category: B1
Sector: Industrial Projects - 1
Date of Submission:
05/01/2024","Expansion of existing Steel Manufacturing Unit namely M/s Radhika Steel Industries located at R.G. Mill Road, Mandi Gobindgarh, District Fatehgarh Sahib, Punjab for increasing the production capacity to 230 TPD (80,500 TPA).",PUNJAB,SURESH KUMAR (HUF),SEIAA,EC Granted,PUNJAB,3(a) Metallurgical Industries (ferrous and non ferrous)
58,SIA/PB/IND1/456109/2023,"Clearance Type: Application for EC (Category A, B1, and B2 Violation)- Form 1
S/W No.: SW/130359/2023
Category: B1
Sector: Industrial Projects - 1
Date of Submission:
05/01/2024",Expansion of existing Steel Manufacturing Unit namely M/s Nabha Steels & Metals,PUNJAB,NABHA STEELS & METALS,SEIAA,EC Granted,PUNJAB,3(a) Metallurgical Industries (ferrous and non ferrous)
59,SIA/PB/IND1/456520/2023,"Clearance Type: Application for EC (Category A, B1, and B2 Violation)- Form 1
S/W No.: SW/155733/2023
Category: B1
Sector: Industrial Projects - 1
Date of Submission:
05/01/2024","Expansion of existing Steel Manufacturing Unit M/s Rosha Alloys Pvt. Ltd. located at Village Tooran, Amloh Road, Mandi Gobindgarh, Distt. Fatehgarh Sahib, Punjab for increasing the production capacity from 49 TPD to 152 TPD.",PUNJAB,ROSHA ALLOYS P LIMITED,SEIAA,EC Granted,PUNJAB,3(a) Metallurgical Industries (ferrous and non ferrous)
60,SIA/PB/IND1/457634/2024,"Clearance Type: Application for ToR (Category A, B1, and B2 Violation)/EC (Category B2) - Form 1
S/W No.: SW/167569/2024
Category: B1
Sector: Industrial Projects - 1
Date of Submission:
04/01/2024","Expansion in the existing Steel Manufacturing Unit M/s Modern Concast at Village- Wazir Nagar, Mandi Gobindgarh, Tehsil & District- Fatehgarh Sahib, Punjab.",PUNJAB,MODERN CONCAST,SEIAA,Standard ToR Granted,PUNJAB,3(a) Metallurgical Industries (ferrous and non ferrous)
61,SIA/PB/IND1/456036/2023,"Clearance Type: Application for EC (Category A, B1, and B2 Violation)- Form 1
S/W No.: SW/107341/2022
Category: B1
Sector: Industrial Projects - 1
Date of Submission:
03/01/2024","Expansion of existing Steel Manufacturing Unit “M/s Sona Castings Pvt. Ltd.” for increasing the production capacity to 365 TPD (1,27,750 TPA)",PUNJAB,SONA CASTINGS PRIVATE LIMITED,SEIAA,EC Granted,PUNJAB,3(a) Metallurgical Industries (ferrous and non ferrous)
62,SIA/PB/IND1/456101/2023,"Clearance Type: Application for EC (Category A, B1, and B2 Violation)- Form 1
S/W No.: SW/124284/2023
Category: B1
Sector: Industrial Projects - 1
Date of Submission:
03/01/2024",Proposed Steel Manufacturing Unit namely M/s Sheetal Steel Industries Pvt. Ltd.,PUNJAB,SHEETAL STEEL INDUSTRIES PRIVATE LIMITED,SEIAA,EC Granted,PUNJAB,3(a) Metallurgical Industries (ferrous and non ferrous)
63,SIA/PB/IND1/450654/2023,"Clearance Type: Application for ToR (Category A, B1, and B2 Violation)/EC (Category B2) - Form 1
S/W No.: SW/108709/2022
Category: B1
Sector: Industrial Projects - 1
Date of Submission:
29/12/2023",M/S.BHAWANI CASTINGS (P) LIMITED,PUNJAB,BHAWANI CASTING PVT LIMITED,SEIAA,ToR Granted,PUNJAB,3(a) Metallurgical Industries (ferrous and non ferrous)
64,SIA/PB/IND1/455226/2023,"Clearance Type: Application for EC (Category A, B1, and B2 Violation)- Form 1
S/W No.: SW/112658/2022
Category: B1
Sector: Industrial Projects - 1
Date of Submission:
29/12/2023",Expansion in the existing Steel Manufacturing Unit M/s Steeltech Alloys Private Limited,PUNJAB,STEELTECH ALLOYS PRIVATE LIMITED,SEIAA,EC Granted,PUNJAB,3(a) Metallurgical Industries (ferrous and non ferrous)
65,SIA/PB/IND1/453227/2023,"Clearance Type: Application for EC (Category A, B1, and B2 Violation)- Form 1
S/W No.: SW/108604/2022
Category: B1
Sector: Industrial Projects - 1
Date of Submission:
13/12/2023","Expansion of existing Steel Manufacturing Unit namely M/s Durga Multimetals Pvt. Ltd. located at Village Chattarpura, Mandi Gobindgarh, District Fatehgarh Sahib, Punjab for increasing the production capacity to 150 TPD (52,500 TPA).",PUNJAB,DURGA MULTIMETALS PRIVATE LIMITED,SEIAA,EC Granted,PUNJAB,3(a) Metallurgical Industries (ferrous and non ferrous)
66,SIA/PB/IND1/451889/2023,"Clearance Type: Application for EC (Category A, B1, and B2 Violation)- Form 1
S/W No.: SW/121320/2023
Category: B1
Sector: Industrial Projects - 1
Date of Submission:
04/12/2023","Expansion in the existing Steel manufacturing unit ""M/s Neelkanth Multimetals"" at Village- Majri Mishri , backside Focal point, Mandi Gobindgarh, Tehsil- Amloh, District- Fatehgarh Sahib, Punjab",PUNJAB,NEELKANTH MULTIMETALS,SEIAA,EC Granted,PUNJAB,3(a) Metallurgical Industries (ferrous and non ferrous)
67,SIA/PB/IND1/407408/2022,"Clearance Type: Application for ToR (Category A, B1, and B2 Violation)/EC (Category B2) - Form 1
S/W No.: SW/108604/2022
Category: B1
Sector: Industrial Projects - 1
Date of Submission:
23/11/2023","Expansion of existing Steel Manufacturing Unit namely M/s Durga Multimetals Pvt. Ltd. located at Village Chattarpura, Mandi Gobindgarh, District Fatehgarh Sahib, Punjab for increasing the production capacity to 150 TPD (52,500 TPA).",PUNJAB,DURGA MULTIMETALS PRIVATE LIMITED,SEIAA,TOR Granted,PUNJAB,3(a) Metallurgical Industries (ferrous and non ferrous)
68,SIA/PB/IND1/409131/2022,"Clearance Type: Application for ToR (Category A, B1, and B2 Violation)/EC (Category B2) - Form 1
S/W No.: SW/110302/2022
Category: B1
Sector: Industrial Projects - 1
Date of Submission:
23/11/2023","Expansion in the existing Steel Manufacturing unit M/s S.S. Concast Private Limited (Unit-III) at Village- Panjetta, Tehsil- Koom Kalan, Machhiwara road, District- Ludhiana, Punjab",PUNJAB,S.S. CON-CAST PRIVATE LIMITED,SEIAA,TOR Granted,PUNJAB,3(a) Metallurgical Industries (ferrous and non ferrous)
69,SIA/PB/IND1/411808/2022,"Clearance Type: Application for ToR (Category A, B1, and B2 Violation)/EC (Category B2) - Form 1
S/W No.: SW/112658/2022
Category: B1
Sector: Industrial Projects - 1
Date of Submission:
23/11/2023",Expansion in the existing Steel Manufacturing Unit M/s Steeltech Alloys Private Limited,PUNJAB,STEELTECH ALLOYS PRIVATE LIMITED,SEIAA,TOR GRANTED,PUNJAB,3(a) Metallurgical Industries (ferrous and non ferrous)
70,SIA/PB/IND1/414369/2023,"Clearance Type: Application for ToR (Category A, B1, and B2 Violation)/EC (Category B2) - Form 1
S/W No.: SW/115404/2023
Category: B1
Sector: Industrial Projects - 1
Date of Submission:
23/11/2023","Expansion of existing Steel Manufacturing Unit namely M/s Radhika Steel Industries located at R.G. Mill Road, Mandi Gobindgarh, District Fatehgarh Sahib, Punjab for increasing the production capacity to 230 TPD (80,500 TPA).",PUNJAB,SURESH KUMAR (HUF),SEIAA,TOR GRANTED,PUNJAB,3(a) Metallurgical Industries (ferrous and non ferrous)
71,SIA/PB/IND1/412393/2022,"Clearance Type: Application for ToR (Category A, B1, and B2 Violation)/EC (Category B2) - Form 1
S/W No.: SW/113219/2022
Category: B1
Sector: Industrial Projects - 1
Date of Submission:
23/11/2023","New Steel Manufacturing Unit M/s BR Chopra Multimetals Private Limited at Village- Mullanpur Kalan, Tehsil- Amloh, District- Fatehgarh Sahib, Punjab",PUNJAB,QUALITY INDUSTRIES PRIVATE LIMITED,SEIAA,TOR GRANTED,PUNJAB,3(a) Metallurgical Industries (ferrous and non ferrous)
72,SIA/PB/IND1/452437/2023,"Clearance Type: Application for ToR (Category A, B1, and B2 Violation)/EC (Category B2) - Form 1
S/W No.: SW/151452/2023
Category: B1
Sector: Industrial Projects - 1
Date of Submission:
17/11/2023","Expansion of existing Steel Manufacturing Unit namely M/s Jagat Metals Pvt. Ltd. located at Village Ambey Majra, Near 220 K.V. Power House, Mandi Gobindgarh, District Fatehgarh Sahib, Punjab for increasing the production capacity from 170 TPD to 410 TPD (1,43,500 TPA)",PUNJAB,JAGAT METALS PVT. LTD.,SEIAA,TOR GRANTED,PUNJAB,3(a) Metallurgical Industries (ferrous and non ferrous)
73,SIA/PB/IND1/411440/2022,"Clearance Type: Application for EC (Category A, B1, and B2 Violation)- Form 1
S/W No.: SW/112078/2022
Category: B1
Sector: Industrial Projects - 1
Date of Submission:
16/11/2023","Expansion of the existing steel manufacturing unit namely “M/s Devbhoomi Casting Pvt. Ltd.” for increasing the production capacity from 84 TPD (29,400 TPA) to 288 TPD (1,00,800 TPA) located at Transport Nagar, Village Kumbra, Mandi Gobindgarh, Distt. Fatehgarh Sahib, Punjab.",PUNJAB,M/S DEVBHOOMI CASTING PVT. LTD.,SEIAA,EC Granted,PUNJAB,3(a) Metallurgical Industries (ferrous and non ferrous)
74,SIA/PB/IND1/451414/2023,"Clearance Type: Application for EC (Category A, B1, and B2 Violation)- Form 1
S/W No.: SW/113219/2022
Category: B1
Sector: Industrial Projects - 1
Date of Submission:
10/11/2023","New Steel Manufacturing Unit M/s BR Chopra Multimetals Private Limited at Village- Mullanpur Kalan, Tehsil- Amloh, District- Fatehgarh Sahib, Punjab",PUNJAB,QUALITY INDUSTRIES PRIVATE LIMITED,SEIAA,EC Granted,PUNJAB,3(a) Metallurgical Industries (ferrous and non ferrous)
75,SIA/PB/IND1/451013/2023,"Clearance Type: Application for ToR (Category A, B1, and B2 Violation)/EC (Category B2) - Form 1
S/W No.: SW/150125/2023
Category: B1
Sector: Industrial Projects - 1
Date of Submission:
03/11/2023","Expansion of the existing Steel Manufacturing Unit namely M/s K.S Alloys located at Village Kumbh, Amloh Road, Mandi Gobindgarh, Distt. Fatehgarh Sahib, Punjab for increasing the production capacity from 84 TPD (29,400 TPA) to 410 TPD (1,43,500 TPA)",PUNJAB,M/S KS ALLOYS,SEIAA,TOR GRANTED,PUNJAB,3(a) Metallurgical Industries (ferrous and non ferrous)
76,SIA/PB/IND1/443162/2023,"Clearance Type: Application for ToR (Category A, B1, and B2 Violation)/EC (Category B2) - Form 1
S/W No.: SW/142556/2023
Category: B1
Sector: Industrial Projects - 1
Date of Submission:
01/11/2023","Existing unit having Stand-Alone Rolling Mill via reheating furnace for the production of 45,000 TPA of structural steels located at Village-Garhi Tarkhana, Machhiwara, Ludhiana East, Ludhiana, Punjab by M/s Garg Industries Limited.",PUNJAB,GARG INDUSTRIES LIMITED,SEIAA,TOR GRANTED,PUNJAB,3(a) Metallurgical Industries (ferrous and non ferrous)
77,SIA/PB/IND1/449955/2023,"Clearance Type: Application for EC (Category A, B1, and B2 Violation)- Form 1
S/W No.: SW/116712/2023
Category: B1
Sector: Industrial Projects - 1
Date of Submission:
27/10/2023","New Steel Manufacturing Unit M/s Eco Special Plates & Flats Private Limited at Village- Chattarpur, backside Focal Point, Tehsil- Amloh, District- Fatehgarh Sahib, Punjab.",PUNJAB,ECO SPECIAL PLATES & FLATS PRIVATE LIMITED,SEIAA,EC Granted,PUNJAB,3(a) Metallurgical Industries (ferrous and non ferrous)
78,SIA/PB/IND1/445665/2023,"Clearance Type: Application for EC (Category A, B1, and B2 Violation)- Form 1
S/W No.: SW/110302/2022
Category: B1
Sector: Industrial Projects - 1
Date of Submission:
06/10/2023","Expansion in the existing Steel Manufacturing unit M/s S.S. Concast Private Limited (Unit-III) at Village- Panjetta, Tehsil- Koom Kalan, Machhiwara road, District- Ludhiana, Punjab",PUNJAB,S.S. CON-CAST PRIVATE LIMITED,SEIAA,EC Granted,PUNJAB,3(a) Metallurgical Industries (ferrous and non ferrous)
79,SIA/PB/IND1/441939/2023,"Clearance Type: Application for EC (Category A, B1, and B2 Violation)- Form 1
S/W No.: SW/141279/2023
Category: B1
Sector: Industrial Projects - 1
Date of Submission:
13/09/2023","Expansion of the existing Steel Manufacturing Unit namely ""M/s P.P Castings"" located at Village Kumbh, Amloh Road, Mandi Gobindgarh, District Fatehgarh Sahib, Punjab",PUNJAB,P P CASTINGS,SEIAA,EC Granted,PUNJAB,3(a) Metallurgical Industries (ferrous and non ferrous)
80,SIA/PB/IND1/441451/2023,"Clearance Type: Application for EC (Category A, B1, and B2 Violation)- Form 1
S/W No.: SW/138797/2023
Category: B1
Sector: Industrial Projects - 1
Date of Submission:
09/09/2023","Manufacturing of 1,57,500 TPA of Steel Ingots/billets and 1,40,000TPA of Angles, Channels, TMT Bars, H.R. Strips by Installing new Induction Furnace of 30TPH capacity, Concast and existing 2X15 Ton/hr rolling mills at Village- Talwara, G.T. road, Sirhind side, Talwara road, Mandi Gobindgarh, Tehsil- Amloh, District- Fatehgarh Sahib, Punjab by M/s Impression Securities Private Limited unit Bharat Ispat Udyog",PUNJAB,IMPRESSION SECURITIES PRIVATE LIMITED,SEIAA,EC Granted,PUNJAB,3(a) Metallurgical Industries (ferrous and non ferrous)
81,SIA/PB/IND1/441293/2023,"Clearance Type: Application for ToR (Category A, B1, and B2 Violation)/EC (Category B2) - Form 1
S/W No.: SW/140888/2023
Category: B1
Sector: Industrial Projects - 1
Date of Submission:
28/08/2023","Existing unit having Stand-Alone Rolling Mill via reheating furnace for the production of 27,000 TPA of structural steels located at Village-Garhi Tarkhana, Machhiwara, Ludhiana East, Ludhiana, Punjab by M/s Garg Industries Limited.",PUNJAB,GARG INDUSTRIES LIMITED,SEIAA,"Withdrawn
(at : )",PUNJAB,3(a) Metallurgical Industries (ferrous and non ferrous)
82,SIA/PB/IND1/439941/2023,"Clearance Type: Application for ToR (Category A, B1, and B2 Violation)/EC (Category B2) - Form 1
S/W No.: SW/139243/2023
Category: B1
Sector: Industrial Projects - 1
Date of Submission:
22/08/2023","Expansion in the Steel manufacturing unit from 29,400 TPA to 1,40,000 TPA of Steel Ingots/Billets & further TMT Bars, Round, Flats, Angle and channel (Rolling Mills) from 28,700 TPA to 1,37,000TPA via 2 No. of Induction Furnaces having capacity 1x10 TPH and 1x15 TPH, LRF, Concast & Rolling Mill by M/s Tee Dee Alloys at Village-Wazir Nagar, Ambey Majra Road, Sirhind, District-Fatehgarh Sahib, Punjab.",PUNJAB,TEE DEE ALLOYS,SEIAA,TOR GRANTED,PUNJAB,3(a) Metallurgical Industries (ferrous and non ferrous)
83,SIA/PB/IND1/440766/2023,"Clearance Type: Application for ToR (Category A, B1, and B2 Violation)/EC (Category B2) - Form 1
S/W No.: SW/140388/2023
Category: B1
Sector: Industrial Projects - 1
Date of Submission:
18/08/2023","Expansion in the Steel manufacturing unit from 29,400 TPA to 1,57, 500 TPA of Steel Ingots/Billets & further rolled into Round, Square, grider, Angle, Channel, flats via 2x15 TPH Induction Furnace, Concast & Rolling Mill by M/s Goyal Malleable (P) Limited at Village-Malakpur, Sirhind, Tehsil & District-Fatehgarh Sahib, Punjab.",PUNJAB,Goyal Malleables Private Limited,SEIAA,TOR GRANTED,PUNJAB,3(a) Metallurgical Industries (ferrous and non ferrous)
84,SIA/PB/IND1/431048/2023,"Clearance Type: Application for ToR (Category A, B1, and B2 Violation)/EC (Category B2) - Form 1
S/W No.: SW/130925/2023
Category: B1
Sector: Industrial Projects - 1
Date of Submission:
04/08/2023","Expansion in the existing Steel Manufacturing unit M/s G.O. Steel Private Limited at Village- Kahanpura, Badinpur road, Mandi Gobindgarh, Tehsil- Amloh, District- Fatehgarh Sahib, Punjab",PUNJAB,G O STEEL PRIVATE LIMITED,SEIAA,TOR GRANTED,PUNJAB,3(a) Metallurgical Industries (ferrous and non ferrous)
85,SIA/PB/IND1/438411/2023,"Clearance Type: Application for ToR (Category A, B1, and B2 Violation)/EC (Category B2) - Form 1
S/W No.: SW/138103/2023
Category: B1
Sector: Industrial Projects - 1
Date of Submission:
01/08/2023","Expansion of the existing Steel Manufacturing Unit namely M/s Shree Ram Multimetals Pvt. Ltd. located at Village Kumbhra, Near Truck Stand, Mandi Gobindgarh, District Fatehgarh Sahib, Punjab",PUNJAB,SHREE RAM MUL TIMETALS PRIVATE LIMITED,SEIAA,EDS raised,PUNJAB,3(a) Metallurgical Industries (ferrous and non ferrous)
86,SIA/PB/IND1/429469/2023,"Clearance Type: Application for ToR (Category A, B1, and B2 Violation)/EC (Category B2) - Form 1
S/W No.: SW/129427/2023
Category: B1
Sector: Industrial Projects - 1
Date of Submission:
17/07/2023","Expansion in the existing Steel Manufacturing Unit M/s Fortune Metals Limited at Talwara Road, Adjoining PSEB Grid, Mandi Gobindgarh, Tehsil- Amloh, District-Fatehgarh Sahib, Punjab",PUNJAB,FORTUNE METALS LIMITED,SEIAA,TOR GRANTED,PUNJAB,3(a) Metallurgical Industries (ferrous and non ferrous)
87,SIA/PB/IND1/433862/2023,"Clearance Type: Application for EC (Category A, B1, and B2 Violation)- Form 1
S/W No.: SW/101321/2022
Category: B1
Sector: Industrial Projects - 1
Date of Submission:
01/07/2023","Proposed Steel Manufacturing Unit namely “M/s Dang Special Steels Pvt. Ltd.” at G.T Road, Doraha, Tehsil Payal, District Ludhiana, Punjab.",PUNJAB,DANG SPECIAL STEELS PRIVATE LIMITED,SEIAA,EC Granted,PUNJAB,3(a) Metallurgical Industries (ferrous and non ferrous)
88,SIA/PB/IND1/434996/2023,"Clearance Type: Application for ToR (Category A, B1, and B2 Violation)/EC (Category B2) - Form 1
S/W No.: SW/134731/2023
Category: B1
Sector: Industrial Projects - 1
Date of Submission:
29/06/2023",Existing Steel Manufacturing Unit namely M/s Bharat Steel Industry,PUNJAB,BHARAT STEEL INDUSTRY,SEIAA,TOR GRANTED,PUNJAB,3(a) Metallurgical Industries (ferrous and non ferrous)
89,SIA/PB/IND1/434979/2023,"Clearance Type: Application for ToR (Category A, B1, and B2 Violation)/EC (Category B2) - Form 1
S/W No.: SW/134715/2023
Category: B1
Sector: Industrial Projects - 1
Date of Submission:
29/06/2023","Expansion of the existing Steel Manufacturing Unit namely M/s T.C.G Alloys located at Village Ajnali, Backside Baddi Bhawani, Mandi Gobindgarh, Distt. Fatehgarh Sahib, Punjab for increasing the production capacity from 72 TPD to 150 TPD.",PUNJAB,T.C.G. ALLOYS,SEIAA,TOR GRANTED,PUNJAB,3(a) Metallurgical Industries (ferrous and non ferrous)
90,SIA/PB/IND1/431914/2023,"Clearance Type: Application for EC (Category A, B1, and B2 Violation)- Form 1
S/W No.: SW/131635/2023
Category: B1
Sector: Industrial Projects - 1
Date of Submission:
24/06/2023","Expansion in the existing Steel Manufacturing unit M/s Rudra Alloys Pvt. Ltd. at Village- Ambey Majra, Mandi Gobindgarh, Tehsil- Amloh, District- Fatehgarh Sahib, Punjab",PUNJAB,M/S RUDRA ALLOYS PVT. LTD.,SEIAA,EC Granted,PUNJAB,3(a) Metallurgical Industries (ferrous and non ferrous)
91,SIA/PB/IND1/425982/2023,"Clearance Type: Application for ToR (Category A, B1, and B2 Violation)/EC (Category B2) - Form 1
S/W No.: SW/126012/2023
Category: B1
Sector: Industrial Projects - 1
Date of Submission:
15/06/2023",Proposed Steel Manufacturing unit namely M/s SZ Steel Pvt. Ltd.,PUNJAB,SZ STEEL PRIVATE LIMITED,SEIAA,TOR GRANTED,PUNJAB,3(a) Metallurgical Industries (ferrous and non ferrous)
92,SIA/PB/IND1/432647/2023,"Clearance Type: Application for ToR (Category A, B1, and B2 Violation)/EC (Category B2) - Form 1
S/W No.: SW/132447/2023
Category: B1
Sector: Industrial Projects - 1
Date of Submission:
08/06/2023",Existing Steel Manufacturing Unit namely M/s Nandini Alloys,PUNJAB,VIJAY BANSAL,SEIAA,TOR GRANTED,PUNJAB,3(a) Metallurgical Industries (ferrous and non ferrous)
93,SIA/PB/IND1/430223/2023,"Clearance Type: Application for EC (Category A, B1, and B2 Violation)- Form 1
S/W No.: SW/103719/2022
Category: B1
Sector: Industrial Projects - 1
Date of Submission:
08/06/2023","Proposed 0.75 Million Tonnes Per Annum (MTPA) Crude Steel Production Through EAF at Industrial Plot A-1, Kadiana Khurd Village (Adjacent to Hi-Tech Cycle Valley), Ludhiana East Tehsil, Ludhiana District, Punjab-Tata Steel Limited",PUNJAB,TATA STEEL LIMITED,SEIAA,EC Granted,PUNJAB,3(a) Metallurgical Industries (ferrous and non ferrous)
94,SIA/PB/IND1/430477/2023,"Clearance Type: Application for ToR (Category A, B1, and B2 Violation)/EC (Category B2) - Form 1
S/W No.: SW/130359/2023
Category: B1
Sector: Industrial Projects - 1
Date of Submission:
24/05/2023",Expansion of existing Steel Manufacturing Unit namely M/s Nabha Steels & Metals,PUNJAB,NABHA STEELS & METALS,SEIAA,TOR GRANTED,PUNJAB,3(a) Metallurgical Industries (ferrous and non ferrous)
95,SIA/PB/IND1/425225/2023,"Clearance Type: Application for EC (Category A, B1, and B2 Violation)- Form 1
S/W No.: SW/125316/2023
Category: B1
Sector: Industrial Projects - 1
Date of Submission:
18/05/2023","Expansion in the existing Steel Manufacturing unit M/s Natural castings at village- Mullanpur Kalan, Mandi Gobindgarh, Tehsil- Amloh, District- Fatehgarh Sahib, Punjab",PUNJAB,M/S NATURAL CASTINGS,SEIAA,EC Granted,PUNJAB,3(a) Metallurgical Industries (ferrous and non ferrous)
96,SIA/PB/IND1/429273/2023,"Clearance Type: Application for EC (Category A, B1, and B2 Violation)- Form 1
S/W No.: SW/129204/2023
Category: B1
Sector: Industrial Projects - 1
Date of Submission:
15/05/2023","Expansion in the existing Steel Manufacturing unit M/s ANJ Metal Recycling Pvt. Ltd. at Village- Tooran, Amloh road, Tehsil- Amloh, Mandi Gobindgarh, District- Fatehgarh Sahib, Punjab",PUNJAB,ANJ METAL RECYCLING PVT. LTD.,SEIAA,EC Granted,PUNJAB,3(a) Metallurgical Industries (ferrous and non ferrous)
97,SIA/PB/IND1/427886/2023,"Clearance Type: Application for ToR (Category A, B1, and B2 Violation)/EC (Category B2) - Form 1
S/W No.: SW/127834/2023
Category: B1
Sector: Industrial Projects - 1
Date of Submission:
04/05/2023",M/s Stelco Limited,PUNJAB,STELCO LIMITED,SEIAA,TOR GRANTED,PUNJAB,3(a) Metallurgical Industries (ferrous and non ferrous)
98,SIA/PB/IND1/425365/2023,"Clearance Type: Application for ToR (Category A, B1, and B2 Violation)/EC (Category B2) - Form 1
S/W No.: SW/125072/2023
Category: B1
Sector: Industrial Projects - 1
Date of Submission:
08/04/2023","Expansion in the existing steel manufacturing unit M/s P.S. Alloys & Metals at Village- Kumbh, Mandi Gobindgarh, Tehsil- Amloh, District- Fatehgarh Sahib, Punjab",PUNJAB,P S ALLOYS & METALS,SEIAA,TOR GRANTED,PUNJAB,3(a) Metallurgical Industries (ferrous and non ferrous)
99,SIA/PB/IND1/424116/2023,"Clearance Type: Application for ToR (Category A, B1, and B2 Violation)/EC (Category B2) - Form 1
S/W No.: SW/124284/2023
Category: B1
Sector: Industrial Projects - 1
Date of Submission:
31/03/2023",Proposed Steel Manufacturing Unit namely M/s Sheetal Steel Industries Pvt. Ltd.,PUNJAB,SHEETAL STEEL INDUSTRIES PRIVATE LIMITED,SEIAA,TOR GRANTED,PUNJAB,3(a) Metallurgical Industries (ferrous and non ferrous)
100,SIA/PB/IND1/423731/2023,"Clearance Type: Application for EC (Category A, B1, and B2 Violation)- Form 1
S/W No.: SW/123572/2023
Category: B1
Sector: Industrial Projects - 1
Date of Submission:
29/03/2023",M/s Belco Special Steels Pvt. Ltd.,PUNJAB,BELCO SPECIAL STEELS PVT. LTD.,SEIAA,EC Granted,PUNJAB,3(a) Metallurgical Industries (ferrous and non ferrous)
101,SIA/PB/IND1/423450/2023,"Clearance Type: Application for EC (Category A, B1, and B2 Violation)- Form 1
S/W No.: SW/123673/2023
Category: B1
Sector: Industrial Projects - 1
Date of Submission:
25/03/2023","Expansion in the existing steel manufacturing unit by M/s Kisco Castings (India) LTD at Village-Nasrali, Guru Ki Nagri, Anaj Mandi Bhadla road, Tehsil-Mandi-Gobindgarh, District -Fatehgarh Sahib., State-Punjab",PUNJAB,M/S KISCO CASTINGS (INDIA) LTD.,SEIAA,EC Granted,PUNJAB,3(a) Metallurgical Industries (ferrous and non ferrous)
102,SIA/PB/IND1/421990/2023,"Clearance Type: Application for EC (Category A, B1, and B2 Violation)- Form 1
S/W No.: SW/122079/2023
Category: B1
Sector: Industrial Projects - 1
Date of Submission:
25/03/2023","Steel manufacturing plant going to increase the capacity by addition of Induction Furnace and Concast located at Village-Doraha, Rampur Road, Tehsil-Payal, District-Ludhiana, State-Punjab by M/s Saeco Strips Private limited.",PUNJAB,SAECO STRIPS PRIVATE LIMITED,SEIAA,EC Granted,PUNJAB,3(a) Metallurgical Industries (ferrous and non ferrous)
103,SIA/PB/IND1/420746/2023,"Clearance Type: Application for ToR (Category A, B1, and B2 Violation)/EC (Category B2) - Form 1
S/W No.: SW/121320/2023
Category: B1
Sector: Industrial Projects - 1
Date of Submission:
04/03/2023","Expansion in the existing Steel manufacturing unit ""M/s Neelkanth Multimetals"" at Village- Majri Mishri , backside Focal point, Mandi Gobindgarh, Tehsil- Amloh, District- Fatehgarh Sahib, Punjab",PUNJAB,NEELKANTH MULTIMETALS,SEIAA,TOR GRANTED,PUNJAB,3(a) Metallurgical Industries (ferrous and non ferrous)
104,SIA/PB/IND1/415813/2023,"Clearance Type: Application for ToR (Category A, B1, and B2 Violation)/EC (Category B2) - Form 1
S/W No.: SW/116712/2023
Category: B1
Sector: Industrial Projects - 1
Date of Submission:
25/01/2023","New Steel Manufacturing Unit M/s Eco Special Plates & Flats Private Limited at Village- Chattarpur, backside Focal Point, Tehsil- Amloh, District- Fatehgarh Sahib, Punjab.",PUNJAB,ECO SPECIAL PLATES & FLATS PRIVATE LIMITED,SEIAA,TOR GRANTED,PUNJAB,3(a) Metallurgical Industries (ferrous and non ferrous)
105,SIA/PB/IND1/408052/2022,"Clearance Type: Application for EC (Category A, B1, and B2 Violation)- Form 1
S/W No.: SW/109219/2022
Category: B1
Sector: Industrial Projects - 1
Date of Submission:
28/11/2022",Existing Steel Manufacturing Unit namely Hind Alloys for increasing production capacity to 180 TPD,PUNJAB,HIND ALLOYS,SEIAA,EC Granted,PUNJAB,3(a) Metallurgical Industries (ferrous and non ferrous)
106,SIA/PB/IND1/406178/2022,"Clearance Type: Application for ToR (Category A, B1, and B2 Violation)/EC (Category B2) - Form 1
S/W No.: SW/107577/2022
Category: B1
Sector: Industrial Projects - 1
Date of Submission:
23/11/2022",M/s Akshat Alloys,PUNJAB,AKSHAT ALLOYS,SEIAA,TOR Granted,PUNJAB,3(a) Metallurgical Industries (ferrous and non ferrous)
107,SIA/PB/IND1/400524/2022,"Clearance Type: Application for ToR (Category A, B1, and B2 Violation)/EC (Category B2) - Form 1
S/W No.: SW/101321/2022
Category: B1
Sector: Industrial Projects - 1
Date of Submission:
23/11/2022","Proposed Steel Manufacturing Unit namely “M/s Dang Special Steels Pvt. Ltd.” at G.T Road, Doraha, Tehsil Payal, District Ludhiana, Punjab.",PUNJAB,DANG SPECIAL STEELS PRIVATE LIMITED,SEIAA,TOR Granted,PUNJAB,3(a) Metallurgical Industries (ferrous and non ferrous)
108,SIA/PB/IND1/405044/2022,"Clearance Type: Application for ToR (Category A, B1, and B2 Violation)/EC (Category B2) - Form 1
S/W No.: SW/106454/2022
Category: B1
Sector: Industrial Projects - 1
Date of Submission:
23/11/2022",M/s Kalsi Alloys,PUNJAB,KALSI ALLOYS,SEIAA,TOR Granted,PUNJAB,3(a) Metallurgical Industries (ferrous and non ferrous)
109,SIA/PB/IND1/406091/2022,"Clearance Type: Application for ToR (Category A, B1, and B2 Violation)/EC (Category B2) - Form 1
S/W No.: SW/107341/2022
Category: B1
Sector: Industrial Projects - 1
Date of Submission:
17/11/2022","Expansion of existing Steel Manufacturing Unit “M/s Sona Castings Pvt. Ltd.” for increasing the production capacity to 365 TPD (1,27,750 TPA)",PUNJAB,SONA CASTINGS PRIVATE LIMITED,SEIAA,TOR Granted,PUNJAB,3(a) Metallurgical Industries (ferrous and non ferrous)
110,SIA/PB/IND1/405113/2022,"Clearance Type: Application for EC (Category A, B1, and B2 Violation)- Form 1
S/W No.: SW/105835/2022
Category: B1
Sector: Industrial Projects - 1
Date of Submission:
11/11/2022",PROPOSED ROLLING MILL UNIT BY M/s ARORA IRON AND STEEL ROLLING MILLS (P) LIMITED UNIT-II.,PUNJAB,ARORA IRON & STEEL ROLLING MILLS PRIVATE LIMITED,SEIAA,EC Granted,PUNJAB,3(a) Metallurgical Industries (ferrous and non ferrous)
111,SIA/PB/IND1/405285/2022,"Clearance Type: Application for ToR (Category A, B1, and B2 Violation)/EC (Category B2) - Form 1
S/W No.: SW/106678/2022
Category: B1
Sector: Industrial Projects - 1
Date of Submission:
04/11/2022",M/s Kuber Concast,PUNJAB,KUBER CONCAST,SEIAA,TOR Granted,PUNJAB,3(a) Metallurgical Industries (ferrous and non ferrous)
112,SIA/PB/IND1/402128/2022,"Clearance Type: Application for ToR (Category A, B1, and B2 Violation)/EC (Category B2) - Form 1
S/W No.: SW/103719/2022
Category: B1
Sector: Industrial Projects - 1
Date of Submission:
06/10/2022","Proposed 0.75 Million Tonnes Per Annum (MTPA) Crude Steel Production Through EAF at Industrial Plot A-1, Kadiana Khurd Village (Adjacent to Hi-Tech Cycle Valley), Ludhiana East Tehsil, Ludhiana District, Punjab-Tata Steel Limited",PUNJAB,TATA STEEL LIMITED,SEIAA,TOR GRANTED,PUNJAB,3(a) Metallurgical Industries (ferrous and non ferrous)
1,SIA/PB/IND1/573527/2026,"Clearance Type: Application for Transfer of EC- Form-7
S/W No.: SW/279394/2026
Category: B1
Sector: Industrial Projects - 1
Date of Submission:
26/03/2026","Application for transfer of Environmental Clearance (EC) in the name of Industry “M/s Mahasagar Cement Co. (P) Ltd. to M/s Navyug Cement” located in the revenue estate of Sadiq Road, Village- Mehmuana, District- Faridkot, Punjab in EC granted vide letter no. SEAC No. 153 (Punjab) dated 08.09.2010.",PUNJAB,NAVYUG CEMENT,SEIAA,EC Granted,PUNJAB,3(b) Cement plants
2,SIA/PB/IND1/572043/2026,"Clearance Type: Application for ToR (Category A, B1, and B2 Violation)/EC (Category B2) - Form 1
S/W No.: SW/278064/2026
Category: B1
Sector: Industrial Projects - 1
Date of Submission:
13/03/2026","Standalone Clinker Grinding Unit with Cement Production Capacity of 3.0 Million TPA along with installation of Railway siding with wagon tippler and D.G. Set of Capacity 1250 KVA at Village-Maiser Khana, Tehsil-Maur, District-Bathinda, State-Punjab by JK Cement Works, Bathinda (A unit of JK Cement Limited)",PUNJAB,J K CEMENT LIMITED,SEIAA,Standard ToR Granted,PUNJAB,3(b) Cement plants
3,SIA/PB/IND1/562097/2026,"Clearance Type: Application for EC (Category A, B1, and B2 Violation)- Form 1
S/W No.: SW/234784/2025
Category: B1
Sector: Industrial Projects - 1
Date of Submission:
01/01/2026","Standalone Grinding Unit with Cement Production Capacity of 6.0 Million TPA (2 X 3 Million TPA) At Village(s): Karamgarh urf Autanwali and Talwandi Akalia,Tehsil & District: Mansa, Punjab by M/s. JSW Cement Limited",PUNJAB,JSW Cement Limited,SEIAA,Referred to SEAC,PUNJAB,3(b) Cement plants
4,SIA/PB/IND1/555372/2025,"Clearance Type: Application for ToR (Category A, B1, and B2 Violation)/EC (Category B2) - Form 1
S/W No.: SW/263340/2025
Category: B1
Sector: Industrial Projects - 1
Date of Submission:
27/10/2025","Expansion in Cement production capacity of Existing Standalone Grinding Unit from 2.0 Million TPA to 7.0 Million TPA (Phase - I: 2.0 to 3.5 Million TPA) & (Phase-II: 3.5 Million TPA) at Village: Maharaj Patti Karamchand, Tehsil: Rampura Phul and Village: Lehra Mohabbat, Tehsil: Bathinda, District: Bathinda (Punjab) by M/s. UltraTech Cement Ltd. (Unit: Bathinda Cement Works)",PUNJAB,UltraTech Cement Limited,SEIAA,Standard ToR Granted,PUNJAB,3(b) Cement plants
5,SIA/PB/IND1/550901/2025,"Clearance Type: Application for ToR (Category A, B1, and B2 Violation)/EC (Category B2) - Form 1
S/W No.: SW/259430/2025
Category: B1
Sector: Industrial Projects - 1
Date of Submission:
09/09/2025","Proposed Cement Manufacturing Plant (Grinding Only) with a Production Capacity of OPC/PPC @300 TPD at Khasra No. 206/2, Har Raipur-Khailiwala Road, Village Har Raipur, Bathinda, Punjab by M/s Richie and Branson Cement Private Limited",PUNJAB,RICHIE & BRANSON CEMENT PRIVATE LIMITED,SEIAA,Standard ToR Granted,PUNJAB,3(b) Cement plants
6,SIA/PB/IND1/523765/2025,"Clearance Type: Application for ToR (Category A, B1, and B2 Violation)/EC (Category B2) - Form 1
S/W No.: SW/234784/2025
Category: B1
Sector: Industrial Projects - 1
Date of Submission:
24/02/2025","Standalone Grinding Unit with Cement Production Capacity of 6.0 Million TPA (2 X 3 Million TPA) At Village(s): Karamgarh urf Autanwali and Talwandi Akalia,Tehsil & District: Mansa, Punjab by M/s. JSW Cement Limited",PUNJAB,JSW Cement Limited,SEIAA,Standard ToR Granted,PUNJAB,3(b) Cement plants
7,SIA/PB/IND1/466338/2024,"Clearance Type: Application for EC (Category A, B1, and B2 Violation)- Form 1
S/W No.: SW/120155/2023
Category: B1
Sector: Industrial Projects - 1
Date of Submission:
24/04/2024","Proposed expansion in existing Cement Grinding Unit from 1.20 MTPA to 2.2 MTPA located near GNDTP, Malaut Road, Village- Malout, Tehsil: Bathinda, District: Bathinda, Punjab by M/s Ambuja Cements Limited for Terms of Reference (TOR)",PUNJAB,Ambuja Cement Limited,SEIAA,EC Granted,PUNJAB,3(b) Cement plants
8,SIA/PB/IND1/466563/2024,"Clearance Type: Application for EC (Category A, B1, and B2 Violation)- Form 1
S/W No.: SW/117877/2023
Category: B1
Sector: Industrial Projects - 1
Date of Submission:
23/04/2024","""Proposed Hoshiarpur Cement Grinding Unit for Ordinary Portland Cement (OPC) / Portland Pozzolana Cement (PPC) / Portland Slag Cement (PSC) / Portland Composite Cement (PCC)/ Other cement to the tune of 2 x 3.0 MMTPA (6 MMTPA)” at Village- Raniala & Sadullapur Badhwan, Tehsil- Garhshankar, District- Hoshiarpur, State- Punjab by Ambuja Cements Limited.",PUNJAB,Ambuja Cement Limited,SEIAA,Under Processing with Authority,PUNJAB,3(b) Cement plants
9,SIA/PB/IND1/417058/2023,"Clearance Type: Application for ToR (Category A, B1, and B2 Violation)/EC (Category B2) - Form 1
S/W No.: SW/117877/2023
Category: B1
Sector: Industrial Projects - 1
Date of Submission:
29/06/2023","""Proposed Hoshiarpur Cement Grinding Unit for Ordinary Portland Cement (OPC) / Portland Pozzolana Cement (PPC) / Portland Slag Cement (PSC) / Portland Composite Cement (PCC)/ Other cement to the tune of 2 x 3.0 MMTPA (6 MMTPA)” at Village- Raniala & Sadullapur Badhwan, Tehsil- Garhshankar, District- Hoshiarpur, State- Punjab by Ambuja Cements Limited.",PUNJAB,Ambuja Cement Limited,SEIAA,TOR GRANTED,PUNJAB,3(b) Cement plants
10,SIA/PB/IND1/432820/2023,"Clearance Type: Application for ToR (Category A, B1, and B2 Violation)/EC (Category B2) - Form 1
S/W No.: SW/132617/2023
Category: B1
Sector: Industrial Projects - 1
Date of Submission:
13/06/2023","Expansion of Cement Production Capacity (3.0 Million TPA to 6.0 Million TPA) of Clinker Grinding Unit at Village: Sadhroar, Tehsil: Rajpura, District: Patiala and Village: Haripur, Tehsil & District: Fatehgarh Sahib (Punjab) by M/s. UltraTech Cement Limited (Unit: Rajpura Cement Works)",PUNJAB,M/s. UltraTech Cement Ltd.,SEIAA,TOR GRANTED,PUNJAB,3(b) Cement plants
11,SIA/PB/IND1/419487/2023,"Clearance Type: Application for ToR (Category A, B1, and B2 Violation)/EC (Category B2) - Form 1
S/W No.: SW/120155/2023
Category: B1
Sector: Industrial Projects - 1
Date of Submission:
18/05/2023","Proposed expansion in existing Cement Grinding Unit from 1.20 MTPA to 2.2 MTPA located near GNDTP, Malaut Road, Village- Malout, Tehsil: Bathinda, District: Bathinda, Punjab by M/s Ambuja Cements Limited for Terms of Reference (TOR)",PUNJAB,Ambuja Cement Limited,SEIAA,TOR GRANTED,PUNJAB,3(b) Cement plants
12,SIA/PB/IND1/416955/2023,"Clearance Type: Application for ToR (Category A, B1, and B2 Violation)/EC (Category B2) - Form 1
S/W No.: SW/117738/2023
Category: B1
Sector: Industrial Projects - 1
Date of Submission:
07/02/2023","Expansion in the existing Cement Manufacturing Unit M/s Khemuana Cement Private Limited (old name Vardhman Infratech Company) at village- Khemuana, Tehsil & District- Bathinda, Punjab",PUNJAB,KHEMUANA CEMENT PRIVATE LIMITED,SEIAA,TOR GRANTED,PUNJAB,3(b) Cement plants
1,SIA/PB/THE/580954/2026,"Clearance Type: Application for Amendment in EC- Form-4
S/W No.: SW/285800/2026
Category: B1
Sector: Thermal Projects
Date of Submission:
08/06/2026","Application for Amendment in Environmental clearance (EC) by M/s SAEL Limited located in the revenue estate of Village-Sedha Singh Wala, Tehsil Jaito, District Faridkot in EC granted vide No. DECC/SEIAA/2019/953 dated 02.12.2019",PUNJAB,SAEL LIMITED,SEIAA,EC Granted,PUNJAB,1(d) Thermal Power Plants
2,SIA/PB/THE/559403/2025,"Clearance Type: Application for Transfer of EC- Form-7
S/W No.: SW/266797/2025
Category: B1
Sector: Thermal Projects
Date of Submission:
26/11/2025","Application for transfer of Environmental clearance (EC) in the name of Industry “M/s Sukhbir Agro Energy Limited to M/s SAEL Limited” located in the revenue estate of Village-Sedha Singh Wala, Tehsil Jaito, District Faridkot in EC granted vide No. DECC/SEIAA/2019/953 dated 02.12.2019",PUNJAB,SAEL LIMITED,SEIAA,EC Granted,PUNJAB,1(d) Thermal Power Plants
3,SIA/PB/THE/532359/2025,"Clearance Type: Application for Amendment in EC- Form-4
S/W No.: SW/242494/2025
Category: B1
Sector: Thermal Projects
Date of Submission:
01/04/2025",Amendment in EC w.r.t. Emissions Standard - M/s SAEL Limited (Previously known as Sukhbir Agro Energy Limited),PUNJAB,MS SUKHBIR AGRO ENERGY LTD,SEIAA,"DELISTED BY SYSTEM
(at : 22/09/2025)",PUNJAB,1(d) Thermal Power Plants
4,SIA/PB/THE/532301/2025,"Clearance Type: Application for Amendment in EC- Form-4
S/W No.: SW/242478/2025
Category: B1
Sector: Thermal Projects
Date of Submission:
01/04/2025",Amendment in EC w.r.t. Emissions Standard - M/s SAEL Limited (Formerly Sukhbir Agro Energy Limited),PUNJAB,SAEL LIMITED,SEIAA,Proposal returned in present form,PUNJAB,1(d) Thermal Power Plants
5,SIA/PB/THE/466313/2024,"Clearance Type: Application for Amendment in EC- Form-4
S/W No.: SW/174240/2024
Category: B1
Sector: Thermal Projects
Date of Submission:
18/03/2024","Proposed amendment in EC of 18 MW Biomass Based Thermal Power Plant, Ferozpur, Punjab",PUNJAB,SAEL LIMITED,SEIAA,"DELISTED BY SYSTEM
(at : 20/05/2025)",PUNJAB,1(d) Thermal Power Plants
1,SIA/PB/IND2/571338/2026,"Clearance Type: Application for Amendment in EC- Form-4
S/W No.: SW/277468/2026
Category: B2
Sector: Industrial Projects - 2
Date of Submission:
06/03/2026",HMEL Organics Private Limited,PUNJAB,HPCL-MITTAL ENERGY LIMITED (HMEL),SEIAA,EC Granted,PUNJAB,5(ga) Grain based distilleries
1,SIA/PB/IND2/550888/2025,"Clearance Type: Application for Amendment in EC- Form-4
S/W No.: SW/259407/2025
Category: B2
Sector: Industrial Projects - 2
Date of Submission:
09/09/2025","Amendment in the EC granted vide letter No. EC21A060PB188258 dated 28.10.2021 by MoEF&CC to M/s Pancarbo Greenfuels Private Limited located at Village Lehri, Tehsil Talwandi Sabo, District Bathinda, Punjab",PUNJAB,PANCARBO GREENFUELS PRIVATE LIMITED,SEIAA,EC Granted,PUNJAB,5(g) Distilleries
1,SIA/RJ/IND1/560821/2026,"Clearance Type: Application for ToR (Category A, B1, and B2 Violation)/EC (Category B2) - Form 1
S/W No.: SW/268034/2025
Category: B1
Sector: Industrial Projects - 1
Date of Submission:
21/01/2026","100 TPD (36,000 TPA) Sponge Iron Plant by M/s Bhilwara Sponge Pvt. Ltd. at Village Khatan Khedi, Tehsil Banera, District Bhilwara, Rajasthan",RAJASTHAN,BHILWARA SPONGE PRIVATE LIMITED,SEIAA,Standard ToR Granted,RAJASTHAN,3(a) Metallurgical Industries (ferrous and non ferrous)
2,SIA/RJ/IND1/539777/2025,"Clearance Type: Application for EC (Category A, B1, and B2 Violation)- Form 1
S/W No.: SW/177316/2024
Category: B1
Sector: Industrial Projects - 1
Date of Submission:
30/05/2025","Proposed Expansion of existing rolling plant from 200 TPD (MS Billets/TMT Bars – 160 TPD & Wire Rod – 40 TPD) to 500 TPD (MS Billets/TMT Bars – 460 TPD & Wire Rod – 40 TPD) and expansion in plot area from 46200 Sq.m to 62900 Sq.m located at Khasra No- 360, 361, 362, 1848/1759, 1759/587, 364/1, 356, 357, 358 and 359, Village - Mandana Tehsil - Ladpura & District - Kota, Rajasthan by M/s Tanmay Dhyata Steel Concast Limited.",RAJASTHAN,TANMAY DHYATA STEEL CONCAST LIMITED,SEIAA,EC Granted,RAJASTHAN,3(a) Metallurgical Industries (ferrous and non ferrous)
3,SIA/RJ/IND1/481879/2024,"Clearance Type: Application for Surrender of Environmental Clearance - Form -11
S/W No.: SW/109221/2022
Category: B1
Sector: Industrial Projects - 1
Date of Submission:
17/06/2024","Proposed Tmt Bars - 1,20,000 Tpa (10,000 Tpm)",RAJASTHAN,NIRMAN TMT STEEL PRIVATE LIMITED,SEIAA,"DELISTED BY SYSTEM
(at : 23/03/2026)",RAJASTHAN,3(a) Metallurgical Industries (ferrous and non ferrous)
4,SIA/RJ/IND1/467599/2024,"Clearance Type: Application for EC (Category A, B1, and B2 Violation)- Form 1
S/W No.: SW/137757/2023
Category: B1
Sector: Industrial Projects - 1
Date of Submission:
02/05/2024","Rounak Engineering Innovations Private Limited “Proposed Greenfield Project for manufacturing of Sponge Iron having capacity of 33,000 TPA through 2 x 50 TPD Capacity of sponge iron Tunnel Kiln” located at # Plot No. F-424, RIICO - Growth Center, RIICO Industrial Area, Village - Hamirgarh, District- Bhilwara, Rajasthan, 311025.",RAJASTHAN,ROUNAK ENGINEERING INNOVATIONS PRIVATE LIMITED,SEIAA,EC Granted,RAJASTHAN,3(a) Metallurgical Industries (ferrous and non ferrous)
5,SIA/RJ/IND1/464014/2024,"Clearance Type: Application for EC (Category A, B1, and B2 Violation)- Form 1
S/W No.: SW/172507/2024
Category: B1
Sector: Industrial Projects - 1
Date of Submission:
29/04/2024","Expansion of MS Ingots/Billets from 15,000 TPA to 45,000 TPA and TMT Bar from 29,000 TPA to 1,95,000 TPA",RAJASTHAN,AMAR PARTAP STEELS PRIVATE LIMITED,SEIAA,EC Granted,RAJASTHAN,3(a) Metallurgical Industries (ferrous and non ferrous)
6,SIA/RJ/IND1/458327/2024,"Clearance Type: Application for EC (Category A, B1, and B2 Violation)- Form 1
S/W No.: SW/124521/2023
Category: B1
Sector: Industrial Projects - 1
Date of Submission:
22/04/2024","Sigma Electric Manufacturing Corporation Private Limited-Regularization of existing electrical wiring accessories unit having capacity of 7600 TPA situated at Plot No. A 134-136, Road No 12, Vishwakarma Industrial Area, Jaipur, Rajasthan, 302013.",RAJASTHAN,SIGMA ELECTRIC MANUFACTURING CORPORATION PRIVATE LIMITED,SEIAA,Proposal returned in present form,RAJASTHAN,3(a) Metallurgical Industries (ferrous and non ferrous)
7,SIA/RJ/IND1/468479/2024,"Clearance Type: Application for ToR (Category A, B1, and B2 Violation)/EC (Category B2) - Form 1
S/W No.: SW/177316/2024
Category: B1
Sector: Industrial Projects - 1
Date of Submission:
05/04/2024","Proposed Expansion of existing rolling plant from 200 TPD (MS Billets/TMT Bars – 160 TPD & Wire Rod – 40 TPD) to 500 TPD (MS Billets/TMT Bars – 460 TPD & Wire Rod – 40 TPD) and expansion in plot area from 46200 Sq.m to 62900 Sq.m located at Khasra No- 360, 361, 362, 1848/1759, 1759/587, 364/1, 356, 357, 358 and 359, Village - Mandana Tehsil - Ladpura & District - Kota, Rajasthan by M/s Tanmay Dhyata Steel Concast Limited.",RAJASTHAN,TANMAY DHYATA STEEL CONCAST LIMITED,SEIAA,Standard ToR Granted,RAJASTHAN,3(a) Metallurgical Industries (ferrous and non ferrous)
8,SIA/RJ/IND1/462669/2024,"Clearance Type: Application for Transfer of EC- Form-7
S/W No.: SW/171838/2024
Category: B1
Sector: Industrial Projects - 1
Date of Submission:
13/02/2024",JAI MATA ENGINEERING LTD,RAJASTHAN,JAI MATA ENGINEERING LTD,SEIAA,"DELISTED BY SYSTEM
(at : 30/10/2024)",RAJASTHAN,3(a) Metallurgical Industries (ferrous and non ferrous)
9,SIA/RJ/IND1/457625/2024,"Clearance Type: Application for ToR (Category A, B1, and B2 Violation)/EC (Category B2) - Form 1
S/W No.: SW/167642/2024
Category: B1
Sector: Industrial Projects - 1
Date of Submission:
03/01/2024",Spent Catalytic Converters,RAJASTHAN,ECONORM AUTOCAT PRIVATE LIMITED,SEIAA,"DELISTED BY SYSTEM
(at : 30/10/2024)",RAJASTHAN,3(a) Metallurgical Industries (ferrous and non ferrous)
10,SIA/RJ/IND1/412860/2023,"Clearance Type: Application for ToR (Category A, B1, and B2 Violation)/EC (Category B2) - Form 1
S/W No.: SW/113896/2023
Category: B1
Sector: Industrial Projects - 1
Date of Submission:
23/11/2023","Proposed Rolling Mill plant of M/s Raghuveer Metal Industries Limited at Khasra No. 730, 731, 732, 733, 734, 742, 743, 735, 736, 737, 738, 739, 740, 745 MIN, 745 MIN, 1286 & 1287, of Village Bidikchyawas, Near Mangliyawas, Nasirabad Road, Ajmer, Rajasthan for the production of Patra Mill 60,600 TPA & Ms Pipe 60,000 TPA by using Re-Heating furnace (existing) & Rolling mill (proposed) in the area of 56800 sq.m.",RAJASTHAN,ANISH POKHARNA,SEIAA,TOR GRANTED,RAJASTHAN,3(a) Metallurgical Industries (ferrous and non ferrous)
11,SIA/RJ/IND1/409059/2022,"Clearance Type: Application for ToR (Category A, B1, and B2 Violation)/EC (Category B2) - Form 1
S/W No.: SW/109967/2022
Category: B1
Sector: Industrial Projects - 1
Date of Submission:
23/11/2023","Proposed TMT Bars - 45,000 TPA (150 TPD)",RAJASTHAN,NIRMAN INFRA-STEEL PRIVATE LIMITED,SEIAA,TOR GRANTED,RAJASTHAN,3(a) Metallurgical Industries (ferrous and non ferrous)
12,SIA/RJ/IND1/445310/2023,"Clearance Type: Application for ToR (Category A, B1, and B2 Violation)/EC (Category B2) - Form 1
S/W No.: SW/144559/2023
Category: B1
Sector: Industrial Projects - 1
Date of Submission:
16/11/2023","Regularization & expansion of existing unit for manufacturing of TMT Bars (Capacity - 1,52,000 TPA) located at E-242 to E-245, RIICO Industrial Area Parvatsar, Tehsil-Parbatsar, Distt Nagaur, Rajasthan by M/s Jindal Spratech Bar Limited",RAJASTHAN,JINDAL SPRATECH BAR LIMITED,SEIAA,TOR GRANTED,RAJASTHAN,3(a) Metallurgical Industries (ferrous and non ferrous)
13,SIA/RJ/IND1/447405/2023,"Clearance Type: Application for EC (Category A, B1, and B2 Violation)- Form 1
S/W No.: SW/127646/2023
Category: B1
Sector: Industrial Projects - 1
Date of Submission:
19/10/2023","Proposed Steel Induction Furnace and Rolling Mill with a capacity of 1.6 lakh TPA at Plot No. A 390 & 391, RIICO Growth Centre, Village: Hamirgarh, Tehsil & District: Bhilwara, Rajasthan by M/s. Charbhuja Product (India) Pvt. Ltd.",RAJASTHAN,CHARBHUJA PRODUCT (INDIA) PRIVATE LIMITED,SEIAA,EC Granted,RAJASTHAN,3(a) Metallurgical Industries (ferrous and non ferrous)
14,SIA/RJ/IND1/445513/2023,"Clearance Type: Application for EC (Category A, B1, and B2 Violation)- Form 1
S/W No.: SW/144582/2023
Category: B1
Sector: Industrial Projects - 1
Date of Submission:
25/09/2023","Proposed MS Billets/Ingots to the tune of 2,37,600 TPA and TMT Bar/Structural Items/Pipes to the tune of 2,97,000 TPA manufacturing unit",RAJASTHAN,MANGALA PRODUCT PRIVATE LIMITED,SEIAA,EC Granted,RAJASTHAN,3(a) Metallurgical Industries (ferrous and non ferrous)
15,SIA/RJ/IND1/438015/2023,"Clearance Type: Application for ToR (Category A, B1, and B2 Violation)/EC (Category B2) - Form 1
S/W No.: SW/137757/2023
Category: B1
Sector: Industrial Projects - 1
Date of Submission:
20/09/2023","Rounak Engineering Innovations Private Limited “Proposed Greenfield Project for manufacturing of Sponge Iron having capacity of 33,000 TPA through 2 x 50 TPD Capacity of sponge iron Tunnel Kiln” located at # Plot No. F-424, RIICO - Growth Center, RIICO Industrial Area, Village - Hamirgarh, District- Bhilwara, Rajasthan, 311025.",RAJASTHAN,ROUNAK ENGINEERING INNOVATIONS PRIVATE LIMITED,SEIAA,EDS raised,RAJASTHAN,3(a) Metallurgical Industries (ferrous and non ferrous)
16,SIA/RJ/IND1/434115/2023,"Clearance Type: Application for ToR (Category A, B1, and B2 Violation)/EC (Category B2) - Form 1
S/W No.: SW/124521/2023
Category: B1
Sector: Industrial Projects - 1
Date of Submission:
01/08/2023","Sigma Electric Manufacturing Corporation Private Limited-Regularization of existing electrical wiring accessories unit having capacity of 7600 TPA situated at Plot No. A 134-136, Road No 12, Vishwakarma Industrial Area, Jaipur, Rajasthan, 302013.",RAJASTHAN,SIGMA ELECTRIC MANUFACTURING CORPORATION PRIVATE LIMITED,SEIAA,TOR GRANTED,RAJASTHAN,3(a) Metallurgical Industries (ferrous and non ferrous)
17,SIA/RJ/IND1/433461/2023,"Clearance Type: Application for EC (Category A, B1, and B2 Violation)- Form 1
S/W No.: SW/109967/2022
Category: B1
Sector: Industrial Projects - 1
Date of Submission:
25/07/2023","Proposed TMT Bars - 45,000 TPA (150 TPD)",RAJASTHAN,NIRMAN INFRA-STEEL PRIVATE LIMITED,SEIAA,EC Granted,RAJASTHAN,3(a) Metallurgical Industries (ferrous and non ferrous)
18,SIA/RJ/IND1/436489/2023,"Clearance Type: Application for EC (Category A, B1, and B2 Violation)- Form 1
S/W No.: SW/115980/2023
Category: B1
Sector: Industrial Projects - 1
Date of Submission:
13/07/2023","M/s Prem Jain Ispat Udyog Limited for the manufacturing of MS ingots and TMT Bars at Plot no.- Special-256, Tehsil -Ladpura, Industrial Area Kuber (Extension), Ranpur, Kota, Rajasthan.",RAJASTHAN,PREM JAIN ISPAT UDYOG PRIVATE LIMITED,SEIAA,EC Granted,RAJASTHAN,3(a) Metallurgical Industries (ferrous and non ferrous)
19,SIA/RJ/IND1/435058/2023,"Clearance Type: Application for ToR (Category A, B1, and B2 Violation)/EC (Category B2) - Form 1
S/W No.: SW/134805/2023
Category: B1
Sector: Industrial Projects - 1
Date of Submission:
30/06/2023",M/s Suncity Sheets Pvt. Ltd.,RAJASTHAN,SUNCITY SHEETS PVT LTD,SEIAA,TOR GRANTED,RAJASTHAN,3(a) Metallurgical Industries (ferrous and non ferrous)
20,SIA/RJ/IND1/428097/2023,"Clearance Type: Application for ToR (Category A, B1, and B2 Violation)/EC (Category B2) - Form 1
S/W No.: SW/127782/2023
Category: B1
Sector: Industrial Projects - 1
Date of Submission:
28/06/2023","M/s Virla Gold Ispat LLP at Khasra 911/6-911/8- Gram Punchayat LakkiTalab, Tehsil- Raipur, District Pali, Rajasthan for the Production of TMT Bars 1,80,000 TPA",RAJASTHAN,VIRLA GOLD ISPAT LLP,SEIAA,TOR GRANTED,RAJASTHAN,3(a) Metallurgical Industries (ferrous and non ferrous)
21,SIA/RJ/IND1/433313/2023,"Clearance Type: Application for EC (Category A, B1, and B2 Violation)- Form 1
S/W No.: SW/109221/2022
Category: B1
Sector: Industrial Projects - 1
Date of Submission:
14/06/2023","Proposed Tmt Bars - 1,20,000 Tpa (10,000 Tpm)",RAJASTHAN,NIRMAN TMT STEEL PRIVATE LIMITED,SEIAA,EC Granted,RAJASTHAN,3(a) Metallurgical Industries (ferrous and non ferrous)
22,SIA/RJ/IND1/427771/2023,"Clearance Type: Application for ToR (Category A, B1, and B2 Violation)/EC (Category B2) - Form 1
S/W No.: SW/127646/2023
Category: B1
Sector: Industrial Projects - 1
Date of Submission:
01/06/2023","Proposed Steel Induction Furnace and Rolling Mill with a capacity of 1.6 lakh TPA at Plot No. A 390 & 391, RIICO Growth Centre, Village: Hamirgarh, Tehsil & District: Bhilwara, Rajasthan by M/s. Charbhuja Product (India) Pvt. Ltd.",RAJASTHAN,CHARBHUJA PRODUCT (INDIA) PRIVATE LIMITED,SEIAA,TOR GRANTED,RAJASTHAN,3(a) Metallurgical Industries (ferrous and non ferrous)
23,SIA/RJ/IND1/414971/2023,"Clearance Type: Application for ToR (Category A, B1, and B2 Violation)/EC (Category B2) - Form 1
S/W No.: SW/115980/2023
Category: B1
Sector: Industrial Projects - 1
Date of Submission:
08/02/2023","M/s Prem Jain Ispat Udyog Limited for the manufacturing of MS ingots and TMT Bars at Plot no.- Special-256, Tehsil -Ladpura, Industrial Area Kuber (Extension), Ranpur, Kota, Rajasthan.",RAJASTHAN,PREM JAIN ISPAT UDYOG PRIVATE LIMITED,SEIAA,TOR GRANTED,RAJASTHAN,3(a) Metallurgical Industries (ferrous and non ferrous)
24,SIA/RJ/IND1/407993/2022,"Clearance Type: Application for ToR (Category A, B1, and B2 Violation)/EC (Category B2) - Form 1
S/W No.: SW/109221/2022
Category: B1
Sector: Industrial Projects - 1
Date of Submission:
30/11/2022","Proposed Tmt Bars - 1,20,000 Tpa (10,000 Tpm)",RAJASTHAN,NIRMAN TMT STEEL PRIVATE LIMITED,SEIAA,TOR GRANTED,RAJASTHAN,3(a) Metallurgical Industries (ferrous and non ferrous)
25,SIA/RJ/IND1/407365/2022,"Clearance Type: Application for ToR (Category A, B1, and B2 Violation)/EC (Category B2) - Form 1
S/W No.: SW/108646/2022
Category: B1
Sector: Industrial Projects - 1
Date of Submission:
25/11/2022",Expansion of MS Ingots/ Billets and TMT Bar,RAJASTHAN,AMAR PARTAP STEELS PRIVATE LIMITED,SEIAA,TOR Granted,RAJASTHAN,3(a) Metallurgical Industries (ferrous and non ferrous)
26,SIA/RJ/IND1/407643/2022,"Clearance Type: Application for ToR (Category A, B1, and B2 Violation)/EC (Category B2) - Form 1
S/W No.: SW/108917/2022
Category: B1
Sector: Industrial Projects - 1
Date of Submission:
23/11/2022",Expansion Of Tmt Bars,RAJASTHAN,KAMAL SPONGE STEEL AND POWER LIMITED,SEIAA,TOR GRANTED,RAJASTHAN,3(a) Metallurgical Industries (ferrous and non ferrous)
27,SIA/RJ/IND1/406553/2022,"Clearance Type: Application for ToR (Category A, B1, and B2 Violation)/EC (Category B2) - Form 1
S/W No.: SW/107875/2022
Category: B1
Sector: Industrial Projects - 1
Date of Submission:
18/11/2022",Proposed MS Billets/Ingots and TMT Bar/Structural Items/Pipes,RAJASTHAN,MANGALA PRODUCT PRIVATE LIMITED,SEIAA,TOR GRANTED,RAJASTHAN,3(a) Metallurgical Industries (ferrous and non ferrous)
28,SIA/RJ/IND1/404404/2022,"Clearance Type: Application for ToR (Category A, B1, and B2 Violation)/EC (Category B2) - Form 1
S/W No.: SW/103969/2022
Category: B1
Sector: Industrial Projects - 1
Date of Submission:
05/11/2022",Chalkos Recyclers Private Limited,RAJASTHAN,CHALKOS RECYCLERS PRIVATE LIMITED,SEIAA,TOR GRANTED,RAJASTHAN,3(a) Metallurgical Industries (ferrous and non ferrous)
1,SIA/RJ/IND2/578000/2026,"Clearance Type: Application for amendment in ToR (for categories A & B1)/Amendment in EC (for category B2)- Form-3
S/W No.: SW/145511/2023
Category: B2
Sector: Industrial Projects - 2
Date of Submission:
21/05/2026","Proposed 300 KLPD Grain based Ethanol Plant along with 6.5 MW Cogeneration Power Plant at Village Jalodi, Tehsil Talera, District Bundi, Rajasthan by M/s. Vidya Green Ventures Private Limited",RAJASTHAN,VIDYA GREEN VENTURES PRIVATE LIMITED,SEIAA,EC Granted,RAJASTHAN,5(g) Distilleries
2,SIA/RJ/IND2/578870/2026,"Clearance Type: Application for Amendment in EC- Form-4
S/W No.: SW/143696/2023
Category: B1
Sector: Industrial Projects - 2
Date of Submission:
13/05/2026",Proposed 180 KLD Grain based Distillery along with 5.0 MW Cogeneration Power Plant,RAJASTHAN,ROUQIL DISTILLERY PRIVATE LIMITED,SEIAA,EC Granted,RAJASTHAN,5(g) Distilleries
3,SIA/RJ/IND2/559916/2025,"Clearance Type: Application for Transfer of EC- Form-7
S/W No.: SW/267250/2025
Category: B2
Sector: Industrial Projects - 2
Date of Submission:
06/12/2025","Greenfield Project of 150 KLD Grain Based Ethanol Plant Along with 4.0 MW Co-generation Power Plant located at Khasra No. 1135/934, 1139/1136, 1143/1140, 1145/1144, 6, 8 in Village- Peeplada Hadon Ka, Tehsil - Talera, District - Bundi, Rajasthan",RAJASTHAN,RAAVI GREEN FUELS PRIVATE LIMITED,SEIAA,EC Granted,RAJASTHAN,5(g) Distilleries
4,SIA/RJ/IND2/554322/2025,"Clearance Type: Application for EC (Category A, B1, and B2 Violation)- Form 1
S/W No.: SW/235566/2025
Category: B1
Sector: Industrial Projects - 2
Date of Submission:
09/10/2025","Proposed 190 KLD Grain based Distillery along with 6.0 MW Cogeneration Power Plant, at Thikriyakala, Talera, Bundi, Rajasthan",RAJASTHAN,SHUBHSHREE HEALTHCARE PRIVATE LIMITED,SEIAA,EC Granted,RAJASTHAN,5(g) Distilleries
5,SIA/RJ/IND2/553700/2025,"Clearance Type: Application for ToR (Category A, B1, and B2 Violation)/EC (Category B2) - Form 1
S/W No.: SW/261813/2025
Category: B1
Sector: Industrial Projects - 2
Date of Submission:
30/09/2025","Proposed Malt Spirit & DWGS Project, at Khasra no 98,99 village - Kishanpuriya, Tehsil Banera District Bhilwara Rajasthan of THAR MALTS PRIVATE LIMITED",RAJASTHAN,THAR MALTS PRIVATE LIMITED,SEIAA,"DELISTED BY SYSTEM
(at : 13/11/2025)",RAJASTHAN,5(g) Distilleries
6,SIA/RJ/IND2/551661/2025,"Clearance Type: Application for Transfer of EC- Form-7
S/W No.: SW/105139/2022
Category: B2
Sector: Industrial Projects - 2
Date of Submission:
15/09/2025","Greenfield Project of 150 KLD Grain Based Ethanol Plant Along with 4.0 MW Co-generation Power Plant located at Khasra No. 1135/934, 1139/1136, 1143/1140, 1145/1144, 6, 8 in Village- Peeplada Hadon Ka, Tehsil - Talera, District - Bundi, Rajasthan by M/s Ethan Bio-Fuel Pvt. Ltd.",RAJASTHAN,ETHAN BIO-FUEL PRIVATE LIMITED,SEIAA,"DELISTED BY SYSTEM
(at : 06/11/2025)",RAJASTHAN,5(g) Distilleries
7,SIA/RJ/IND2/521733/2025,"Clearance Type: Application for Amendment in EC- Form-4
S/W No.: SW/231356/2025
Category: B2
Sector: Industrial Projects - 2
Date of Submission:
19/04/2025","Amendment in EC for Proposed 125 KLPD Grain based Ethanol Plant along with 3.0 MW Cogeneration Power Plant at Plot No. SP1-2, RIICO Industrial Area, Village Guwadi & Majhari, Tehsil Shahabad, District Baran, Rajasthan by M/s. Carya Chemicals & Fertilizers Private Limited",RAJASTHAN,CARYA CHEMICALS & FERTILIZERS PRIVATE LIMITED,SEIAA,Proposal returned in present form,RAJASTHAN,5(g) Distilleries
8,SIA/RJ/IND2/524659/2025,"Clearance Type: Application for ToR (Category A, B1, and B2 Violation)/EC (Category B2) - Form 1
S/W No.: SW/235566/2025
Category: B1
Sector: Industrial Projects - 2
Date of Submission:
09/04/2025","Proposed 190 KLD Grain based Distillery along with 6.0 MW Cogeneration Power Plant, at Thikriyakala, Talera, Bundi, Rajasthan",RAJASTHAN,SHUBHSHREE HEALTHCARE PRIVATE LIMITED,SEIAA,Standard ToR Granted,RAJASTHAN,5(g) Distilleries
9,SIA/RJ/IND2/499342/2024,"Clearance Type: Application for ToR (Category A, B1, and B2 Violation)/EC (Category B2) - Form 1
S/W No.: SW/209890/2024
Category: B1
Sector: Industrial Projects - 2
Date of Submission:
03/02/2025",Greenfield Grain Based Distillery Plant of 100 KLD capacity along with captive co-generation power plant (based on biomass using auxiliary fuel coal up to 15 %) of 2.5 MW,RAJASTHAN,AGARWAL BIO CHEMICALS,SEIAA,ToR Granted,RAJASTHAN,5(g) Distilleries
10,SIA/RJ/IND2/470954/2024,"Clearance Type: Application for EC (Category A, B1, and B2 Violation)- Form 1
S/W No.: SW/143696/2023
Category: B1
Sector: Industrial Projects - 2
Date of Submission:
17/05/2024",Proposed 180 KLD Grain based Distillery along with 5.0 MW Cogeneration Power Plant,RAJASTHAN,ROUQIL DISTILLERY PRIVATE LIMITED,SEIAA,EC Granted,RAJASTHAN,5(g) Distilleries
11,SIA/RJ/IND2/412093/2022,"Clearance Type: Application for EC (Category A, B1, and B2 Violation)- Form 1
S/W No.: SW/110709/2022
Category: B1
Sector: Industrial Projects - 2
Date of Submission:
16/11/2023","Agribiotech Industries Limited: Expansion of Grain-Based Distillery from 74 KLPD to 120 KLPD in RS/ENA&TA, 11,000 cases per day to 15,000 cases per day, CO2 generation plant from 18 MT/Day to 50 MT/day and Co-generation from 1.2 MW to 3.0 MW, DWGS 125 MT/Day to DDGS - 60 MT/Day and fusel oil from 200 Litres to 400 Litres by modernization.",RAJASTHAN,AGRIBIOTECH INDUSTRIES LIMITED,SEIAA,EC Granted,RAJASTHAN,5(g) Distilleries
12,SIA/RJ/IND2/444447/2023,"Clearance Type: Application for ToR (Category A, B1, and B2 Violation)/EC (Category B2) - Form 1
S/W No.: SW/143696/2023
Category: B1
Sector: Industrial Projects - 2
Date of Submission:
09/10/2023",Proposed 180 KLD Grain based Distillery along with 5.0 MW Cogeneration Power Plant,RAJASTHAN,ROUQIL DISTILLERY PRIVATE LIMITED,SEIAA,TOR GRANTED,RAJASTHAN,5(g) Distilleries
1,SIA/RJ/IND1/580407/2026,"Clearance Type: Application for Transfer of EC- Form-7
S/W No.: SW/285340/2026
Category: B2
Sector: Industrial Projects - 1
Date of Submission:
28/05/2026","Transfer of Earlier granted Environment Clearance from M/s Banshiwala Cements LLP to Ambush cememt Private Limited of “Expansion in Cement Production Capacity from 30,000 TPA to 120000 TPA of Existing Clinker Grinding Unit at Villages -Tikawada, Tehsil Kishangarh, District - Ajmer (Rajasthan) by Ambush cememt Private Limited",RAJASTHAN,AMBUSH CEMENT Private Limited,SEIAA,EC Granted,RAJASTHAN,3(b) Cement plants
2,SIA/RJ/IND1/552962/2026,"Clearance Type: Application for EC (Category A, B1, and B2 Violation)- Form 1
S/W No.: SW/248079/2025
Category: B1
Sector: Industrial Projects - 1
Date of Submission:
13/04/2026","Proposed Manufacturing of Cement (Clinker Grinding Unit) along with the existing slag grinding unit at Plot No. E 33(A) & E-34(A) RIICO Industrial Area, Behror, District- Alwar Rajasthan by M/S Shree Dayal Minerals",RAJASTHAN,SHREE DAYAL MINERALS,SEIAA,Referred to SEAC,RAJASTHAN,3(b) Cement plants
3,SIA/RJ/IND1/571898/2026,"Clearance Type: Application for EC (Category A, B1, and B2 Violation)- Form 1
S/W No.: SW/255240/2025
Category: B1
Sector: Industrial Projects - 1
Date of Submission:
12/03/2026","Proposed Clinker Grinding Unit with Cement Production Capacity of 6.0 Million TPA (2 X 3.0 Million TPA) and DG Set (630 KVA) at Villages: Thukrana & Prabhat Nagar, Tehsil: Suratgarh, and District: Sri Ganganagar, Rajasthan by M/S. Wonder Cement Limited.",RAJASTHAN,WONDER CEMENT LIMITED,SEIAA,EC Granted,RAJASTHAN,3(b) Cement plants
4,SIA/RJ/IND1/558552/2025,"Clearance Type: Application for EC (Category A, B1, and B2 Violation)- Form 1
S/W No.: SW/254168/2025
Category: B1
Sector: Industrial Projects - 1
Date of Submission:
05/12/2025","Standalone Clinker Grinding Unit with Cement Production Capacity of 3.0 Million TPA along with installation of Railway siding with wagon tippler and D.G. Set of Capacity 1250 KVA at Village-Kitasar Bhatiyan, Tehsil-Shri Dungargarh, District-Bikaner, State-Rajasthan by JK Cement Works, Bikaner (A unit of JK Cement Limited)",RAJASTHAN,J K CEMENT LIMITED,SEIAA,EC Granted,RAJASTHAN,3(b) Cement plants
5,SIA/RJ/IND1/559449/2025,"Clearance Type: Application for ToR (Category A, B1, and B2 Violation)/EC (Category B2) - Form 1
S/W No.: SW/266824/2025
Category: B1
Sector: Industrial Projects - 1
Date of Submission:
28/11/2025","Proposed production White Cement & Dolomite Grinding 2,00,000 MT/Year, White Cement Value-Added Products 3,00,000 MT/Year, Grey Cement Value-Added 2,00,000 MT/Year, M/s. Mineral Wealth Syndicate for Crushing, Grinding and Mixing Plant for Mineral Marble & Dolomite, Khasra No 5892/1945, Village Kelwa, Tehsil & District Rajsamand, State Rajasthan.",RAJASTHAN,Mineral wealth syndicate,SEIAA,Standard ToR Granted,RAJASTHAN,3(b) Cement plants
6,SIA/RJ/IND1/532862/2025,"Clearance Type: Application for EC (Category A, B1, and B2 Violation)- Form 1
S/W No.: SW/226261/2024
Category: B1
Sector: Industrial Projects - 1
Date of Submission:
12/11/2025",Jai Shree Kamakhya Cement (OPC) Private Limited,RAJASTHAN,jai shree kamakhya cement (OPC) PRIVATE LIMITED,SEIAA,EC Granted,RAJASTHAN,3(b) Cement plants
7,SIA/RJ/IND1/546421/2025,"Clearance Type: Application for ToR (Category A, B1, and B2 Violation)/EC (Category B2) - Form 1
S/W No.: SW/255240/2025
Category: B1
Sector: Industrial Projects - 1
Date of Submission:
05/08/2025","Proposed Clinker Grinding Unit with Cement Production Capacity of 6.0 Million TPA (2 X 3.0 Million TPA) and DG Set (630 KVA) at Villages: Thukrana & Prabhat Nagar, Tehsil: Suratgarh, and District: Sri Ganganagar, Rajasthan by M/S. Wonder Cement Limited.",RAJASTHAN,WONDER CEMENT LIMITED,SEIAA,Standard ToR Granted,RAJASTHAN,3(b) Cement plants
8,SIA/RJ/IND1/545149/2025,"Clearance Type: Application for ToR (Category A, B1, and B2 Violation)/EC (Category B2) - Form 1
S/W No.: SW/254168/2025
Category: B1
Sector: Industrial Projects - 1
Date of Submission:
23/07/2025","Standalone Clinker Grinding Unit with Cement Production Capacity of 3.0 Million TPA along with installation of Railway siding with wagon tippler and D.G. Set of Capacity 1250 KVA at Village-Kitasar Bhatiyan, Tehsil-Shri Dungargarh, District-Bikaner, State-Rajasthan by JK Cement Works, Bikaner (A unit of JK Cement Limited)",RAJASTHAN,J K CEMENT LIMITED,SEIAA,Standard ToR Granted,RAJASTHAN,3(b) Cement plants
9,SIA/RJ/IND1/446505/2023,"Clearance Type: Application for EC (Category A, B1, and B2 Violation)- Form 1
S/W No.: SW/138031/2023
Category: B1
Sector: Industrial Projects - 1
Date of Submission:
15/07/2025","Proposed Clinker Grinding Unit of 60,000 TPA of Cement (OPC, PPC, PSC & SSC) located at Plot No. G1-96, 97,100 & 101 RIICO Industrial Area Didwana, Tehsil- Lalsot, District -Dausa, Rajasthan, having total plot area of 4220 Sq.m (0.422 Ha.) by Super Ultra Cement",RAJASTHAN,SUPER ULTRA CEMENT,SEIAA,"DELISTED BY SYSTEM
(at : 13/11/2025)",RAJASTHAN,3(b) Cement plants
10,SIA/RJ/IND1/538620/2025,"Clearance Type: Application for ToR (Category A, B1, and B2 Violation)/EC (Category B2) - Form 1
S/W No.: SW/248079/2025
Category: B1
Sector: Industrial Projects - 1
Date of Submission:
23/05/2025","Proposed Manufacturing of Cement (Clinker Grinding Unit) along with the existing slag grinding unit at Plot No. E 33(A) & E-34(A) RIICO Industrial Area, Behror, District- Alwar Rajasthan by M/S Shree Dayal Minerals",RAJASTHAN,SHREE DAYAL MINERALS,SEIAA,Standard ToR Granted,RAJASTHAN,3(b) Cement plants
11,SIA/RJ/IND1/522136/2025,"Clearance Type: Application for Amendment in EC- Form-4
S/W No.: SW/167350/2024
Category: B1
Sector: Industrial Projects - 1
Date of Submission:
20/05/2025","Proposed white cement grinding unit capacity 384 TPD (1,40,160 TPA)",RAJASTHAN,JK LAKSHMI CEMENT LIMITED,SEIAA,EC Granted,RAJASTHAN,3(b) Cement plants
12,SIA/RJ/IND1/521508/2025,"Clearance Type: Application for ToR (Category A, B1, and B2 Violation)/EC (Category B2) - Form 1
S/W No.: SW/232731/2025
Category: B1
Sector: Industrial Projects - 1
Date of Submission:
08/04/2025",PROPOSED EXPANSION FOR MANUFACTURING OF CEMENT (CLINKER GRINDING UNIT),RAJASTHAN,GREAT INDIA CEMENT PRIVATE LIMITED,SEIAA,ToR Rejected,RAJASTHAN,3(b) Cement plants
13,SIA/RJ/IND1/524845/2025,"Clearance Type: Application for Transfer of EC- Form-7
S/W No.: SW/235738/2025
Category: B1
Sector: Industrial Projects - 1
Date of Submission:
04/04/2025","Regarding Name Change in the Environment Clearance Letter of “Expansion in Cement Production Capacity (1.4 MTPA to 4.0 MTPA) of Existing Stand-alone Grinding Unit at Villages - Sirohi & Bhagega, Tehsil Neem Ka Thana, District - Sikar (Rajasthan) from M/s. UltraTech Nathdwara Cement Ltd. To M/s. UltraTech Cement Ltd. (Unit: Neem Ka Thana Cement Works).”",RAJASTHAN,UltraTech Cement Limited,SEIAA,EC Granted,RAJASTHAN,3(b) Cement plants
14,SIA/RJ/IND1/514641/2024,"Clearance Type: Application for ToR (Category A, B1, and B2 Violation)/EC (Category B2) - Form 1
S/W No.: SW/226261/2024
Category: B1
Sector: Industrial Projects - 1
Date of Submission:
07/03/2025",Jai Shree Kamakhya Cement (OPC) Private Limited,RAJASTHAN,jai shree kamakhya cement (OPC) PRIVATE LIMITED,SEIAA,Standard ToR Granted,RAJASTHAN,3(b) Cement plants
15,SIA/RJ/IND1/522642/2025,"Clearance Type: Application for EC (Category A, B1, and B2 Violation)- Form 1
S/W No.: SW/196149/2024
Category: B1
Sector: Industrial Projects - 1
Date of Submission:
14/02/2025","Expansion of clinker grinding unit from 0.66 Million TPA to 1.2 Million TPA (OPC/PPC/ PSC/Composite cement) located at Khasra No. 344 & 329 Village-Luhariya Deh, Tehsil - Jhalarapatan, District-Jhalawar, Rajasthan by M/s Ambush Cement Pvt. Ltd.",RAJASTHAN,AMBUSH CEMENT Private Limited,SEIAA,EC Granted,RAJASTHAN,3(b) Cement plants
16,SIA/RJ/IND1/495299/2024,"Clearance Type: Application for EC (Category A, B1, and B2 Violation)- Form 1
S/W No.: SW/145536/2023
Category: B1
Sector: Industrial Projects - 1
Date of Submission:
17/12/2024","Proposed Mini Cement plant (VSK Technology) of Clinker Production Capacity (300 TPD) and Cement Production Capacity (300 TPD) at Village: Khejarla, Tehsil: Bilara, District: Jodhpur (Rajasthan) by M/s. Maharaja Cement Tech Pvt. Ltd.",RAJASTHAN,MAHARAJA CEMENT TECH PRIVATE LIMITED,SEIAA,"DELISTED BY SYSTEM
(at : 24/08/2025)",RAJASTHAN,3(b) Cement plants
17,SIA/RJ/IND1/486495/2024,"Clearance Type: Application for ToR (Category A, B1, and B2 Violation)/EC (Category B2) - Form 1
S/W No.: SW/196149/2024
Category: B1
Sector: Industrial Projects - 1
Date of Submission:
14/08/2024","Expansion of clinker grinding unit from 0.66 Million TPA to 1.2 Million TPA (OPC/PPC/ PSC/Composite cement) located at Khasra No. 344 & 329 Village-Luhariya Deh, Tehsil - Jhalarapatan, District-Jhalawar, Rajasthan by M/s Ambush Cement Pvt. Ltd.",RAJASTHAN,AMBUSH CEMENT Private Limited,SEIAA,Standard ToR Granted,RAJASTHAN,3(b) Cement plants
18,SIA/RJ/IND1/462351/2024,"Clearance Type: Application for EC (Category A, B1, and B2 Violation)- Form 1
S/W No.: SW/129299/2023
Category: B1
Sector: Industrial Projects - 1
Date of Submission:
04/03/2024","Durga cement Pvt. Ltd. , Khasra No. 146, Village- Bhujela,-Bharja, Tehsil- Pindwar, Dist.- Sirohi (Raj.)",RAJASTHAN,DURGA CEMENT PRIVATE LIMITED,SEIAA,EC Granted,RAJASTHAN,3(b) Cement plants
19,SIA/RJ/IND1/457438/2024,"Clearance Type: Application for EC (Category A, B1, and B2 Violation)- Form 1
S/W No.: SW/167350/2024
Category: B1
Sector: Industrial Projects - 1
Date of Submission:
24/02/2024","Proposed white cement grinding unit capacity 384 TPD (1,40,160 TPA)",RAJASTHAN,JK LAKSHMI CEMENT LIMITED,SEIAA,EC Granted,RAJASTHAN,3(b) Cement plants
20,SIA/RJ/IND1/456982/2023,"Clearance Type: Application for EC (Category A, B1, and B2 Violation)- Form 1
S/W No.: SW/153840/2023
Category: B1
Sector: Industrial Projects - 1
Date of Submission:
29/12/2023",Proposed Standalone Clinker Grinding Unit -50 TPD by Lilan Cement,RAJASTHAN,LILAN CEMENT,SEIAA,EC Granted,RAJASTHAN,3(b) Cement plants
21,SIA/RJ/IND1/455702/2023,"Clearance Type: Application for EC (Category A, B1, and B2 Violation)- Form 1
S/W No.: SW/138259/2023
Category: B1
Sector: Industrial Projects - 1
Date of Submission:
28/12/2023","Proposed Standalone Clinker Grinding Unit with Cement Production Capacity of 300 TPD at Village: Bhagoron Ka Khera, Tehsil: Ghatol, District: Banswara (Rajasthan) by M/s. Avi Cement Limited",RAJASTHAN,AVI CEMENT LIMITED,SEIAA,EC Granted,RAJASTHAN,3(b) Cement plants
22,SIA/RJ/IND1/446566/2023,"Clearance Type: Application for ToR (Category A, B1, and B2 Violation)/EC (Category B2) - Form 1
S/W No.: SW/145536/2023
Category: B1
Sector: Industrial Projects - 1
Date of Submission:
17/11/2023","Proposed Mini Cement plant (VSK Technology) of Clinker Production Capacity (300 TPD) and Cement Production Capacity (300 TPD) at Village: Khejarla, Tehsil: Bilara, District: Jodhpur (Rajasthan) by M/s. Maharaja Cement Tech Pvt. Ltd.",RAJASTHAN,MAHARAJA CEMENT TECH PRIVATE LIMITED,SEIAA,TOR GRANTED,RAJASTHAN,3(b) Cement plants
23,SIA/RJ/IND1/438553/2023,"Clearance Type: Application for ToR (Category A, B1, and B2 Violation)/EC (Category B2) - Form 1
S/W No.: SW/138259/2023
Category: B1
Sector: Industrial Projects - 1
Date of Submission:
22/09/2023","Proposed Standalone Clinker Grinding Unit with Cement Production Capacity of 300 TPD at Village: Bhagoron Ka Khera, Tehsil: Ghatol, District: Banswara (Rajasthan) by M/s. Avi Cement Limited",RAJASTHAN,AVI CEMENT LIMITED,SEIAA,EDS raised,RAJASTHAN,3(b) Cement plants
24,SIA/RJ/IND1/442173/2023,"Clearance Type: Application for EC (Category A, B1, and B2 Violation)- Form 1
S/W No.: SW/140808/2023
Category: B1
Sector: Industrial Projects - 1
Date of Submission:
29/08/2023","Proposed Clinker Grinding Unit of 180 TPD capacity 59,400 TPA (OPC/PPC/PSC/Slag powder)",RAJASTHAN,SHREE SHYAM CEMENT,SEIAA,EC Granted,RAJASTHAN,3(b) Cement plants
25,SIA/RJ/IND1/432941/2023,"Clearance Type: Application for ToR (Category A, B1, and B2 Violation)/EC (Category B2) - Form 1
S/W No.: SW/132260/2023
Category: B1
Sector: Industrial Projects - 1
Date of Submission:
03/08/2023",White Cement Grinding Unit,RAJASTHAN,JK LAKSHMI CEMENT LIMITED,SEIAA,TOR GRANTED,RAJASTHAN,3(b) Cement plants
26,SIA/RJ/IND1/429442/2023,"Clearance Type: Application for ToR (Category A, B1, and B2 Violation)/EC (Category B2) - Form 1
S/W No.: SW/129299/2023
Category: B1
Sector: Industrial Projects - 1
Date of Submission:
04/07/2023","Durga cement Pvt. Ltd. , Khasra No. 146, Village- Bhujela,-Bharja, Tehsil- Pindwar, Dist.- Sirohi (Raj.)",RAJASTHAN,DURGA CEMENT PRIVATE LIMITED,SEIAA,TOR GRANTED,RAJASTHAN,3(b) Cement plants
27,SIA/RJ/IND1/428685/2023,"Clearance Type: Application for ToR (Category A, B1, and B2 Violation)/EC (Category B2) - Form 1
S/W No.: SW/128633/2023
Category: B1
Sector: Industrial Projects - 1
Date of Submission:
07/06/2023","Proposed standalone clinker grinding unit - 180 TPD (59,400 TPA)",RAJASTHAN,SHREE SHYAM CEMENT,SEIAA,TOR GRANTED,RAJASTHAN,3(b) Cement plants
1,SIA/RJ/IND3/555466/2025,"Clearance Type: Application for ToR (Category A, B1, and B2 Violation)/EC (Category B2) - Form 1
S/W No.: SW/263445/2025
Category: B1
Sector: Industrial Projects - 3
Date of Submission:
24/10/2025","Proposed Chemical Fertilizer Manufacturing Plant for production of SSP (800 TPD), GSSP (800 TPD), NPK Mixture (800 TPD) & PROM (800 TPD) at Plot Nos. A-63, 64, 65 & 66 at Soniyana RIICO Industrial Area, Soniyana, District-Chittorgarh (Rajasthan)",RAJASTHAN,R M PHOSPHATES AND CHEMICALS PRIVATE LIMITED,SEIAA,Standard ToR Granted,RAJASTHAN,5(a) Chemical fertilizers
2,SIA/RJ/IND3/537929/2025,"Clearance Type: Application for EC (Category A, B1, and B2 Violation)- Form 1
S/W No.: SW/144389/2023
Category: B1
Sector: Industrial Projects - 3
Date of Submission:
19/05/2025","“Expansion of Fertilizer Manufacturing Plant” at Plot No. G1-29 to G-39 & H1-85, RIICO Industrial Area, Sanwar Fatehnagar, Mavli, Udaipur, Rajasthan- 313205 by M/s Blue Phosphate Limited (BPL)",RAJASTHAN,BLUE PHOSPHATE LIMITED,SEIAA,EC Granted,RAJASTHAN,5(a) Chemical fertilizers
3,SIA/RJ/IND3/445126/2023,"Clearance Type: Application for ToR (Category A, B1, and B2 Violation)/EC (Category B2) - Form 1
S/W No.: SW/144389/2023
Category: B1
Sector: Industrial Projects - 3
Date of Submission:
17/01/2024","“Expansion of Fertilizer Manufacturing Plant” at Plot No. G1-29 to G-39 & H1-85, RIICO Industrial Area, Sanwar Fatehnagar, Mavli, Udaipur, Rajasthan- 313205 by M/s Blue Phosphate Limited (BPL)",RAJASTHAN,BLUE PHOSPHATE LIMITED,SEIAA,TOR GRANTED,RAJASTHAN,5(a) Chemical fertilizers
4,SIA/RJ/IND3/420243/2023,"Clearance Type: Application for ToR (Category A, B1, and B2 Violation)/EC (Category B2) - Form 1
S/W No.: SW/120837/2023
Category: B1
Sector: Industrial Projects - 3
Date of Submission:
28/02/2023",Expansion & modernization of SSP / GSSP manufacturing unit,RAJASTHAN,PREM SAKHI FERTILIZER LIMITED,SEIAA,TOR GRANTED,RAJASTHAN,5(a) Chemical fertilizers
1,SIA/RJ/IND2/574940/2026,"Clearance Type: Application for EC (Category A, B1, and B2 Violation)- Form 1
S/W No.: SW/280459/2026
Category: B1
Sector: Industrial Projects - 2
Date of Submission:
07/05/2026","“Proposed expansion in production capacity of Grain based Ethanol Plant from 250 KLPD to 300 KLPD (20% expansion) along with 6.5 MW Cogeneration Power Plant at Village Ladpura, Tehsil - Talera, District - Bundi, Rajasthan under para 7(ii)(a) of EIA Notification, 2006.",RAJASTHAN,PINGAKSH BEVERAGES PRIVATE LIMITED,SEIAA,"DELISTED BY SYSTEM
(at : 12/07/2026)",RAJASTHAN,5(ga) Grain based distilleries
1,SIA/RJ/THE/529413/2025,"Clearance Type: Application for Transfer of EC- Form-7
S/W No.: SW/239977/2025
Category: B1
Sector: Thermal Projects
Date of Submission:
13/03/2025","Regarding Transfer / Name Change in the Environment Clearance granted for “Expansion of Captive Power Plant 70 MW & subsequent Amendment for change in fuel mix located at Village Amli (Binanigram), Tehsil Pindwara, Sirohi District, Rajasthan” from M/s. UltraTech Nathdwara Cement Ltd. to M/s. UltraTech Cement Limited.",RAJASTHAN,UltraTech Cement Limited,SEIAA,EC Granted,RAJASTHAN,1(d) Thermal Power Plants
1,SIA/TN/IND1/583320/2026,"Clearance Type: Application for EC (Category A, B1, and B2 Violation)- Form 1
S/W No.: SW/117596/2023
Category: B1
Sector: Industrial Projects - 1
Date of Submission:
16/07/2026",Proposed Expansion of Steel Rolling Mill & inclusion of Steel Melting Shop in the existing Steel Rolling Mill by M/s. Viki Industries Private Limited,TAMIL NADU,VIKI INDUSTRIES PRIVATE LIMITED,SEIAA,Under Verification,TAMIL NADU,3(a) Metallurgical Industries (ferrous and non ferrous)
2,SIA/TN/IND1/571228/2026,"Clearance Type: Application for ToR (Category A, B1, and B2 Violation)/EC (Category B2) - Form 1
S/W No.: SW/277417/2026
Category: B2
Sector: Industrial Projects - 1
Date of Submission:
19/03/2026","Proposed Expansion of Iron Foundry Unit from 53400 TPA to 92100 TPA (Ferrous Castings) and 6000 TPA (Non-Ferrous Castings) (Total – 98100 TPA) by M/s. Aquasub Engineering Unit - IV, Foundry - II in Kurudampalayam Village, Coimbatore North Taluk, Coimbatore District",TAMIL NADU,TYAGARAJAN NARENDRan,SEIAA,Referred to SEAC,TAMIL NADU,3(a) Metallurgical Industries (ferrous and non ferrous)
3,SIA/TN/IND1/571018/2026,"Clearance Type: Application for ToR (Category A, B1, and B2 Violation)/EC (Category B2) - Form 1
S/W No.: SW/277233/2026
Category: B2
Sector: Industrial Projects - 1
Date of Submission:
02/03/2026","Proposed expansion of foundry unit located at Kothavadi Village, Kinathukadavu Taluk, Coimbatore District by Craftsman Automation Limited (Unit – I Kothavadi)",TAMIL NADU,craftsman automation limited,SEIAA,EC Granted,TAMIL NADU,3(a) Metallurgical Industries (ferrous and non ferrous)
4,SIA/TN/IND1/569075/2026,"Clearance Type: Application for amendment in ToR (for categories A & B1)/Amendment in EC (for category B2)- Form-3
S/W No.: SW/117596/2023
Category: B1
Sector: Industrial Projects - 1
Date of Submission:
17/02/2026",Proposed Expansion of Steel Rolling Mill & inclusion of Steel Melting Shop in the existing Steel Rolling Mill by M/s. Viki Industries Private Limited,TAMIL NADU,VIKI INDUSTRIES PRIVATE LIMITED,SEIAA,ToR Granted,TAMIL NADU,3(a) Metallurgical Industries (ferrous and non ferrous)
5,SIA/TN/IND1/567242/2026,"Clearance Type: Application for ToR (Category A, B1, and B2 Violation)/EC (Category B2) - Form 1
S/W No.: SW/273783/2026
Category: B2
Sector: Industrial Projects - 1
Date of Submission:
31/01/2026",Proposed Expansion of Steel Melting Shop & Steel Rolling Mill by M/s. Sree Jayamurugan Alloys Private Limited,TAMIL NADU,SREE JAYAMURUGAN ALLOYS PRIVATE LIMITED,SEIAA,"DELISTED BY SYSTEM
(at : 17/06/2026)",TAMIL NADU,3(a) Metallurgical Industries (ferrous and non ferrous)
6,SIA/TN/IND1/557046/2026,"Clearance Type: Application for ToR (Category A, B1, and B2 Violation)/EC (Category B2) - Form 1
S/W No.: SW/264787/2025
Category: B2
Sector: Industrial Projects - 1
Date of Submission:
31/01/2026",Proposed Expansion of Steel Melting Plant & Rolling Mill by M/s. Sri Vela Smelters Private Limited,TAMIL NADU,SRI VELA SMELTERS PRIVATE LIMITED,SEIAA,Referred to SEAC,TAMIL NADU,3(a) Metallurgical Industries (ferrous and non ferrous)
7,SIA/TN/IND1/545964/2025,"Clearance Type: Application for Transfer of EC- Form-7
S/W No.: SW/254916/2025
Category: B1
Sector: Industrial Projects - 1
Date of Submission:
10/11/2025",Proposed MS Billets Manufacturing Unit,TAMIL NADU,ARISE INDUSTRIES AND AGENCY PRIVATE LIMITED,SEIAA,EC Granted,TAMIL NADU,3(a) Metallurgical Industries (ferrous and non ferrous)
8,SIA/TN/IND1/555758/2025,"Clearance Type: Application for Transfer of EC- Form-7
S/W No.: SW/263713/2025
Category: B1
Sector: Industrial Projects - 1
Date of Submission:
29/10/2025","Jet Associates (Jeppiar Furnace Division), S.No. 33/1,4,5,6,7,8,34/5A3,5A5,5A6A,5A6B,5A7,5A8,35/4C,4D,5A,5B,5C,5D,5E,6A,6B,7A,7B,2A,2B,2C,2D,2E, 39/5B,5B2,10,11,12,13A,13B,40/1A2, Kunnavakkam Village, Kancheepuram Taluk & District - MS Billets Manufacturing Unit (82500-TPM) - Environmental Clearance",TAMIL NADU,JEPPIAAR FURNACE AND STEELS PRIVATE LIMITED,SEIAA,EC Granted,TAMIL NADU,3(a) Metallurgical Industries (ferrous and non ferrous)
9,SIA/TN/IND1/554897/2025,"Clearance Type: Application for Amendment in EC- Form-4
S/W No.: SW/261592/2025
Category: B1
Sector: Industrial Projects - 1
Date of Submission:
13/10/2025",Proposed Amendment in Environmental Clearance for the Expansion of the Existing Steel Rolling Mill,TAMIL NADU,INDUS TMT INDUSTRIES LIMITED,SEIAA,"DELISTED BY SYSTEM
(at : 16/07/2026)",TAMIL NADU,3(a) Metallurgical Industries (ferrous and non ferrous)
10,SIA/TN/IND1/542826/2025,"Clearance Type: Application for EC (Category A, B1, and B2 Violation)- Form 1
S/W No.: SW/129961/2023
Category: B1
Sector: Industrial Projects - 1
Date of Submission:
13/10/2025","Expansion of Existing Billets manufacturing facility from 26,000 Tons per Annum to 2 Lakhs Tons per Annum",TAMIL NADU,M NELLAIYAH ROLLING MILL PRIVATE LIMITED,SEIAA,"DELISTED BY SYSTEM
(at : 23/01/2026)",TAMIL NADU,3(a) Metallurgical Industries (ferrous and non ferrous)
11,SIA/TN/IND1/550162/2025,"Clearance Type: Application for ToR (Category A, B1, and B2 Violation)/EC (Category B2) - Form 1
S/W No.: SW/256522/2025
Category: B2
Sector: Industrial Projects - 1
Date of Submission:
12/10/2025",Proposed Expansion of Steel Melting Plant & Steel Rolling Mill by M/s. Sakthi Steel Industries Limited,TAMIL NADU,SAKTHI STEEL INDUSTRIES LIMITED,SEIAA,EC Granted,TAMIL NADU,3(a) Metallurgical Industries (ferrous and non ferrous)
12,SIA/TN/IND1/549188/2025,"Clearance Type: Application for ToR (Category A, B1, and B2 Violation)/EC (Category B2) - Form 1
S/W No.: SW/257883/2025
Category: B1
Sector: Industrial Projects - 1
Date of Submission:
15/09/2025",Proposed Expansion of Steel Melting plant & Steel Rolling Mill by M/s. Jeppiaar Furnace and Steels Private Limited.,TAMIL NADU,JEPPIAAR FURNACE AND STEELS PRIVATE LIMITED,SEIAA,ToR Granted,TAMIL NADU,3(a) Metallurgical Industries (ferrous and non ferrous)
13,SIA/TN/IND1/542213/2025,"Clearance Type: Application for ToR (Category A, B1, and B2 Violation)/EC (Category B2) - Form 1
S/W No.: SW/246054/2025
Category: B2
Sector: Industrial Projects - 1
Date of Submission:
16/07/2025","Proposed expansion of foundry unit located at Kothavadi village, Kinathukadavu Taluk, Coimbatore district by Craftsman Automation Limited (Unit – I Kothavadi)",TAMIL NADU,craftsman automation limited,SEIAA,EC Granted,TAMIL NADU,3(a) Metallurgical Industries (ferrous and non ferrous)
14,SIA/TN/IND1/543333/2025,"Clearance Type: Application for EC (Category A, B1, and B2 Violation)- Form 1
S/W No.: SW/250168/2025
Category: B1
Sector: Industrial Projects - 1
Date of Submission:
03/07/2025",Proposed expansion of foundry unit from 2790 TPM to 6125 TPM of Ferrous castings,TAMIL NADU,ASHOK LEYLAND LIMITED- FOUNDRY DIVISION,SEIAA,EC Rejected,TAMIL NADU,3(a) Metallurgical Industries (ferrous and non ferrous)
15,SIA/TN/IND1/538062/2025,"Clearance Type: Application for ToR (Category A, B1, and B2 Violation)/EC (Category B2) - Form 1
S/W No.: SW/247677/2025
Category: B2
Sector: Industrial Projects - 1
Date of Submission:
03/07/2025",Proposed Expansion of Steel Melting Shop & Steel Rolling Mill by M/s. Aiswaryam Steels Private Limited,TAMIL NADU,AISWARYAM STEELS PRIVATE LIMITED,SEIAA,EC Granted,TAMIL NADU,3(a) Metallurgical Industries (ferrous and non ferrous)
16,SIA/TN/IND1/539083/2025,"Clearance Type: Application for EC (Category A, B1, and B2 Violation)- Form 1
S/W No.: SW/180712/2024
Category: B1
Sector: Industrial Projects - 1
Date of Submission:
04/06/2025",Proposed Expansion of Steel Melting plant by M/s. ARS Steels & Alloy International Private Limited,TAMIL NADU,ARS STEELS AND ALLOY INTERNATIONAL PRIVATE LIMITED,SEIAA,EC Granted,TAMIL NADU,3(a) Metallurgical Industries (ferrous and non ferrous)
17,SIA/TN/IND1/531210/2025,"Clearance Type: Application for ToR (Category A, B1, and B2 Violation)/EC (Category B2) - Form 1
S/W No.: SW/241117/2025
Category: B2
Sector: Industrial Projects - 1
Date of Submission:
15/04/2025",Proposed Expansion of Steel Melting Shop & Steel Rolling Mill in the existing unit by M/s. Pashupati Metallics,TAMIL NADU,PASHUPATI METALLICS,SEIAA,EC Granted,TAMIL NADU,3(a) Metallurgical Industries (ferrous and non ferrous)
18,SIA/TN/IND1/517935/2025,"Clearance Type: Application for ToR (Category A, B1, and B2 Violation)/EC (Category B2) - Form 1
S/W No.: SW/229565/2025
Category: B2
Sector: Industrial Projects - 1
Date of Submission:
08/04/2025","Proposed Expansion of Iron Foundry Unit from 53400 TPA to 92100 TPA (C.I. Castings) by M/s. Aquasub Engineering Unit - IV, Foundry - II in Kurudampalayam Village, Coimbatore North Taluk, Coimbatore District.",TAMIL NADU,TYAGARAJAN NARENDRan,SEIAA,Proposal returned in present form,TAMIL NADU,3(a) Metallurgical Industries (ferrous and non ferrous)
19,SIA/TN/IND1/522835/2025,"Clearance Type: Application for EC (Category A, B1, and B2 Violation)- Form 1
S/W No.: SW/233721/2025
Category: B1
Sector: Industrial Projects - 1
Date of Submission:
09/02/2025","Proposed Expansion of Steel Melting Plant and Rolling Mill for the production of 88,000 TPA of Re-Rolled Products/Structurals & TMT Bars and 91,000 TPA of MS Billets by M/s Kanishk Steel Industries Limited.",TAMIL NADU,KANISHK STEEL INDUSTRIES LIMITED,SEIAA,EC Granted,TAMIL NADU,3(a) Metallurgical Industries (ferrous and non ferrous)
20,SIA/TN/IND1/515633/2024,"Clearance Type: Application for EC (Category A, B1, and B2 Violation)- Form 1
S/W No.: SW/120553/2023
Category: B1
Sector: Industrial Projects - 1
Date of Submission:
07/02/2025","Manufacturing of Billets & Re-rolling Steel Angle & Flat Bars Channels, Patra & Hollow Section with a total production of 4 Lakhs Tons Per Annum",TAMIL NADU,CHENNAI UNITED METAL INDUSTRIES PRIVATE LIMITED,SEIAA,EC Granted,TAMIL NADU,3(a) Metallurgical Industries (ferrous and non ferrous)
21,SIA/TN/IND1/437200/2023,"Clearance Type: Application for ToR (Category A, B1, and B2 Violation)/EC (Category B2) - Form 1
S/W No.: SW/137002/2023
Category: B1
Sector: Industrial Projects - 1
Date of Submission:
21/12/2024",Proposed Expansion of Steel Melting Shop & Steel Rolling Mill in the existing unit M/s. Pashupati Metallics,TAMIL NADU,PASHUPATI METALLICS,SEIAA,"DELISTED BY SYSTEM
(at : 22/12/2025)",TAMIL NADU,3(a) Metallurgical Industries (ferrous and non ferrous)
22,SIA/TN/IND1/505990/2024,"Clearance Type: Application for ToR (Category A, B1, and B2 Violation)/EC (Category B2) - Form 1
S/W No.: SW/217246/2024
Category: B2
Sector: Industrial Projects - 1
Date of Submission:
19/11/2024","Proposed expansion of foundry unit located at SIPCOT Industrial Growth Centre, Perundurai, Erode District.",TAMIL NADU,JS AUTO CAST FOUNDRY INDIA PRIVATE LIMITED,SEIAA,EC Granted,TAMIL NADU,3(a) Metallurgical Industries (ferrous and non ferrous)
23,SIA/TN/IND1/505495/2024,"Clearance Type: Application for amendment in ToR (for categories A & B1)/Amendment in EC (for category B2)- Form-3
S/W No.: SW/206299/2024
Category: B1
Sector: Industrial Projects - 1
Date of Submission:
12/11/2024","Proposed Steel Melting Shop & Steel Rolling Mill at SIPCOT Industrial Growth Centre, Perundurai by M/s. Agni Steels Private Limited",TAMIL NADU,AGNI STEELS PRIVATE LIMITED,SEIAA,ToR Granted,TAMIL NADU,3(a) Metallurgical Industries (ferrous and non ferrous)
24,SIA/TN/IND1/493639/2024,"Clearance Type: Application for ToR (Category A, B1, and B2 Violation)/EC (Category B2) - Form 1
S/W No.: SW/203788/2024
Category: B2
Sector: Industrial Projects - 1
Date of Submission:
20/09/2024","Expansion of Iron Foundry Unit from 54000 TPA to 118661 TPA (Liquid Metal) by M/s. Nelcast Limited in Madhavaram Village, Ponneri Taluk, Tiruvallur District.",TAMIL NADU,NELCAST LTD,SEIAA,EC Granted,TAMIL NADU,3(a) Metallurgical Industries (ferrous and non ferrous)
25,SIA/TN/IND1/484231/2024,"Clearance Type: Application for EC (Category A, B1, and B2 Violation)- Form 1
S/W No.: SW/134021/2023
Category: B1
Sector: Industrial Projects - 1
Date of Submission:
27/07/2024","Existing TMT bars manufacturing unit (TMT Bars - 3800 T/M, MS Rods – 100 T/M & MS Flats – 100 T/M) by M/s. Sri Kamalaganapathy Steel Rolling Mills located at Irukkur Village, Paramathi Velur Taluk, Namakkal District, Tamil Nadu.",TAMIL NADU,SRI KAMALAGANAPATHY STEEL ROLLING MILLS PRIVATE LIMITED,SEIAA,Proposal returned in present form,TAMIL NADU,3(a) Metallurgical Industries (ferrous and non ferrous)
26,SIA/TN/IND1/489870/2024,"Clearance Type: Application for EC (Category A, B1, and B2 Violation)- Form 1
S/W No.: SW/116147/2023
Category: B1
Sector: Industrial Projects - 1
Date of Submission:
26/07/2024","Proposed expansion of Ferrous Casting from 19200 TPA to 74400 TPA by M/s. Aquasub Engineering Unit V – Foundry located at Kallapalayam Village, Sulur Taluk, Coimbatore District.",TAMIL NADU,AQUASUB ENGINEERING,SEIAA,EC Granted,TAMIL NADU,3(a) Metallurgical Industries (ferrous and non ferrous)
27,SIA/TN/IND1/477543/2024,"Clearance Type: Application for Validity Extension of EC- Form-6
S/W No.: SW/186437/2024
Category: B1
Sector: Industrial Projects - 1
Date of Submission:
20/06/2024","Environmental Clearance for the proposed expansion of the existing steel melting plant to enhance the production from 2850 T/M to 10,000 T/M of MS Ingots/Billets and addition of steel rolling mill to produce 9500 T/M of Steel rods, Angles, Squares, Flats, channels and Rounds at S.F. No. 544/1,2,3,545/1,2,3 & 548, Kanur Village, Avanashi Taluk, Tiruppur District",TAMIL NADU,GOVAAN STEELS PRIVATE LIMITED,SEIAA,EC Granted,TAMIL NADU,3(a) Metallurgical Industries (ferrous and non ferrous)
28,SIA/TN/IND1/472044/2024,"Clearance Type: Application for ToR (Category A, B1, and B2 Violation)/EC (Category B2) - Form 1
S/W No.: SW/180712/2024
Category: B1
Sector: Industrial Projects - 1
Date of Submission:
12/06/2024",Proposed Expansion of Steel Melting plant by M/s. ARS Steels & Alloy International Private Limited,TAMIL NADU,ARS STEELS AND ALLOY INTERNATIONAL PRIVATE LIMITED,SEIAA,ToR Granted,TAMIL NADU,3(a) Metallurgical Industries (ferrous and non ferrous)
29,SIA/TN/IND1/467315/2024,"Clearance Type: Application for amendment in ToR (for categories A & B1)/Amendment in EC (for category B2)- Form-3
S/W No.: SW/131349/2023
Category: B1
Sector: Industrial Projects - 1
Date of Submission:
25/05/2024",Proposed Expansion of Steel melting plant and inclusion of steel rolling mill,TAMIL NADU,ADHAVAN STEELS PRIVATE LIMITED,SEIAA,"DELISTED BY SYSTEM
(at : 30/10/2024)",TAMIL NADU,3(a) Metallurgical Industries (ferrous and non ferrous)
30,SIA/TN/IND1/436890/2023,"Clearance Type: Application for ToR (Category A, B1, and B2 Violation)/EC (Category B2) - Form 1
S/W No.: SW/136710/2023
Category: B1
Sector: Industrial Projects - 1
Date of Submission:
30/03/2024","Expansion of Existing Billets Manufacturing Facility from 26,400 Tons/Annum to 1,57,680 Tons/Annum",TAMIL NADU,KEVIN STEELS PRIVATE LIMITED,SEIAA,ToR Rejected,TAMIL NADU,3(a) Metallurgical Industries (ferrous and non ferrous)
31,SIA/TN/IND1/459219/2024,"Clearance Type: Application for ToR (Category A, B1, and B2 Violation)/EC (Category B2) - Form 1
S/W No.: SW/169235/2024
Category: B1
Sector: Industrial Projects - 1
Date of Submission:
14/03/2024",Existing Rolling Mill with Re-Heating Furnace with 5000 TPM Production capacity of TMT Bars and MS Rounds,TAMIL NADU,KAMACHI STEELS PRIVATE LIMITED,SEIAA,ToR Granted,TAMIL NADU,3(a) Metallurgical Industries (ferrous and non ferrous)
32,SIA/TN/IND1/458998/2024,"Clearance Type: Application for ToR (Category A, B1, and B2 Violation)/EC (Category B2) - Form 1
S/W No.: SW/169025/2024
Category: B1
Sector: Industrial Projects - 1
Date of Submission:
08/03/2024","Existing Standalone Steel Rolling Mill located at S.F. No. 356/3B, 349, Idigarai village, Annur Taluk, Coimbatore District",TAMIL NADU,INDROLA STEEL ROLLING MILLS INDIA PRIVATE LIMITED,SEIAA,"DELISTED BY SYSTEM
(at : 30/10/2024)",TAMIL NADU,3(a) Metallurgical Industries (ferrous and non ferrous)
33,SIA/TN/IND1/437272/2023,"Clearance Type: Application for ToR (Category A, B1, and B2 Violation)/EC (Category B2) - Form 1
S/W No.: SW/137070/2023
Category: B1
Sector: Industrial Projects - 1
Date of Submission:
28/12/2023",Existing Steel Rolling Mill by M/s. Beekay Steel Industries Limited,TAMIL NADU,BEEKAY STEEL INDUSTRIES LIMITED,SEIAA,EDS raised,TAMIL NADU,3(a) Metallurgical Industries (ferrous and non ferrous)
34,SIA/TN/IND1/415203/2023,"Clearance Type: Application for ToR (Category A, B1, and B2 Violation)/EC (Category B2) - Form 1
S/W No.: SW/116147/2023
Category: B1
Sector: Industrial Projects - 1
Date of Submission:
23/11/2023","Proposed expansion of Ferrous Casting from 19200 TPA to 74400 TPA by M/s. Aquasub Engineering Unit V – Foundry located at Kallapalayam Village, Sulur Taluk, Coimbatore District.",TAMIL NADU,AQUASUB ENGINEERING,SEIAA,TOR Granted,TAMIL NADU,3(a) Metallurgical Industries (ferrous and non ferrous)
35,SIA/TN/IND1/438197/2023,"Clearance Type: Application for ToR (Category A, B1, and B2 Violation)/EC (Category B2) - Form 1
S/W No.: SW/137937/2023
Category: B1
Sector: Industrial Projects - 1
Date of Submission:
27/10/2023","Existing Metallurgical Unit of MS CTD Bars, MS TMT Bars, MS Plain Rounds, MS Angles, MS Flats & MS Channels with capacity of 4500 TPM along with by-products of Misrolls & Cobbles (320 TPM) by M/s. Ran India Steels Private Limited at Nallur Village, Paramathi Velur Taluk, Namakkal District.",TAMIL NADU,RAN INDIA STEELS PRIVATE LIMITED,SEIAA,EDS raised,TAMIL NADU,3(a) Metallurgical Industries (ferrous and non ferrous)
36,SIA/TN/IND1/440138/2023,"Clearance Type: Application for ToR (Category A, B1, and B2 Violation)/EC (Category B2) - Form 1
S/W No.: SW/139754/2023
Category: B1
Sector: Industrial Projects - 1
Date of Submission:
18/10/2023","Proposed expansion of foundry unit located at S.F. No. 478/1 & 2, Ponnandampalayam, Kaniyur Village, Sulur Taluk, Coimbatore District.",TAMIL NADU,V R FOUNDRIES,SEIAA,TOR Granted,TAMIL NADU,3(a) Metallurgical Industries (ferrous and non ferrous)
37,SIA/TN/IND1/436035/2023,"Clearance Type: Application for ToR (Category A, B1, and B2 Violation)/EC (Category B2) - Form 1
S/W No.: SW/135773/2023
Category: B1
Sector: Industrial Projects - 1
Date of Submission:
01/09/2023","Existing Standalone Steel Rolling Mill located at S.F. No. 308/1G2, 309/1A, 316/1F1 & 316/1F2, Devanampalayam Village, Kinathukadavu Taluk, Coimbatore District",TAMIL NADU,GARUDA STEELS,SEIAA,TOR Granted,TAMIL NADU,3(a) Metallurgical Industries (ferrous and non ferrous)
38,SIA/TN/IND1/436733/2023,"Clearance Type: Application for ToR (Category A, B1, and B2 Violation)/EC (Category B2) - Form 1
S/W No.: SW/136501/2023
Category: B1
Sector: Industrial Projects - 1
Date of Submission:
01/09/2023","Proposed expansion of steel melting plant & rolling mill located at S.F. No. 352, 353/1, 2, 379/1pt, 379/2pt, 380pt, 382/1pt, 382/3 pt, Nallur Village & S. F. No. 50/1pt of Kunnamalai Village, Paramathi Velur Taluk, Namakkal District",TAMIL NADU,SRI VELA SMELTERS PRIVATE LIMITED,SEIAA,EDS raised,TAMIL NADU,3(a) Metallurgical Industries (ferrous and non ferrous)
39,SIA/TN/IND1/435680/2023,"Clearance Type: Application for ToR (Category A, B1, and B2 Violation)/EC (Category B2) - Form 1
S/W No.: SW/135441/2023
Category: B1
Sector: Industrial Projects - 1
Date of Submission:
01/09/2023","Expansion of Steel Melting Shop & Rolling Mill located at S.F. No. 329/2,3,4,5,7 of Vellalagundam Village, Vazhappadi Taluk, Salem District by M/s. Sree Jayamurugan Alloys Private Limited",TAMIL NADU,SREE JAYAMURUGAN ALLOYS PRIVATE LIMITED,SEIAA,TOR Granted,TAMIL NADU,3(a) Metallurgical Industries (ferrous and non ferrous)
40,SIA/TN/IND1/436633/2023,"Clearance Type: Application for ToR (Category A, B1, and B2 Violation)/EC (Category B2) - Form 1
S/W No.: SW/136384/2023
Category: B1
Sector: Industrial Projects - 1
Date of Submission:
01/09/2023",Expansion of Steel Melting plant & Steel Rolling Mill by M/s. Sree Palani Andavar Alloys and Steels Private Limited,TAMIL NADU,SREE PALANI ANDAVAR ALLOYSAND STEELS PRIVATE LIMITED,SEIAA,EDS raised,TAMIL NADU,3(a) Metallurgical Industries (ferrous and non ferrous)
41,SIA/TN/IND1/436908/2023,"Clearance Type: Application for ToR (Category A, B1, and B2 Violation)/EC (Category B2) - Form 1
S/W No.: SW/136482/2023
Category: B1
Sector: Industrial Projects - 1
Date of Submission:
31/08/2023","Existing Re-rolling Mill with the production Capacity of 65,040 T/Annum",TAMIL NADU,ARISE INDUSTRIES AND AGENCY PRIVATE LIMITED,SEIAA,EDS raised,TAMIL NADU,3(a) Metallurgical Industries (ferrous and non ferrous)
42,SIA/TN/IND1/434295/2023,"Clearance Type: Application for ToR (Category A, B1, and B2 Violation)/EC (Category B2) - Form 1
S/W No.: SW/134021/2023
Category: B1
Sector: Industrial Projects - 1
Date of Submission:
31/08/2023","Existing TMT bars manufacturing unit (TMT Bars - 3800 T/M, MS Rods – 100 T/M & MS Flats – 100 T/M) by M/s. Sri Kamalaganapathy Steel Rolling Mills located at Irukkur Village, Paramathi Velur Taluk, Namakkal District, Tamil Nadu.",TAMIL NADU,SRI KAMALAGANAPATHY STEEL ROLLING MILLS PRIVATE LIMITED,SEIAA,TOR Granted,TAMIL NADU,3(a) Metallurgical Industries (ferrous and non ferrous)
43,SIA/TN/IND1/436034/2023,"Clearance Type: Application for ToR (Category A, B1, and B2 Violation)/EC (Category B2) - Form 1
S/W No.: SW/135772/2023
Category: B1
Sector: Industrial Projects - 1
Date of Submission:
26/07/2023","Existing standalone steel rolling mill located at Chinnaobulapuram Village, Gummidipoondi Taluk, Tiruvallur District by M/s. MTC Business Private Limited.",TAMIL NADU,MTC BUSINESS PRIVATE LIMITED,SEIAA,TOR Granted,TAMIL NADU,3(a) Metallurgical Industries (ferrous and non ferrous)
44,SIA/TN/IND1/431501/2023,"Clearance Type: Application for ToR (Category A, B1, and B2 Violation)/EC (Category B2) - Form 1
S/W No.: SW/131349/2023
Category: B1
Sector: Industrial Projects - 1
Date of Submission:
20/07/2023",Proposed Expansion of Steel melting plant and inclusion of steel rolling mill,TAMIL NADU,JAYA SAKTHI CASTING INDIA PRIVATE LIMITED,SEIAA,TOR Granted,TAMIL NADU,3(a) Metallurgical Industries (ferrous and non ferrous)
45,SIA/TN/IND1/430030/2023,"Clearance Type: Application for ToR (Category A, B1, and B2 Violation)/EC (Category B2) - Form 1
S/W No.: SW/129961/2023
Category: B1
Sector: Industrial Projects - 1
Date of Submission:
19/07/2023","Expansion of Existing Billets manufacturing facility from 26,000 Tons per Annum to 2 Lakhs Tons per Annum",TAMIL NADU,M NELLAIYAH ROLLING MILL PRIVATE LIMITED,SEIAA,TOR Granted,TAMIL NADU,3(a) Metallurgical Industries (ferrous and non ferrous)
46,SIA/TN/IND1/437250/2023,"Clearance Type: Application for ToR (Category A, B1, and B2 Violation)/EC (Category B2) - Form 1
S/W No.: SW/137064/2023
Category: B1
Sector: Industrial Projects - 1
Date of Submission:
19/07/2023","Proposed Re-Rolling Mill with the Production Capacity of 25,200 T/Annum",TAMIL NADU,ABHINAVA METALIKS PRIVATE LIMITED,SEIAA,EDS raised,TAMIL NADU,3(a) Metallurgical Industries (ferrous and non ferrous)
47,SIA/TN/IND1/428215/2023,"Clearance Type: Application for ToR (Category A, B1, and B2 Violation)/EC (Category B2) - Form 1
S/W No.: SW/128130/2023
Category: B1
Sector: Industrial Projects - 1
Date of Submission:
06/07/2023",Proposed Expansion of Steel Melting Plant & Inclusion of Steel Rolling Mill by M/s. Sree Rengaraaj Steel and Alloys Pvt Ltd.,TAMIL NADU,SREE RENGARAAJ STEEL AND ALLOYS PRIVATE LIMITED,SEIAA,TOR Granted,TAMIL NADU,3(a) Metallurgical Industries (ferrous and non ferrous)
48,SIA/TN/IND1/428081/2023,"Clearance Type: Application for ToR (Category A, B1, and B2 Violation)/EC (Category B2) - Form 1
S/W No.: SW/127770/2023
Category: B1
Sector: Industrial Projects - 1
Date of Submission:
06/07/2023",Proposed Expansion of Steel Melting plant & inclusion of Steel Rolling Mill.,TAMIL NADU,VMC STEEL & ALLOYS INDUSTRY,SEIAA,TOR Granted,TAMIL NADU,3(a) Metallurgical Industries (ferrous and non ferrous)
49,SIA/TN/IND1/427513/2023,"Clearance Type: Application for ToR (Category A, B1, and B2 Violation)/EC (Category B2) - Form 1
S/W No.: SW/127411/2023
Category: B1
Sector: Industrial Projects - 1
Date of Submission:
06/07/2023",Existing standalone steel rolling mill with production capacity of 3500 Tons/Month,TAMIL NADU,Sri Venkateshwara Steel Industries,SEIAA,TOR Granted,TAMIL NADU,3(a) Metallurgical Industries (ferrous and non ferrous)
50,SIA/TN/IND1/424697/2023,"Clearance Type: Application for ToR (Category A, B1, and B2 Violation)/EC (Category B2) - Form 1
S/W No.: SW/124882/2023
Category: B1
Sector: Industrial Projects - 1
Date of Submission:
06/04/2023","Proposed expansion of foundry unit located at Oorattukuppai Village, Madukkarai Taluk, Coimbatore District.",TAMIL NADU,BRADKEN INDIA PRIVATE LIMITED,SEIAA,TOR Granted,TAMIL NADU,3(a) Metallurgical Industries (ferrous and non ferrous)
51,SIA/TN/IND1/419918/2023,"Clearance Type: Application for ToR (Category A, B1, and B2 Violation)/EC (Category B2) - Form 1
S/W No.: SW/120553/2023
Category: B1
Sector: Industrial Projects - 1
Date of Submission:
06/03/2023","Manufacturing of Billets & Re-rolling Steel Angle & Flat Bars Channels, Patra & Hollow Section with a total production of 4 Lakhs Tons Per Annum",TAMIL NADU,CHENNAI UNITED METAL INDUSTRIES PRIVATE LIMITED,SEIAA,TOR Granted,TAMIL NADU,3(a) Metallurgical Industries (ferrous and non ferrous)
52,SIA/TN/IND1/415990/2023,"Clearance Type: Application for ToR (Category A, B1, and B2 Violation)/EC (Category B2) - Form 1
S/W No.: SW/115528/2023
Category: B1
Sector: Industrial Projects - 1
Date of Submission:
27/02/2023","Existing standalone steel rolling mill at S.F. No. 10/1, Punjaiuthukuli Village, Uthukkuli Taluk, Tiruppur District",TAMIL NADU,EMKAY ALLOYS PRIVATE LTD,SEIAA,TOR Granted,TAMIL NADU,3(a) Metallurgical Industries (ferrous and non ferrous)
53,SIA/TN/IND1/407089/2022,"Clearance Type: Application for ToR (Category A, B1, and B2 Violation)/EC (Category B2) - Form 1
S/W No.: SW/108255/2022
Category: B1
Sector: Industrial Projects - 1
Date of Submission:
24/02/2023",Proposed Expansion of Steel Rolling Mill & inclusion of Steel Melting Shop in the existing Steel Rolling Mill by M/s. Aiswaryam Steels Private Limited,TAMIL NADU,AISWARYAM STEELS PRIVATE LIMITED,SEIAA,TOR Granted,TAMIL NADU,3(a) Metallurgical Industries (ferrous and non ferrous)
54,SIA/TN/IND1/411761/2022,"Clearance Type: Application for ToR (Category A, B1, and B2 Violation)/EC (Category B2) - Form 1
S/W No.: SW/112671/2022
Category: B1
Sector: Industrial Projects - 1
Date of Submission:
23/02/2023",Existing Steel rolling mill by M/s. Arun Vyapar Udyog Pvt Ltd,TAMIL NADU,ARUN VYAPAR UDYOG PRIVATE LIMITED,SEIAA,TOR Granted,TAMIL NADU,3(a) Metallurgical Industries (ferrous and non ferrous)
55,SIA/TN/IND1/416741/2023,"Clearance Type: Application for ToR (Category A, B1, and B2 Violation)/EC (Category B2) - Form 1
S/W No.: SW/117596/2023
Category: B1
Sector: Industrial Projects - 1
Date of Submission:
22/02/2023",Proposed Expansion of Steel Rolling Mill & inclusion of Steel Melting Shop in the existing Steel Rolling Mill by M/s. Viki Industries Private Limited,TAMIL NADU,VIKI INDUSTRIES PRIVATE LIMITED,SEIAA,TOR Granted,TAMIL NADU,3(a) Metallurgical Industries (ferrous and non ferrous)
56,SIA/TN/IND1/416049/2023,"Clearance Type: Application for ToR (Category A, B1, and B2 Violation)/EC (Category B2) - Form 1
S/W No.: SW/113459/2022
Category: B1
Sector: Industrial Projects - 1
Date of Submission:
28/01/2023",Proposed Expansion of Steel Melting Shop & Steel Rolling Mill by M/s. Dindigul Steel Rolling Mills Private Limited,TAMIL NADU,DINDIGUL STEEL ROLLING MILLS PRIVATE LTD,SEIAA,TOR Granted,TAMIL NADU,3(a) Metallurgical Industries (ferrous and non ferrous)
57,SIA/TN/IND1/409288/2022,"Clearance Type: Application for EC (Category A, B1, and B2 Violation)- Form 1
S/W No.: SW/110033/2022
Category: B1
Sector: Industrial Projects - 1
Date of Submission:
14/01/2023","Proposed Expansion of Steel Plant MS Billets / Ingots from 28,800 to 88,800 TPA and TMT Bar, MS Channels, Angles, Rods and other Re-rollable items 88,800 TPA",TAMIL NADU,KANNAPPAN ALLOY AND STEEL COMPANY PRIVATE LIMITED,SEIAA,Under Examination,TAMIL NADU,3(a) Metallurgical Industries (ferrous and non ferrous)
58,SIA/TN/IND1/403419/2022,"Clearance Type: Application for ToR (Category A, B1, and B2 Violation)/EC (Category B2) - Form 1
S/W No.: SW/105028/2022
Category: B1
Sector: Industrial Projects - 1
Date of Submission:
18/10/2022","Proposed expansion of steel melting plant & rolling mill located at S.F. No. 110/1A, 1B & 2, Annandanapatti Rural Village, Salem south Taluk, Salem District",TAMIL NADU,SONAL VYAPAR PRIVATE LIMITED,SEIAA,TOR Granted,TAMIL NADU,3(a) Metallurgical Industries (ferrous and non ferrous)
1,SIA/TN/IND1/546338/2025,"Clearance Type: Application for amendment in ToR (for categories A & B1)/Amendment in EC (for category B2)- Form-3
S/W No.: SW/228228/2024
Category: B1
Sector: Industrial Projects - 1
Date of Submission:
29/08/2025",Standalone Cement Grinding Unit with Cement (OPC & PPC) Production Capacity of 1.08 MTPA,TAMIL NADU,Zuari Cement Limited,SEIAA,ToR Granted,TAMIL NADU,3(b) Cement plants
2,SIA/TN/IND1/545880/2025,"Clearance Type: Application for amendment in ToR (for categories A & B1)/Amendment in EC (for category B2)- Form-3
S/W No.: SW/254835/2025
Category: B1
Sector: Industrial Projects - 1
Date of Submission:
30/07/2025","TOR Validity Extension for Proposed Cement Grinding Unit of 0.2 MTPA in Survey No. 399/1B Part, Therku Veerapandiyapuram Village, Ottapidaram Taluk, Thoothukudi District of Tamil Nadu by M/s Arima Cements Private Limited (SEIAA-TN/F.No.9194/3(b)/ToR-1216/2022 dated 02.08.2022)",TAMIL NADU,ARIMA CEMENTS PRIVATE LIMITED,SEIAA,ToR Granted,TAMIL NADU,3(b) Cement plants
3,SIA/TN/IND1/542782/2025,"Clearance Type: Application for ToR (Category A, B1, and B2 Violation)/EC (Category B2) - Form 1
S/W No.: SW/251973/2025
Category: B1
Sector: Industrial Projects - 1
Date of Submission:
20/07/2025","Tiruttani Clinker Grinding Unit with a production capacity of 3.50 MTPA (OPC/PPC/PSC/RHPC/ SRC/CC) along with Railway Siding and DG Sets for total capacity of 1250 KVA (Stand Alone Grinding Unit) at Tiruttani, Devasenapuram and Valliammapuram villages, Tiruttani Taluk, Tiruvallur District of Tamil Nadu by M/s. Shree Cement Limited",TAMIL NADU,Shree Cement Limited,SEIAA,ToR Granted,TAMIL NADU,3(b) Cement plants
4,SIA/TN/IND1/538637/2025,"Clearance Type: Application for EC (Category A, B1, and B2 Violation)- Form 1
S/W No.: SW/230076/2025
Category: B1
Sector: Industrial Projects - 1
Date of Submission:
03/07/2025","Expansion in cement production capacity of Standalone Grinding Unit from EC granted capacity of 0.9 million TPA to 6.0 million TPA by installation of Roller Press in existing cement mill (Phase-I : 0.9 to 3.0 million TPA) & installation of additional Cement Mill (Phase-II : 3.0 million TPA) at Village Vallur, Taluk Ponneri, District Thiruvallur (Tamil Nadu) by The India Cements Limited (A subsidiary of UltraTech Cement Limited)",TAMIL NADU,the india cements limited,SEIAA,"DELISTED BY SYSTEM
(at : 10/07/2026)",TAMIL NADU,3(b) Cement plants
5,SIA/TN/IND1/536225/2025,"Clearance Type: Application for ToR (Category A, B1, and B2 Violation)/EC (Category B2) - Form 1
S/W No.: SW/245977/2025
Category: B1
Sector: Industrial Projects - 1
Date of Submission:
25/06/2025","Expansion of Cement production capacity of Standalone Grinding Unit from 2.3 MTPA to 6.0 MTPA (Expansion in existing Cement Mill from 2.3 to 3.0 Million TPA by process optimization and Installation of additional Cement Mill of 3.0 Million TPA) at Chitteri Village, Nemili Taluk, Ranipet (Old-Vellore) District, Tamil Nadu by M/s UltraTech Cement Limited (Unit: Arakkonam Cement Works).",TAMIL NADU,UltraTech Cement Limited,SEIAA,ToR Granted,TAMIL NADU,3(b) Cement plants
6,SIA/TN/IND1/528789/2025,"Clearance Type: Application for EC (Category A, B1, and B2 Violation)- Form 1
S/W No.: SW/234937/2025
Category: B1
Sector: Industrial Projects - 1
Date of Submission:
29/03/2025",Proposed Standalone Cement Grinding Unit of 500 TPD in a Phased manner,TAMIL NADU,SAKTHIPRIYAN CEMENTS,SEIAA,EC Granted,TAMIL NADU,3(b) Cement plants
7,SIA/TN/IND1/517029/2025,"Clearance Type: Application for ToR (Category A, B1, and B2 Violation)/EC (Category B2) - Form 1
S/W No.: SW/228228/2024
Category: B1
Sector: Industrial Projects - 1
Date of Submission:
05/02/2025",Standalone Cement Grinding Unit with Cement (OPC & PPC) Production Capacity of 1.08 MTPA,TAMIL NADU,Zuari Cement Limited,SEIAA,ToR Granted,TAMIL NADU,3(b) Cement plants
8,SIA/TN/IND1/518468/2025,"Clearance Type: Application for ToR (Category A, B1, and B2 Violation)/EC (Category B2) - Form 1
S/W No.: SW/230076/2025
Category: B1
Sector: Industrial Projects - 1
Date of Submission:
05/02/2025","Expansion in cement production capacity of Standalone Grinding Unit from EC granted capacity of 0.9 million TPA to 6.0 million TPA by installation of Roller Press in existing cement mill (Phase-I : 0.9 to 3.0 million TPA) & installation of additional Cement Mill (Phase-II : 3.0 million TPA) at Village Vallur, Taluk Ponneri, District Thiruvallur (Tamil Nadu) by The India Cements Limited (A subsidiary of UltraTech Cement Limited)",TAMIL NADU,the india cements limited,SEIAA,ToR Granted,TAMIL NADU,3(b) Cement plants
9,SIA/TN/IND1/496132/2024,"Clearance Type: Application for ToR (Category A, B1, and B2 Violation)/EC (Category B2) - Form 1
S/W No.: SW/206440/2024
Category: B1
Sector: Industrial Projects - 1
Date of Submission:
18/09/2024","Proposed Expansion of Madukkarai Cement Grinding Unit and Packing unit with cement production capacity from 1.35 million TPA to 7.35 million TPA (Existing 1 x 1.35 MTPA and Proposed 2X3 MTPA (6 MTPA) located at Village: Madukkarai P.O. Madukkarai, Tehsil-Madukkarai, District: Coimbatore, State: Tamil Nadu, a Unit of ACC Limited (Madukkarai Cement Works).",TAMIL NADU,ACC LIMITED,SEIAA,ToR Granted,TAMIL NADU,3(b) Cement plants
10,SIA/TN/IND1/469080/2024,"Clearance Type: Application for Transfer of EC- Form-7
S/W No.: SW/177820/2024
Category: B2
Sector: Industrial Projects - 1
Date of Submission:
23/05/2024","Request for Name Change of the Environmental Clearance titled ‘Cement Grinding Unit (0.75 MTPA) at Kattuputtur, Uthiramtrur, Kanchipuram, Tamil Nadu from M/s. Madras Cements Ltd.’ to M/s. The Ramco Cements Limited subsequent to the Company name change effected by the Registrar of Companies on 05.08.2013.",TAMIL NADU,THE RAMCO CEMENTS LIMITED,SEIAA,EC Granted,TAMIL NADU,3(b) Cement plants
1,SIA/TN/THE/574228/2026,"Clearance Type: Application for Amendment in EC- Form-4
S/W No.: SW/150429/2023
Category: B1
Sector: Thermal Projects
Date of Submission:
20/04/2026",Proposed 1X10 MW Coal based Co-Gen Thermal Power Plant,TAMIL NADU,APOLLO TYRES LIMITED,SEIAA,EC Granted,TAMIL NADU,1(d) Thermal Power Plants
2,SIA/TN/THE/563644/2025,"Clearance Type: Application for Amendment in EC- Form-4
S/W No.: SW/265315/2025
Category: B2
Sector: Thermal Projects
Date of Submission:
31/12/2025",Mettur Thermal Power Station -II (1X600MW),TAMIL NADU,TAMIL NADU POWER GENERATION CORPORATION LIMITED,SEIAA,"DELISTED BY SYSTEM
(at : 02/07/2026)",TAMIL NADU,1(d) Thermal Power Plants
3,SIA/TN/THE/551172/2025,"Clearance Type: Application for Transfer of EC- Form-7
S/W No.: SW/258892/2025
Category: B1
Sector: Thermal Projects
Date of Submission:
08/10/2025","Request for Name Change of EC titled ‘Expansion by addition of 1x25 MW Imported Coal Based Captive Power Plant of M/s Madras Cements Ltd. at village Thammanayakkanpatti, in Virudhunagar Taluk, in Virudhunagar Distt., in Tamil Nadu’ - awarded by the Ministry vide Letter no. J-13012/112/2011-IA.II(T) dated 06.02.2012 to M/s. The Ramco Cements Limited subsequent to the Company name change effected by the Registrar of Companies on 05.08.2013 in compliance with Para 4 of OM dated 19.02.2025",TAMIL NADU,THE RAMCO CEMENTS LIMITED,SEIAA,EC Granted,TAMIL NADU,1(d) Thermal Power Plants
4,SIA/TN/THE/454691/2023,"Clearance Type: Application for EC (Category A, B1, and B2 Violation)- Form 1
S/W No.: SW/150429/2023
Category: B1
Sector: Thermal Projects
Date of Submission:
09/06/2025",Proposed 1X10 MW Coal based Co-Gen Thermal Power Plant,TAMIL NADU,APOLLO TYRES LIMITED,SEIAA,EC Granted,TAMIL NADU,1(d) Thermal Power Plants
5,SIA/TN/THE/505533/2024,"Clearance Type: Application for Transfer of EC- Form-7
S/W No.: SW/216012/2024
Category: B1
Sector: Thermal Projects
Date of Submission:
10/12/2024",Co-generation power plant (15 MW),TAMIL NADU,SESHASAYEE PAPER & BOARDS LIMITED,SEIAA,EC Granted,TAMIL NADU,1(d) Thermal Power Plants
6,SIA/TN/THE/498324/2024,"Clearance Type: Application for Transfer of EC- Form-7
S/W No.: SW/208763/2024
Category: B1
Sector: Thermal Projects
Date of Submission:
03/10/2024","Transfer of the Environmental Clearance accorded by SEIAA, Tamil Nadu by Lr. No. SEIAA/TN/EC/1(d)/013/F.No.282/2010 dated 10.11.2010 & amendment issued vide Lr. No. SEIAA/TN/EC/Amendment/F.No.282/2010 dated 20.12.2010 from M/s Ind-Bharat Thermal Power Limited to M/s Orissa Alloy Steel Private Limited, limited to the facilities already implemented within the EC validity i.e. 2 x 150 MW coal based Power plant",TAMIL NADU,ORISSA ALLOY STEEL PVT. LTD.,SEIAA,EC Granted,TAMIL NADU,1(d) Thermal Power Plants
1,SIA/TN/IND2/484028/2024,"Clearance Type: Application for Amendment in EC- Form-4
S/W No.: SW/192229/2024
Category: B1
Sector: Industrial Projects - 2
Date of Submission:
02/09/2024",Alteration in feed stock by using Sugar Syrup or B Heavy Molasses or C Heavy Molasses without change in consented quantity specified in consent given by Tamilnadu Pollution Control Board for the Existing Molasses Based Distillery Unit producing 45 KLPD of Rectified Spirit or Anhydrous Alcohol and 10 KLPD Neutral Spirit by M/s. Rajshree Sugars & Chemicals Limited (Distillery Division).,TAMIL NADU,RAJSHREE SUGARS & CHEMICALS LTD,SEIAA,"DELISTED BY SYSTEM
(at : 10/12/2024)",TAMIL NADU,5(g) Distilleries
2,SIA/TN/IND2/482851/2024,"Clearance Type: Application for ToR (Category A, B1, and B2 Violation)/EC (Category B2) - Form 1
S/W No.: SW/191925/2024
Category: B1
Sector: Industrial Projects - 2
Date of Submission:
30/07/2024",Existing Molasses Based Distillery Unit from 60 KLPD of Rectified Spirit to 60 KLPD of Rectified Spirit or 60 KLPD of Extra Neutral Alcohol Unit,TAMIL NADU,KUNCHITHABATHAM MANOHARAN,SEIAA,ToR Granted,TAMIL NADU,5(g) Distilleries
3,SIA/TN/IND2/457683/2024,"Clearance Type: Application for ToR (Category A, B1, and B2 Violation)/EC (Category B2) - Form 1
S/W No.: SW/167695/2024
Category: B1
Sector: Industrial Projects - 2
Date of Submission:
26/04/2024",Proposed expansion of Molasses Based Distillery Unit from 60 KLPD to 90 KLPD of Rectified Spirirt/90 KLPD Extra Neutral Alcohol unit,TAMIL NADU,KUNCHITHABATHAM MANOHARAN,SEIAA,Under Examination,TAMIL NADU,5(g) Distilleries
4,SIA/TN/IND2/426454/2023,"Clearance Type: Application for EC (Category A, B1, and B2 Violation)- Form 1
S/W No.: SW/126391/2023
Category: B1
Sector: Industrial Projects - 2
Date of Submission:
10/05/2023",PROPOSED 60 KLPD CAPACITY CANE JUICE AND B-HEAVY MOLASSES BASED DISTILLERY AND 1.5 MW CAPTIVE POWER PLANT by M/S. M.R.KRISHNAMURTHY CO-OPERATIVE SUGAR MILLS LTD. (MRKCSML),TAMIL NADU,KRISHNAMURTHY COOPERATIVE SUGAR MILLS LTD,SEIAA,EC Granted,TAMIL NADU,5(g) Distilleries
5,SIA/TN/IND2/426022/2023,"Clearance Type: Application for EC (Category A, B1, and B2 Violation)- Form 1
S/W No.: SW/125695/2023
Category: B1
Sector: Industrial Projects - 2
Date of Submission:
10/05/2023","Proposed 60 KLPD Capacity Cane Juice and B-Heavy Molasses based Distillery and 1.5 MW Captive Power Plant at Village- Mooongilthuraipattu, Taluk-Sankarapuram, District- Kallakurichi, Tamil Nadu",TAMIL NADU,THE KALLAKURICHI CO-OP. SUGAR MILLS LIMITED,SEIAA,EC Granted,TAMIL NADU,5(g) Distilleries
1,SIA/TN/IND2/573738/2026,"Clearance Type: Application for Amendment in EC- Form-4
S/W No.: SW/279333/2026
Category: B2
Sector: Industrial Projects - 2
Date of Submission:
27/03/2026",Proposed 100 KLPD Grain Based Distillery Unit along with 2.8 MW Co- gen Power plant and Zero Liquid Discharge,TAMIL NADU,STELLAR DISTILLERIES PRIVATE LIMITED,SEIAA,EC Granted,TAMIL NADU,5(ga) Grain based distilleries
1,SIA/TN/IND1/547922/2025,"Clearance Type: Application for ToR (Category A, B1, and B2 Violation)/EC (Category B2) - Form 1
S/W No.: SW/256206/2025
Category: B1
Sector: Industrial Projects - 1
Date of Submission:
28/08/2025","Proposed Expansion of the existing paper mill to increase the paper board production capacity from 1,20,000 TPA to 2,20,000 TPA by installation of one new Paper Board Machine, 8 MW Back Pressure Turbo Generator, 72 TPH Boiler and connected auxiliaries alongwith De-Inking Plant (DIP) of 250 TPD capacity",TAMIL NADU,ITC LIMITED,SEIAA,"DELISTED BY SYSTEM
(at : 21/03/2026)",TAMIL NADU,5(i) Pulp & Paper Industry
1,SIA/TN/IND3/568751/2026,"Clearance Type: Application for amendment in ToR (for categories A & B1)/Amendment in EC (for category B2)- Form-3
S/W No.: SW/264742/2025
Category: B2
Sector: Industrial Projects - 3
Date of Submission:
12/02/2026","Proposal for amendment in Environmental Clearance for establishment of LABSA plant within existing Greenstar fertilizer plant premises at Mullakadu part 1 village, Tuticorin, Tamil Nadu",TAMIL NADU,GREEN STAR FERTILIZERS LIMITED,SEIAA,Proposal returned in present form,TAMIL NADU,5(a) Chemical fertilizers
1,SIA/TG/IND1/585442/2026,"Clearance Type: Application for ToR (Category A, B1, and B2 Violation)/EC (Category B2) - Form 1
S/W No.: SW/289600/2026
Category: B2
Sector: Industrial Projects - 1
Date of Submission:
15/07/2026",M/s. MAHA SHIV SHAKTI STEEL ROLLING MILL PVT LTD,TELANGANA,DHIRAJ KUMAR SONTHALIA,SEIAA,Under Verification,TELANGANA,3(a) Metallurgical Industries (ferrous and non ferrous)
2,SIA/TG/IND1/580728/2026,"Clearance Type: Application for ToR (Category A, B1, and B2 Violation)/EC (Category B2) - Form 1
S/W No.: SW/285596/2026
Category: B2
Sector: Industrial Projects - 1
Date of Submission:
01/06/2026",M/s. Vinayak Steels Limited,TELANGANA,VINOD SHARMA,SEIAA,EDS raised,TELANGANA,3(a) Metallurgical Industries (ferrous and non ferrous)
3,SIA/TG/IND1/575721/2026,"Clearance Type: Application for ToR (Category A, B1, and B2 Violation)/EC (Category B2) - Form 1
S/W No.: SW/281099/2026
Category: B1
Sector: Industrial Projects - 1
Date of Submission:
04/05/2026",M/s. MS Agarwal Foundries Private Limited,TELANGANA,MS AGARWAL FOUNDERIES PVT LTD,SEIAA,Standard ToR Granted,TELANGANA,3(a) Metallurgical Industries (ferrous and non ferrous)
4,SIA/TG/IND1/569455/2026,"Clearance Type: Application for Transfer of EC- Form-7
S/W No.: SW/275837/2026
Category: B1
Sector: Industrial Projects - 1
Date of Submission:
18/02/2026","Transfer of existing Environmental Clearance from M/s. Sri Raj Re-Rolling Mills Ltd. (Formerly M/s. Surabhi Ispat Udyog) located at Sy. No. 635, Bonthapally Village, Gummadidala Mandal, Sangareddy District, Telangana to M/s. Pranay Ispat (Formerly M/s. Sri Raj Re-Rolling Mills Limited)",TELANGANA,pranay ispat,SEIAA,EC Granted,TELANGANA,3(a) Metallurgical Industries (ferrous and non ferrous)
5,SIA/TG/IND1/568942/2026,"Clearance Type: Application for ToR (Category A, B1, and B2 Violation)/EC (Category B2) - Form 1
S/W No.: SW/275357/2026
Category: B2
Sector: Industrial Projects - 1
Date of Submission:
13/02/2026",M/s. MPL Steel Industries Private Limited,TELANGANA,MPL STEEL INDUSTRIES PRIVATE LIMITED,SEIAA,EC Granted,TELANGANA,3(a) Metallurgical Industries (ferrous and non ferrous)
6,SIA/TG/IND1/548097/2025,"Clearance Type: Application for ToR (Category A, B1, and B2 Violation)/EC (Category B2) - Form 1
S/W No.: SW/256897/2025
Category: B1
Sector: Industrial Projects - 1
Date of Submission:
03/09/2025",M/s. MS Agarwal Foundries Private Limited,TELANGANA,MS AGARWAL FOUNDERIES PVT LTD,SEIAA,Standard ToR Granted,TELANGANA,3(a) Metallurgical Industries (ferrous and non ferrous)
7,SIA/TG/IND1/547681/2025,"Clearance Type: Application for ToR (Category A, B1, and B2 Violation)/EC (Category B2) - Form 1
S/W No.: SW/256379/2025
Category: B2
Sector: Industrial Projects - 1
Date of Submission:
12/08/2025",M/s. Keshree Metalurgies Private Limited,TELANGANA,keshree Metalurgies private Limited,SEIAA,EC Granted,TELANGANA,3(a) Metallurgical Industries (ferrous and non ferrous)
8,SIA/TG/IND1/532308/2025,"Clearance Type: Application for ToR (Category A, B1, and B2 Violation)/EC (Category B2) - Form 1
S/W No.: SW/242497/2025
Category: B2
Sector: Industrial Projects - 1
Date of Submission:
03/06/2025",M/s Sarwottam Ispat Limited,TELANGANA,SARWOTTAM ISPAT LTD,SEIAA,EC Granted,TELANGANA,3(a) Metallurgical Industries (ferrous and non ferrous)
9,SIA/TG/IND1/516426/2024,"Clearance Type: Application for Amendment in EC- Form-4
S/W No.: SW/180918/2024
Category: B1
Sector: Industrial Projects - 1
Date of Submission:
27/12/2024",Expansion in Environmental clearance of Binjusaria Ispat Private limited,TELANGANA,BINJUSARIA ISPAT PRIVATE LIMITED,SEIAA,EC Granted,TELANGANA,3(a) Metallurgical Industries (ferrous and non ferrous)
10,SIA/TG/IND1/503508/2024,"Clearance Type: Application for Amendment in EC- Form-4
S/W No.: SW/136183/2023
Category: B1
Sector: Industrial Projects - 1
Date of Submission:
29/10/2024",M/s Radha Smelters Private Limited,TELANGANA,RADHA SMELTERS PRIVATE LIMITED,SEIAA,EC Granted,TELANGANA,3(a) Metallurgical Industries (ferrous and non ferrous)
11,SIA/TG/IND1/500961/2024,"Clearance Type: Application for Amendment in EC- Form-4
S/W No.: SW/180918/2024
Category: B1
Sector: Industrial Projects - 1
Date of Submission:
21/10/2024",Expansion in Environmental clearance of Binjusaria Ispat Private limited,TELANGANA,BINJUSARIA ISPAT PRIVATE LIMITED,SEIAA,Proposal returned in present form,TELANGANA,3(a) Metallurgical Industries (ferrous and non ferrous)
12,SIA/TG/IND1/500959/2024,"Clearance Type: Application for Amendment in EC- Form-4
S/W No.: SW/180918/2024
Category: B1
Sector: Industrial Projects - 1
Date of Submission:
21/10/2024",Expansion in Environmental clearance of Binjusaria Ispat Private limited,TELANGANA,BINJUSARIA ISPAT PRIVATE LIMITED,SEIAA,Proposal returned in present form,TELANGANA,3(a) Metallurgical Industries (ferrous and non ferrous)
13,SIA/TG/IND1/497703/2024,"Clearance Type: Application for ToR (Category A, B1, and B2 Violation)/EC (Category B2) - Form 1
S/W No.: SW/208080/2024
Category: B1
Sector: Industrial Projects - 1
Date of Submission:
22/09/2024","Increase in production from 124.5 TPD to 180.0TPD and, Grant of EC to M/s. Abhishek Re-rolling Mills (India) Pvt. Ltd.",TELANGANA,ABHISHEK RE ROLLING MILLS (INDIA) PRIVATE LIMITED,SEIAA,Standard ToR Granted,TELANGANA,3(a) Metallurgical Industries (ferrous and non ferrous)
14,SIA/TG/IND1/496344/2024,"Clearance Type: Application for EC (Category A, B1, and B2 Violation)- Form 1
S/W No.: SW/136036/2023
Category: B1
Sector: Industrial Projects - 1
Date of Submission:
13/09/2024",M/S KDA Ispat Private Limited,TELANGANA,KDA ISPAT PRIVATE LIMITED,SEIAA,EC Granted,TELANGANA,3(a) Metallurgical Industries (ferrous and non ferrous)
15,SIA/TG/IND1/495454/2024,"Clearance Type: Application for EC (Category A, B1, and B2 Violation)- Form 1
S/W No.: SW/185961/2024
Category: B1
Sector: Industrial Projects - 1
Date of Submission:
05/09/2024",Expansion in EC for increase of production within existing premises of M/s. Sri Navdurga Billets Pvt. Ltd.,TELANGANA,SRI NAVDURGA BILLETS PRIVATE LIMITED,SEIAA,EC Granted,TELANGANA,3(a) Metallurgical Industries (ferrous and non ferrous)
16,SIA/TG/IND1/481959/2024,"Clearance Type: Application for EC (Category A, B1, and B2 Violation)- Form 1
S/W No.: SW/189369/2024
Category: B1
Sector: Industrial Projects - 1
Date of Submission:
17/06/2024",M/S. Shalini Steels Pvt. Ltd.,TELANGANA,SHALINI STEELS PRIVATE LIMITED,SEIAA,EC Granted,TELANGANA,3(a) Metallurgical Industries (ferrous and non ferrous)
17,SIA/TG/IND1/480399/2024,"Clearance Type: Application for ToR (Category A, B1, and B2 Violation)/EC (Category B2) - Form 1
S/W No.: SW/189369/2024
Category: B1
Sector: Industrial Projects - 1
Date of Submission:
11/06/2024",M/S. Shalini Steels Pvt. Ltd.,TELANGANA,SHALINI STEELS PRIVATE LIMITED,SEIAA,Standard ToR Granted,TELANGANA,3(a) Metallurgical Industries (ferrous and non ferrous)
18,SIA/TG/IND1/477108/2024,"Clearance Type: Application for ToR (Category A, B1, and B2 Violation)/EC (Category B2) - Form 1
S/W No.: SW/185961/2024
Category: B1
Sector: Industrial Projects - 1
Date of Submission:
29/05/2024",Expansion in EC for increase of production within existing premises of M/s. Sri Navdurga Billets Pvt. Ltd.,TELANGANA,SRI NAVDURGA BILLETS PRIVATE LIMITED,SEIAA,Standard ToR Granted,TELANGANA,3(a) Metallurgical Industries (ferrous and non ferrous)
19,SIA/TG/IND1/472593/2024,"Clearance Type: Application for EC (Category A, B1, and B2 Violation)- Form 1
S/W No.: SW/180918/2024
Category: B1
Sector: Industrial Projects - 1
Date of Submission:
11/05/2024",Expansion in Environmental clearance of Binjusaria Ispat Private limited,TELANGANA,BINJUSARIA ISPAT PRIVATE LIMITED,SEIAA,EC Granted,TELANGANA,3(a) Metallurgical Industries (ferrous and non ferrous)
20,SIA/TG/IND1/468214/2024,"Clearance Type: Application for EC (Category A, B1, and B2 Violation)- Form 1
S/W No.: SW/136183/2023
Category: B1
Sector: Industrial Projects - 1
Date of Submission:
10/05/2024",M/s Radha Smelters Private Limited,TELANGANA,RADHA SMELTERS PRIVATE LIMITED,SEIAA,EC Granted,TELANGANA,3(a) Metallurgical Industries (ferrous and non ferrous)
21,SIA/TG/IND1/472249/2024,"Clearance Type: Application for ToR (Category A, B1, and B2 Violation)/EC (Category B2) - Form 1
S/W No.: SW/180918/2024
Category: B1
Sector: Industrial Projects - 1
Date of Submission:
08/05/2024",Expansion in Environmental clearance of Binjusaria Ispat Private limited,TELANGANA,BINJUSARIA ISPAT PRIVATE LIMITED,SEIAA,Standard ToR Granted,TELANGANA,3(a) Metallurgical Industries (ferrous and non ferrous)
22,SIA/TG/IND1/470960/2024,"Clearance Type: Application for EC (Category A, B1, and B2 Violation)- Form 1
S/W No.: SW/131561/2023
Category: B1
Sector: Industrial Projects - 1
Date of Submission:
04/05/2024",MEENAKSHI SMELTER & ROLLERS PVT LTD,TELANGANA,MEENAKSHI SMELTER & ROLLERS PRIVATE LIMITED,SEIAA,EC Granted,TELANGANA,3(a) Metallurgical Industries (ferrous and non ferrous)
23,SIA/TG/IND1/468536/2024,"Clearance Type: Application for EC (Category A, B1, and B2 Violation)- Form 1
S/W No.: SW/127974/2023
Category: B1
Sector: Industrial Projects - 1
Date of Submission:
06/04/2024",Expansion of MS Billets from 27000 TPA to 100000 TPA and inclusion of rolling mill (40000 TPA) by M/s. Ansh Ispat LLP,TELANGANA,ANSH ISPAT LLP,SEIAA,EC Granted,TELANGANA,3(a) Metallurgical Industries (ferrous and non ferrous)
24,SIA/TG/IND1/408147/2022,"Clearance Type: Application for ToR (Category A, B1, and B2 Violation)/EC (Category B2) - Form 1
S/W No.: SW/109283/2022
Category: B1
Sector: Industrial Projects - 1
Date of Submission:
23/11/2023",proposed expansion of Steel Plant – Induction Furnaces with matching LRF & CCM for manufacturing of MS Billets from 600 TPD to 1320 TPD & Rolling mill for manufacturing of TMT Bars and Structural steel from 600 TPD to 1300 TPD,TELANGANA,JEEVAKA INDUSTRIES PRIVATE LIMITED,SEIAA,TOR GRANTED,TELANGANA,3(a) Metallurgical Industries (ferrous and non ferrous)
25,SIA/TG/IND1/414042/2023,"Clearance Type: Application for ToR (Category A, B1, and B2 Violation)/EC (Category B2) - Form 1
S/W No.: SW/115080/2023
Category: B1
Sector: Industrial Projects - 1
Date of Submission:
23/11/2023","Rolling mill for manufacturing of M.S. CTD Bars/TMT Bars/ M.S. Rounds of 1,44,000 TPA",TELANGANA,DHANLAXMI IRON INDUSTRIES PRIVATE LIMITED,SEIAA,TOR GRANTED,TELANGANA,3(a) Metallurgical Industries (ferrous and non ferrous)
26,SIA/TG/IND1/409757/2022,"Clearance Type: Application for EC (Category A, B1, and B2 Violation)- Form 1
S/W No.: SW/110700/2022
Category: B1
Sector: Industrial Projects - 1
Date of Submission:
16/11/2023",M/S Salasar iron & steel Pvt. Ltd,TELANGANA,VINOD KUMAR,SEIAA,EC Granted,TELANGANA,3(a) Metallurgical Industries (ferrous and non ferrous)
27,SIA/TG/IND1/410053/2022,"Clearance Type: Application for EC (Category A, B1, and B2 Violation)- Form 1
S/W No.: SW/109283/2022
Category: B1
Sector: Industrial Projects - 1
Date of Submission:
16/11/2023",proposed expansion of Steel Plant – Induction Furnaces with matching LRF & CCM for manufacturing of MS Billets from 600 TPD to 1320 TPD & Rolling mill for manufacturing of TMT Bars and Structural steel from 600 TPD to 1300 TPD,TELANGANA,JEEVAKA INDUSTRIES PRIVATE LIMITED,SEIAA,EC Granted,TELANGANA,3(a) Metallurgical Industries (ferrous and non ferrous)
28,SIA/TG/IND1/413213/2023,"Clearance Type: Application for EC (Category A, B1, and B2 Violation)- Form 1
S/W No.: SW/114142/2023
Category: B1
Sector: Industrial Projects - 1
Date of Submission:
16/11/2023",Sri Raj Iron & Steel Products Private Limited,TELANGANA,M/S SRI RAJ IRON & STEEL PRODUCTS PRIVATE LIMITED,SEIAA,EC Granted,TELANGANA,3(a) Metallurgical Industries (ferrous and non ferrous)
29,SIA/TG/IND1/437821/2023,"Clearance Type: Application for ToR (Category A, B1, and B2 Violation)/EC (Category B2) - Form 1
S/W No.: SW/137604/2023
Category: B1
Sector: Industrial Projects - 1
Date of Submission:
27/07/2023",Expansion in Environmental clearance of Binjusaria Isapt Private Limited,TELANGANA,BINJUSARIA ISPAT PRIVATE LIMITED,SEIAA,TOR GRANTED,TELANGANA,3(a) Metallurgical Industries (ferrous and non ferrous)
30,SIA/TG/IND1/436755/2023,"Clearance Type: Application for EC (Category A, B1, and B2 Violation)- Form 1
S/W No.: SW/135799/2023
Category: B1
Sector: Industrial Projects - 1
Date of Submission:
18/07/2023","Regularization of existing Re-Rolling mill for manufacturing of Steel Bars and Sections (24 TPD) by M/s. Sri Raj Re-Rolling Mills Ltd., (Formerly M/s. Surabhi Ispat Udyog)",TELANGANA,SRI RAJ RE-ROLLING MILLS LIMITED,SEIAA,EC Granted,TELANGANA,3(a) Metallurgical Industries (ferrous and non ferrous)
31,SIA/TG/IND1/436056/2023,"Clearance Type: Application for ToR (Category A, B1, and B2 Violation)/EC (Category B2) - Form 1
S/W No.: SW/135799/2023
Category: B1
Sector: Industrial Projects - 1
Date of Submission:
12/07/2023","Regularization of existing Re-Rolling mill for manufacturing of Steel Bars and Sections (24 TPD) by M/s. Sri Raj Re-Rolling Mills Ltd., (Formerly M/s. Surabhi Ispat Udyog)",TELANGANA,SRI RAJ RE-ROLLING MILLS LIMITED,SEIAA,TOR GRANTED,TELANGANA,3(a) Metallurgical Industries (ferrous and non ferrous)
32,SIA/TG/IND1/436418/2023,"Clearance Type: Application for ToR (Category A, B1, and B2 Violation)/EC (Category B2) - Form 1
S/W No.: SW/136183/2023
Category: B1
Sector: Industrial Projects - 1
Date of Submission:
12/07/2023",M/s Radha Smelters Private Limited,TELANGANA,RADHA SMELTERS PRIVATE LIMITED,SEIAA,TOR GRANTED,TELANGANA,3(a) Metallurgical Industries (ferrous and non ferrous)
33,SIA/TG/IND1/436267/2023,"Clearance Type: Application for ToR (Category A, B1, and B2 Violation)/EC (Category B2) - Form 1
S/W No.: SW/136036/2023
Category: B1
Sector: Industrial Projects - 1
Date of Submission:
11/07/2023",M/S KDA Ispat Private Limited,TELANGANA,KDA ISPAT PRIVATE LIMITED,SEIAA,TOR GRANTED,TELANGANA,3(a) Metallurgical Industries (ferrous and non ferrous)
34,SIA/TG/IND1/435963/2023,"Clearance Type: Application for ToR (Category A, B1, and B2 Violation)/EC (Category B2) - Form 1
S/W No.: SW/135699/2023
Category: B1
Sector: Industrial Projects - 1
Date of Submission:
07/07/2023","M/s Sarwottam Ispat Ltd, Rolling Mill Division",TELANGANA,SARWOTTAM ISPAT LTD,SEIAA,TOR GRANTED,TELANGANA,3(a) Metallurgical Industries (ferrous and non ferrous)
35,SIA/TG/IND1/431726/2023,"Clearance Type: Application for ToR (Category A, B1, and B2 Violation)/EC (Category B2) - Form 1
S/W No.: SW/131561/2023
Category: B1
Sector: Industrial Projects - 1
Date of Submission:
03/07/2023",MEENAKSHI SMELTER & ROLLERS PVT LTD,TELANGANA,MEENAKSHI SMELTER & ROLLERS PRIVATE LIMITED,SEIAA,TOR GRANTED,TELANGANA,3(a) Metallurgical Industries (ferrous and non ferrous)
36,SIA/TG/IND1/431039/2023,"Clearance Type: Application for ToR (Category A, B1, and B2 Violation)/EC (Category B2) - Form 1
S/W No.: SW/130853/2023
Category: B1
Sector: Industrial Projects - 1
Date of Submission:
27/06/2023",M/S. Shalini Steels Pvt. Ltd.,TELANGANA,SHALINI STEELS PRIVATE LIMITED,SEIAA,TOR GRANTED,TELANGANA,3(a) Metallurgical Industries (ferrous and non ferrous)
37,SIA/TG/IND1/434511/2023,"Clearance Type: Application for EC (Category A, B1, and B2 Violation)- Form 1
S/W No.: SW/130988/2023
Category: B1
Sector: Industrial Projects - 1
Date of Submission:
24/06/2023",M/s. Sri Navadurga Billets Pvt. Ltd.,TELANGANA,SRI NAVDURGA BILLETS PRIVATE LIMITED,SEIAA,EC Granted,TELANGANA,3(a) Metallurgical Industries (ferrous and non ferrous)
38,SIA/TG/IND1/433747/2023,"Clearance Type: Application for EC (Category A, B1, and B2 Violation)- Form 1
S/W No.: SW/127836/2023
Category: B1
Sector: Industrial Projects - 1
Date of Submission:
17/06/2023","Regularization of existing rolling mill for manufacturing of MS Sections, shapes and angles (65 TPD) by M/s. Garg Steels Udyog India Pvt. Ltd, (formerly M/s. Garg steels.,)",TELANGANA,GARG STEELS UDYOG INDIA PRIVATE LIMITED,SEIAA,EC Granted,TELANGANA,3(a) Metallurgical Industries (ferrous and non ferrous)
39,SIA/TG/IND1/433745/2023,"Clearance Type: Application for EC (Category A, B1, and B2 Violation)- Form 1
S/W No.: SW/128097/2023
Category: B1
Sector: Industrial Projects - 1
Date of Submission:
17/06/2023","Regularization of existing Mild Steel Re-Rolling mill for manufacturing of MS Sections (Channels, Angles, Squares, Flats, Rounds etc) & TMT Bars (150 TPD) by M/s. RRS Industries Pvt. Ltd, (formerly M/s. A.S. Iron & Steels (I) Pvt. Ltd.,)",TELANGANA,RRS INDUSTRIES PRIVATE LIMITED,SEIAA,EC Granted,TELANGANA,3(a) Metallurgical Industries (ferrous and non ferrous)
40,SIA/TG/IND1/431193/2023,"Clearance Type: Application for ToR (Category A, B1, and B2 Violation)/EC (Category B2) - Form 1
S/W No.: SW/130988/2023
Category: B1
Sector: Industrial Projects - 1
Date of Submission:
27/05/2023",M/s. Sri Navadurga Billets Pvt. Ltd.,TELANGANA,SRI NAVDURGA BILLETS PRIVATE LIMITED,SEIAA,TOR GRANTED,TELANGANA,3(a) Metallurgical Industries (ferrous and non ferrous)
41,SIA/TG/IND1/429384/2023,"Clearance Type: Application for ToR (Category A, B1, and B2 Violation)/EC (Category B2) - Form 1
S/W No.: SW/128193/2023
Category: B1
Sector: Industrial Projects - 1
Date of Submission:
19/05/2023","NEUEON TOWERS LTD, UNIT-IV",TELANGANA,NEUEON TOWERS LIMITED,SEIAA,TOR GRANTED,TELANGANA,3(a) Metallurgical Industries (ferrous and non ferrous)
42,SIA/TG/IND1/429244/2023,"Clearance Type: Application for EC (Category A, B1, and B2 Violation)- Form 1
S/W No.: SW/115080/2023
Category: B1
Sector: Industrial Projects - 1
Date of Submission:
14/05/2023","Rolling mill for manufacturing of M.S. CTD Bars/TMT Bars/ M.S. Rounds of 1,44,000 TPA",TELANGANA,DHANLAXMI IRON INDUSTRIES PRIVATE LIMITED,SEIAA,EC Granted,TELANGANA,3(a) Metallurgical Industries (ferrous and non ferrous)
43,SIA/TG/IND1/428157/2023,"Clearance Type: Application for ToR (Category A, B1, and B2 Violation)/EC (Category B2) - Form 1
S/W No.: SW/128097/2023
Category: B1
Sector: Industrial Projects - 1
Date of Submission:
05/05/2023","Regularization of existing Mild Steel Re-Rolling mill for manufacturing of MS Sections (Channels, Angles, Squares, Flats, Rounds etc) & TMT Bars (150 TPD) by M/s. RRS Industries Pvt. Ltd, (formerly M/s. A.S. Iron & Steels (I) Pvt. Ltd.,)",TELANGANA,RRS INDUSTRIES PRIVATE LIMITED,SEIAA,TOR GRANTED,TELANGANA,3(a) Metallurgical Industries (ferrous and non ferrous)
44,SIA/TG/IND1/428041/2023,"Clearance Type: Application for ToR (Category A, B1, and B2 Violation)/EC (Category B2) - Form 1
S/W No.: SW/127974/2023
Category: B1
Sector: Industrial Projects - 1
Date of Submission:
04/05/2023",Expansion of MS Billets from 27000 TPA to 100000 TPA and inclusion of rolling mill (40000 TPA) by M/s. Ansh Ispat LLP,TELANGANA,ANSH ISPAT LLP,SEIAA,TOR GRANTED,TELANGANA,3(a) Metallurgical Industries (ferrous and non ferrous)
45,SIA/TG/IND1/427895/2023,"Clearance Type: Application for ToR (Category A, B1, and B2 Violation)/EC (Category B2) - Form 1
S/W No.: SW/127836/2023
Category: B1
Sector: Industrial Projects - 1
Date of Submission:
03/05/2023","Regularization of existing rolling mill for manufacturing of MS Sections, shapes and angles (65 TPD) by M/s. Garg Steels Udyog India Pvt. Ltd, (formerly M/s. Garg steels.,)",TELANGANA,GARG STEELS UDYOG INDIA PRIVATE LIMITED,SEIAA,TOR GRANTED,TELANGANA,3(a) Metallurgical Industries (ferrous and non ferrous)
46,SIA/TG/IND1/427379/2023,"Clearance Type: Application for EC (Category A, B1, and B2 Violation)- Form 1
S/W No.: SW/127282/2023
Category: B1
Sector: Industrial Projects - 1
Date of Submission:
27/04/2023",M/S Sarwottam Ispat Limited,TELANGANA,SARWOTTAM ISPAT LTD,SEIAA,EC Granted,TELANGANA,3(a) Metallurgical Industries (ferrous and non ferrous)
47,SIA/TG/IND1/424760/2023,"Clearance Type: Application for EC (Category A, B1, and B2 Violation)- Form 1
S/W No.: SW/124870/2023
Category: B1
Sector: Industrial Projects - 1
Date of Submission:
24/04/2023","Establishment of Induction Furnaces with CCM to produce Hot Billets / M.S. Billets of 5,94,000 TPA, Rolling Mill to produce TMT Bars & Other Structural Steels of 5,94,000 TPA capacity by M/s. DWARAKA IRON INDUSTRIES PVT. LTD.",TELANGANA,DWARAKA IRON INDUSTRIES PRIVATE LIMITED,SEIAA,EC Granted,TELANGANA,3(a) Metallurgical Industries (ferrous and non ferrous)
48,SIA/TG/IND1/420044/2023,"Clearance Type: Application for EC (Category A, B1, and B2 Violation)- Form 1
S/W No.: SW/117554/2023
Category: B1
Sector: Industrial Projects - 1
Date of Submission:
26/02/2023",BINJUSARIA ISPAT PRIVATE LIMITED,TELANGANA,BINJUSARIA ISPAT PRIVATE LIMITED,SEIAA,EC Granted,TELANGANA,3(a) Metallurgical Industries (ferrous and non ferrous)
49,SIA/TG/IND1/416705/2023,"Clearance Type: Application for ToR (Category A, B1, and B2 Violation)/EC (Category B2) - Form 1
S/W No.: SW/117554/2023
Category: B1
Sector: Industrial Projects - 1
Date of Submission:
06/02/2023",BINJUSARIA ISPAT PRIVATE LIMITED,TELANGANA,BINJUSARIA ISPAT PRIVATE LIMITED,SEIAA,TOR GRANTED,TELANGANA,3(a) Metallurgical Industries (ferrous and non ferrous)
1,SIA/TG/IND2/576744/2026,"Clearance Type: Application for ToR (Category A, B1, and B2 Violation)/EC (Category B2) - Form 1
S/W No.: SW/282182/2026
Category: B1
Sector: Industrial Projects - 2
Date of Submission:
03/07/2026",Establishment of Ethanol plant of 100 KLPD capacity with C & B heavy Molasses as feed stock (or) 150 KLPD capacity with Cane juice as feed stock (or) 120 KLPD capacity with Grains as feed stock & 3.0 MW Co-gen Power plant within the existing premises of sugar plant – 2500 TCD & 3.0 MW Co-gen Power plant,TELANGANA,GODAVARIGANGA AGRO PRODUCTS PRIVATE LIMITED,SEIAA,Under Examination,TELANGANA,5(g) Distilleries
2,SIA/TG/IND2/580171/2026,"Clearance Type: Application for ToR (Category A, B1, and B2 Violation)/EC (Category B2) - Form 1
S/W No.: SW/285118/2026
Category: B1
Sector: Industrial Projects - 2
Date of Submission:
10/06/2026","Proposed Expansion of Grain-based Distillery along with Co-gen power plant (Distillery: 120 KLPD Fuel Ethanol to 198 KLPD Rectified Sprit/ Fuel Grade Ethanol/ Extra Neutral Alcohol and Cogen Power Plant: 3.0 MW to 3.5 MW) at Survey No: 79(p), 81(p), 83(p), 91(p), 95(p), 96(p) Potharam Village, Bejjanki Mandal, Siddipet District, Telangana by Whitefield Bio Products Private Limited",TELANGANA,WHITEFIELD BIO PRODUCTS PVT LTD,SEIAA,Pending at MS SEIAA,TELANGANA,5(g) Distilleries
3,SIA/TG/IND2/534751/2025,"Clearance Type: Application for ToR (Category A, B1, and B2 Violation)/EC (Category B2) - Form 1
S/W No.: SW/244643/2025
Category: B1
Sector: Industrial Projects - 2
Date of Submission:
23/04/2025",M/s SUVIRA BIO FUELS PRIVATE LIMITED,TELANGANA,SUVIRA BIO FUELS PRIVATE LIMITED,SEIAA,Standard ToR Granted,TELANGANA,5(g) Distilleries
4,SIA/TG/IND2/438036/2023,"Clearance Type: Application for EC (Category A, B1, and B2 Violation)- Form 1
S/W No.: SW/135035/2023
Category: B1
Sector: Industrial Projects - 2
Date of Submission:
01/03/2025","Existing Grain Based Distillery of 180 KLPD (180 KL x 365 days = 65,700 KLPA) and Proposed 12 KLPD (12 KL x 365 days = 4,380 KLPA) of Malt Spirit along with Existing 6.5 MW Power Plant [Capacity after expansion 192 KLPD (180 KLPD Grain based + 12 KLPD Malt Spirit) & 6.5 MW Power Plant] at Survey No.: 690/AA, 691/AA2, 692, Village - Rangapur, Mandal - Pebbair, District - Wanaparthy, State - Telangana, Pin Code - 509104 by M/s. Allied Blenders and Distillers Limited",TELANGANA,ALLIED BLENDERS AND DISTILLERS LIMITED,SEIAA,EC Granted,TELANGANA,5(g) Distilleries
5,SIA/TG/IND2/414418/2023,"Clearance Type: Application for ToR (Category A, B1, and B2 Violation)/EC (Category B2) - Form 1
S/W No.: SW/113339/2022
Category: B1
Sector: Industrial Projects - 2
Date of Submission:
23/11/2023",GRAIN BASED DISTILLERY PROJECT OF 120 KLPD,TELANGANA,ORUGALLU BIOFUEL PRIVATE LIMITED,SEIAA,TOR GRANTED,TELANGANA,5(g) Distilleries
6,SIA/TG/IND2/436974/2023,"Clearance Type: Application for ToR (Category A, B1, and B2 Violation)/EC (Category B2) - Form 1
S/W No.: SW/136773/2023
Category: B2
Sector: Industrial Projects - 2
Date of Submission:
05/09/2023",Proposed 50 KLPD Grain Based Distillery for production of Fuel Ethanol along with 1.25 MW Captive Power Plant from Waste / Damaged Grains under Ethanol Blending Programme (EBP),TELANGANA,AMTAAR CHEMICALS PRIVATE LIMITED,SEIAA,"DELISTED BY SYSTEM
(at : 23/12/2025)",TELANGANA,5(g) Distilleries
7,SIA/TG/IND2/437417/2023,"Clearance Type: Application for EC (Category A, B1, and B2 Violation)- Form 1
S/W No.: SW/113339/2022
Category: B1
Sector: Industrial Projects - 2
Date of Submission:
21/07/2023",GRAIN BASED DISTILLERY PROJECT OF 120 KLPD,TELANGANA,ORUGALLU BIOFUEL PRIVATE LIMITED,SEIAA,EC Granted,TELANGANA,5(g) Distilleries
8,SIA/TG/IND2/435309/2023,"Clearance Type: Application for ToR (Category A, B1, and B2 Violation)/EC (Category B2) - Form 1
S/W No.: SW/135035/2023
Category: B1
Sector: Industrial Projects - 2
Date of Submission:
05/07/2023","Existing Grain Based Distillery of 180 KLPD (180 KL x 365 days = 65,700 KLPA) and Proposed 12 KLPD (12 KL x 365 days = 4,380 KLPA) of Malt Spirit along with Existing 6.5 MW Power Plant [Capacity after expansion 192 KLPD (180 KLPD Grain based + 12 KLPD Malt Spirit) & 6.5 MW Power Plant] at Survey No.: 690/AA, 691/AA2, 692, Village - Rangapur, Mandal - Pebbair, District - Wanaparthy, State - Telangana, Pin Code - 509104 by M/s. Allied Blenders and Distillers Limited",TELANGANA,ALLIED BLENDERS AND DISTILLERS LIMITED,SEIAA,TOR GRANTED,TELANGANA,5(g) Distilleries
9,SIA/TG/IND2/432069/2023,"Clearance Type: Application for ToR (Category A, B1, and B2 Violation)/EC (Category B2) - Form 1
S/W No.: SW/131889/2023
Category: B1
Sector: Industrial Projects - 2
Date of Submission:
17/06/2023",Expansion - Establishment of 100 KLPD Grains / Molasses / Sugar Cane Juice/Sugar/Sugar Syrup based Distillery unit along with 3 MW power plant in the premises of existing Sugar plant,TELANGANA,GAYATRI SUGARS LIMITED,SEIAA,TOR Granted,TELANGANA,5(g) Distilleries
10,SIA/TG/IND2/401917/2022,"Clearance Type: Application for EC (Category A, B1, and B2 Violation)- Form 1
S/W No.: SW/100709/2022
Category: B1
Sector: Industrial Projects - 2
Date of Submission:
17/11/2022",RADICAL BIO-ORGANICS LTD,TELANGANA,RADICAL BIO-ORGANICS LIMITED,SEIAA,EC Granted,TELANGANA,5(g) Distilleries
11,SIA/TG/IND2/403131/2022,"Clearance Type: Application for EC (Category A, B1, and B2 Violation)- Form 1
S/W No.: SW/104560/2022
Category: B1
Sector: Industrial Projects - 2
Date of Submission:
18/10/2022","Proposed Expansion of Existing Grain Based Distillery from 150 KLPD (150 KL x 365 days = 54,750 KLPA) to 180 KLPD (180 KL x 365 days = 65,700 KLPA) along with existing 6.5 MW Power Plant by M/s. Allied Blenders and Distillers Private Limited",TELANGANA,M/S ALLIED BLENDERS AND DISTILLERS PVT. LTD.,SEIAA,EC Granted,TELANGANA,5(g) Distilleries
1,SIA/TG/IND1/525000/2025,"Clearance Type: Application for EC (Category A, B1, and B2 Violation)- Form 1
S/W No.: SW/177514/2024
Category: B1
Sector: Industrial Projects - 1
Date of Submission:
13/03/2025","Proposed Standalone Cement Grinding Unit with Cement Production of 6.0 MMTPA (2X3.0 Million Metric Tons per Annum) located at Village- Ramannapet, Taluka-Ramannapet, District: Yadadri Bhuvanagiri, State- Telangana by M/s. Ambuja Cements Limited (ACL)",TELANGANA,Ambuja Cement Limited,SEIAA,"DELISTED BY SYSTEM
(at : 16/05/2025)",TELANGANA,3(b) Cement plants
2,SIA/TG/IND1/468889/2024,"Clearance Type: Application for ToR (Category A, B1, and B2 Violation)/EC (Category B2) - Form 1
S/W No.: SW/177514/2024
Category: B1
Sector: Industrial Projects - 1
Date of Submission:
11/04/2024","Proposed Standalone Cement Grinding Unit with Cement Production of 6.0 MMTPA (2X3.0 Million Metric Tons per Annum) located at Village- Ramannapet, Taluka-Ramannapet, District: Yadadri Bhuvanagiri, State- Telangana by M/s. Ambuja Cements Limited (ACL)",TELANGANA,Ambuja Cement Limited,SEIAA,Standard ToR Granted,TELANGANA,3(b) Cement plants
1,SIA/TG/IND2/579082/2026,"Clearance Type: Application for Transfer of EC- Form-7
S/W No.: SW/284229/2026
Category: B2
Sector: Industrial Projects - 2
Date of Submission:
15/05/2026","Transfer of Environmental Clearance from Jurala Organic Farms & Agro Industries Pvt. Ltd. (Unit-I) to Jurala Organics Pvt. Ltd. (Unit-I) situated at Sy. No’s.: 278/P, 294/P, 295/P, 296/P, 297/P, 298/P, 307/P, 308/P & 313/P, Chittanur Village, Marikal Mandal, Narayanpet District, Telangana State",TELANGANA,JURALA ORGANICS PRIVATE LIMITED,SEIAA,EC Granted,TELANGANA,5(ga) Grain based distilleries
1,SIA/DN/IND1/541591/2025,"Clearance Type: Application for EC (Category A, B1, and B2 Violation)- Form 1
S/W No.: SW/217848/2024
Category: B1
Sector: Industrial Projects - 1
Date of Submission:
21/06/2025",POLYCAB INDIA LIMITED,THE DADRA AND NAGAR HAVELI AND DAMAN AND DIU,POLYCAB INDIA LIMITED,SEIAA,EC Rejected,THE DADRA AND NAGAR HAVELI AND DAMAN AND DIU,3(a) Metallurgical Industries (ferrous and non ferrous)
2,SIA/DN/IND1/457988/2024,"Clearance Type: Application for ToR (Category A, B1, and B2 Violation)/EC (Category B2) - Form 1
S/W No.: SW/156187/2023
Category: B1
Sector: Industrial Projects - 1
Date of Submission:
08/01/2024",M/s. Apar Industries Ltd. (Conductor Division),THE DADRA AND NAGAR HAVELI AND DAMAN AND DIU,APAR INDUSTRIES LIMITED,SEIAA,"DELISTED BY SYSTEM
(at : 16/05/2025)",THE DADRA AND NAGAR HAVELI AND DAMAN AND DIU,3(a) Metallurgical Industries (ferrous and non ferrous)
1,SIA/TR/IND1/581043/2026,"Clearance Type: Application for ToR (Category A, B1, and B2 Violation)/EC (Category B2) - Form 1
S/W No.: SW/285851/2026
Category: B2
Sector: Industrial Projects - 1
Date of Submission:
04/06/2026",BALAJI STEEL ROLLING MILLS,TRIPURA,Balaji Concast,SEIAA,Under Verification,TRIPURA,3(a) Metallurgical Industries (ferrous and non ferrous)
2,SIA/TR/IND1/539823/2025,"Clearance Type: Application for Transfer of EC- Form-7
S/W No.: SW/249291/2025
Category: B1
Sector: Industrial Projects - 1
Date of Submission:
01/07/2025",Aarvi Engineering and Construction Private Limited CRM,TRIPURA,AARVI ENGINEERING AND CONSTRUCTION PRIVATE LIMITED,SEIAA,Proposal Accepted and Referred to SEAC,TRIPURA,3(a) Metallurgical Industries (ferrous and non ferrous)
3,SIA/TR/IND1/492551/2024,"Clearance Type: Application for ToR (Category A, B1, and B2 Violation)/EC (Category B2) - Form 1
S/W No.: SW/202611/2024
Category: B1
Sector: Industrial Projects - 1
Date of Submission:
13/08/2024",Tripura Ispat,TRIPURA,VISHAL SOLANKI,SEIAA,Under Examination,TRIPURA,3(a) Metallurgical Industries (ferrous and non ferrous)
4,SIA/TR/IND1/462702/2024,"Clearance Type: Application for ToR (Category A, B1, and B2 Violation)/EC (Category B2) - Form 1
S/W No.: SW/171890/2024
Category: B1
Sector: Industrial Projects - 1
Date of Submission:
13/02/2024","2 Nos. Induction Furnace with 10MT & 7MT capacity along with CCM (Continuous Casting Machine) with production capacity of M.S Billets -30000TPA & Re-Rolling Mill, Production of M.S.Road (TMT)-25000 TPA, M.S.Flat & Square-5000 TPA by M/S Tripura Ispat at Bodhjungnagar Industrial Growth Center, Po-R.K Nagar,Agartala, Tripura (West), Pin-799008",TRIPURA,VISHAL SOLANKI,SEIAA,Under Examination,TRIPURA,3(a) Metallurgical Industries (ferrous and non ferrous)
1,SIA/UP/IND2/584633/2026,"Clearance Type: Application for Transfer of EC- Form-7
S/W No.: SW/121797/2023
Category: B2
Sector: Industrial Projects - 2
Date of Submission:
08/07/2026","Greenfield Project of Grain Based Distillery Plant of 160 KLPD along with Co-generation Power Plant of 5.0 MW located at Khasra No.-317, 318, 319, 320 in Village-Malika and Khasra No.-111, 112 in Village-Karnapur, Tehsil-Powayan, Dist.-Shahjahanpur, Uttar Pradesh",UTTAR PRADESH,TQN RETAILS PRIVATE LIMITED,SEIAA,Under Examination,UTTAR PRADESH,5(g) Distilleries
2,SIA/UP/IND2/584374/2026,"Clearance Type: Application for ToR (Category A, B1, and B2 Violation)/EC (Category B2) - Form 1
S/W No.: SW/288737/2026
Category: B1
Sector: Industrial Projects - 2
Date of Submission:
06/07/2026","Expansion of Existing Molasses Based Distillery Plant from 40 KLD To 60 KLD along with 2.5 MW Co-Gen Power and Establishment of new 200 KLD Grain (Non-molasses) Based Distillery Plant (RS/ENA/Ethanol) along with 7.0 MW Co-Gen Power within Existing Premises at Village: Raja Ka Sahaspur Tehsil: Bilari, District: Moradabad (Uttar Pradesh) - 244415 by M/s Allied Blenders and Distillers Limited",UTTAR PRADESH,ALLIED BLENDERS AND DISTILLERS LIMITED,SEIAA,Under Examination,UTTAR PRADESH,5(g) Distilleries
3,SIA/UP/IND2/582340/2026,"Clearance Type: Application for Amendment in EC- Form-4
S/W No.: SW/259364/2025
Category: B1
Sector: Industrial Projects - 2
Date of Submission:
18/06/2026",M/S KEYAAN DISTILLERIES PRIVATE LIMITED UNIT-II,UTTAR PRADESH,KEYAAN DISTILLERIES PRIVATE LIMITED,SEIAA,Under Verification,UTTAR PRADESH,5(g) Distilleries
4,SIA/UP/IND2/572002/2026,"Clearance Type: Application for EC (Category A, B1, and B2 Violation)- Form 1
S/W No.: SW/259364/2025
Category: B1
Sector: Industrial Projects - 2
Date of Submission:
12/03/2026",M/S KEYAAN DISTILLERIES PRIVATE LIMITED UNIT-II,UTTAR PRADESH,KEYAAN DISTILLERIES PRIVATE LIMITED,SEIAA,EC Granted,UTTAR PRADESH,5(g) Distilleries
5,SIA/UP/IND2/565187/2026,"Clearance Type: Application for ToR (Category A, B1, and B2 Violation)/EC (Category B2) - Form 1
S/W No.: SW/271993/2026
Category: B1
Sector: Industrial Projects - 2
Date of Submission:
13/01/2026","ESTABLISHMENT OF NEW 200 KLD GRAIN BASED DISTILLERY PLANT (RS/ENA/ETHANOL) UNDER CATEGORY (5g) ALONG WITH 7.5 MW CO-GEN WITHIN EXISTING PREMISES OF 200 KLD (5ga) ETHANOL PLANT AT VILLAGE: BEGRAJPUR, PARGANA KHATAULI, DISTRICT: MUZAFFARNAGAR, UTTAR PRADESH BY M/s CRYSTAL BALAJI INDUSTRIES PRIVATE LIMITED",UTTAR PRADESH,CRYSTAL BALAJI INDUSTRIES PRIVATE LIMITED,SEIAA,ADS Raised,UTTAR PRADESH,5(g) Distilleries
6,SIA/UP/IND2/560181/2025,"Clearance Type: Application for Amendment in EC- Form-4
S/W No.: SW/127099/2023
Category: B1
Sector: Industrial Projects - 2
Date of Submission:
03/12/2025","Terms of Reference (TOR) application for Establishment of 12 KLD Malt Spirit Plant at Village – Begumabad, Modinagar, District - Ghaziabad, UP, Pin - 201204 by M/s Modi Illva India Private Limited.",UTTAR PRADESH,MODI ILLVA INDIA PRIVATE LIMITED,SEIAA,EC Granted,UTTAR PRADESH,5(g) Distilleries
7,SIA/UP/IND2/559970/2025,"Clearance Type: Application for EC (Category A, B1, and B2 Violation)- Form 1
S/W No.: SW/172275/2024
Category: B1
Sector: Industrial Projects - 2
Date of Submission:
29/11/2025","ESTABLISHMENT OF PROPOSED CANE JUICE SYRUP/B OR C HEAVY MOLASSES/ GRAIN BASED DISTILLERY HAVING CAPACITY – 100 KLD ALONG WITH 3.0 MW CO GEN POWER AT VILLAGE: RAUSAR, POST: ROSA, TEHSIL & DISTRICT: SHAHJAHANPUR, UTTAR PRADESH OF M/S AVADH SUGAR & ENERGY LIMITED, UNIT: ROSA, DIVISION- DISTILLERY",UTTAR PRADESH,AVADH SUGAR & ENERGY LIMITED,SEIAA,EC Granted,UTTAR PRADESH,5(g) Distilleries
8,SIA/UP/IND2/555296/2025,"Clearance Type: Application for EC (Category A, B1, and B2 Violation)- Form 1
S/W No.: SW/217097/2024
Category: B1
Sector: Industrial Projects - 2
Date of Submission:
05/11/2025","Proposed distillery unit of capacity 100 KLD (Grain Based) along with 3.3 MW Co-gen power plant at village- Sawan, Tehsil- Rasra, District: Ballia Uttar Pradesh by M/s Namami Ganga Developers Pvt. Ltd",UTTAR PRADESH,NAMAMIGANGA Developers PRIVATE LIMITED,SEIAA,EC Granted,UTTAR PRADESH,5(g) Distilleries
9,SIA/UP/IND2/554843/2025,"Clearance Type: Application for Transfer of EC- Form-7
S/W No.: SW/262844/2025
Category: B1
Sector: Industrial Projects - 2
Date of Submission:
11/10/2025","Request for change of name of ""Baghauli Sugar and Distillery Limited"" to ""Dalmia Bharat Sugar and Industries Limited"" in Environment Clearance letter no - J -11011/102/2007 IA II (I) granted on 15.04.2008 by MoEF pursuant to merger.",UTTAR PRADESH,DALMIA BHARAT SUGAR AND INDUSTRIES LIMITED,SEIAA,"DELISTED BY SYSTEM
(at : 26/03/2026)",UTTAR PRADESH,5(g) Distilleries
10,SIA/UP/IND2/554053/2025,"Clearance Type: Application for ToR (Category A, B1, and B2 Violation)/EC (Category B2) - Form 1
S/W No.: SW/261840/2025
Category: B1
Sector: Industrial Projects - 2
Date of Submission:
04/10/2025","Establishment of 12 KLD Malt distillation, 1.5 KLD GIN distillation, 3.0 KLD RUM distillation along with Winery and IMFL bottling plant at Village – Badhiwala, District - Muzaffarnagar, Uttar Pradesh – 251327 by M/s Indospirit Beverages Pvt Ltd",UTTAR PRADESH,INDOSPIRIT BEVERAGES PRIVATE LIMITED,SEIAA,ADS Raised,UTTAR PRADESH,5(g) Distilleries
11,SIA/UP/IND2/553999/2025,"Clearance Type: Application for ToR (Category A, B1, and B2 Violation)/EC (Category B2) - Form 1
S/W No.: SW/262082/2025
Category: B1
Sector: Industrial Projects - 2
Date of Submission:
03/10/2025","Proposed expansion of existing Distillery (Grain Based) from 66 KLD to 100 KLD and Addition of 100 KLD new Distillery setup based on Molasses/Grain (Total Capacity after expansion – 200 KLD) with Co-Gen Power Expansion from 2.4 MW to 6.0 MW at B-2/6 & B-2/7 UPSIDC Industrial Area, Sandila Phase-IV, Lucknow Hardoi Road, Tehsil -Sandila, District- Hardoi, Uttar Pradesh",UTTAR PRADESH,SHRI GANG INDUSTRIES AND ALLIED PRODUCTS LIMITED,SEIAA,ToR Granted,UTTAR PRADESH,5(g) Distilleries
12,SIA/UP/IND2/552164/2025,"Clearance Type: Application for ToR (Category A, B1, and B2 Violation)/EC (Category B2) - Form 1
S/W No.: SW/260522/2025
Category: B2
Sector: Industrial Projects - 2
Date of Submission:
19/09/2025","Expansion of Grain Based Distillery Plant from 160 KLD to 260 KLD along with increasing capacity of Co-generation Power Plant from 4.5 MW to 5 MW at Village- Daranagar Arthari and Patna Devakali, Tehsil-Kalan, Dist.- Shahjahanpur, Uttar Pradesh by M/s YTT Industries Private Limited",UTTAR PRADESH,YTT INDUSTRIES PRIVATE LIMITED,SEIAA,EC Granted,UTTAR PRADESH,5(g) Distilleries
13,SIA/UP/IND2/551845/2025,"Clearance Type: Application for ToR (Category A, B1, and B2 Violation)/EC (Category B2) - Form 1
S/W No.: SW/260213/2025
Category: B1
Sector: Industrial Projects - 2
Date of Submission:
16/09/2025","EXPANSION OF EXISTING GRAIN BASED DISTILLERY FROM 200 KLD TO 400 KLD THROUGH ADDITION OF 200 KLPD DISTILLERY RS/ENA/AA (GRAIN BASED) ALONG WITH EXPANSION OF CO-GENERATION 5.0 MW TO 12.5 MW AT VILLAGE: BEGRAJPUR, HUSENPUR BOPRA, PARGANA - KHATAULI, DISTRICT: MUZAFFARNAGAR, UTTAR PRADESH BY M/s CRYSTAL BALAJI INDUSTRIES PRIVATE LIMITED",UTTAR PRADESH,CRYSTAL BALAJI INDUSTRIES PRIVATE LIMITED,SEIAA,"DELISTED BY SYSTEM
(at : 18/02/2026)",UTTAR PRADESH,5(g) Distilleries
14,SIA/UP/IND2/550827/2025,"Clearance Type: Application for ToR (Category A, B1, and B2 Violation)/EC (Category B2) - Form 1
S/W No.: SW/259364/2025
Category: B1
Sector: Industrial Projects - 2
Date of Submission:
08/09/2025",M/S KEYAAN DISTILLERIES PRIVATE LIMITED UNIT-II,UTTAR PRADESH,KEYAAN DISTILLERIES PRIVATE LIMITED,SEIAA,ToR Granted,UTTAR PRADESH,5(g) Distilleries
15,SIA/UP/IND2/543027/2025,"Clearance Type: Application for Corrigendum Form-13
S/W No.: SW/252209/2025
Category: B1
Sector: Industrial Projects - 2
Date of Submission:
28/06/2025","Establishment of molasses/cane juice/grain based multi-feed distillery having capacity 75 KLD ethanol along with 2.50 MW (two unit) of cogeneration power plant and cane crushing unit with the capacity of 1000 TCD at Village- Vela, Post- Kodaura, Tehsil- Mahmudabad, District- Sitapur, Uttar Pradesh by M/s Neelshree Sugar Pvt. Ltd",UTTAR PRADESH,M/S NEELSHREE SUGAR PVT. LTD.,SEIAA,"DELISTED BY SYSTEM
(at : 28/01/2026)",UTTAR PRADESH,5(g) Distilleries
16,SIA/UP/IND2/535131/2025,"Clearance Type: Application for EC (Category A, B1, and B2 Violation)- Form 1
S/W No.: SW/204948/2024
Category: B1
Sector: Industrial Projects - 2
Date of Submission:
25/04/2025","ESTABLISHMENT OF PROPOSED GRAIN BASED DISTILLERY CAPACITY – 200 KLD ALONG WITH CO GEN POWER OF 5.5 MW AT VILLAGE DASIA, TEHSIL- BHANPUR, DISTRICT – BASTI, UTTAR PRADESH BY M/S ANITA DISTILLERY PRIVATE LIMITED",UTTAR PRADESH,ANITA DISTILLERY PRIVATE LIMITED,SEIAA,EC Granted,UTTAR PRADESH,5(g) Distilleries
17,SIA/UP/IND2/505827/2024,"Clearance Type: Application for ToR (Category A, B1, and B2 Violation)/EC (Category B2) - Form 1
S/W No.: SW/217097/2024
Category: B1
Sector: Industrial Projects - 2
Date of Submission:
14/11/2024","Proposed distillery unit of capacity 100 KLD (Grain Based) along with 3.3 MW Co-gen power plant at village- Sawan, Tehsil- Rasra, District: Ballia Uttar Pradesh by M/s Namami Ganga Developers Pvt. Ltd",UTTAR PRADESH,NAMAMIGANGA Developers PRIVATE LIMITED,SEIAA,ToR Granted,UTTAR PRADESH,5(g) Distilleries
18,SIA/UP/IND2/498848/2024,"Clearance Type: Application for ToR (Category A, B1, and B2 Violation)/EC (Category B2) - Form 1
S/W No.: SW/209357/2024
Category: B1
Sector: Industrial Projects - 2
Date of Submission:
01/10/2024","Environment Clearance for proposed establishment of 80 KLPD Capacity Grain based Distillery along with 2.0 MW Co-generation Power Plant at village –Lachchhi khera, Pargana – Maurawan, Tehsil - Purwa, District- Unnao-209821 U.P., by M/s KSI Industries Private Limited",UTTAR PRADESH,KSI INDUSTRIES PRIVATE LIMITED,SEIAA,Standard ToR Granted,UTTAR PRADESH,5(g) Distilleries
19,SIA/UP/IND2/494952/2024,"Clearance Type: Application for ToR (Category A, B1, and B2 Violation)/EC (Category B2) - Form 1
S/W No.: SW/205263/2024
Category: B1
Sector: Industrial Projects - 2
Date of Submission:
31/08/2024","ESTABLISHMENT OF PROPOSED GRAIN BASED DISTILLERY CAPACITY – 150 KLD ALONG WITH 4.65 MW CO GEN POWER PLANT AT VILLAGE: GARHI BICHAULA, PAIGAMBARPUR TEHSIL: GUNNAUR, DISTRICT: SAMBHAL, UTTAR PRADESH, BY M/S BAS BHARETH AGROCHEMICAL SOLUTIONS PRIVATE LIMITED",UTTAR PRADESH,BAS BHARETH AGROCHEMICAL SOLUTIONS PRIVATE LIMITED,SEIAA,Standard ToR Granted,UTTAR PRADESH,5(g) Distilleries
20,SIA/UP/IND2/494712/2024,"Clearance Type: Application for ToR (Category A, B1, and B2 Violation)/EC (Category B2) - Form 1
S/W No.: SW/204948/2024
Category: B1
Sector: Industrial Projects - 2
Date of Submission:
30/08/2024","ESTABLISHMENT OF PROPOSED GRAIN BASED DISTILLERY CAPACITY – 200 KLD ALONG WITH CO GEN POWER OF 5.5 MW AT VILLAGE DASIA, TEHSIL- BHANPUR, DISTRICT – BASTI, UTTAR PRADESH BY M/S ANITA DISTILLERY PRIVATE LIMITED",UTTAR PRADESH,ANITA DISTILLERY PRIVATE LIMITED,SEIAA,Standard ToR Granted,UTTAR PRADESH,5(g) Distilleries
21,SIA/UP/IND2/493160/2024,"Clearance Type: Application for Corrigendum Form-13
S/W No.: SW/127099/2023
Category: B1
Sector: Industrial Projects - 2
Date of Submission:
24/08/2024","Terms of Reference (TOR) application for Establishment of 12 KLD Malt Spirit Plant at Village – Begumabad, Modinagar, District - Ghaziabad, UP, Pin - 201204 by M/s Modi Illva India Private Limited.",UTTAR PRADESH,MODI ILLVA INDIA PRIVATE LIMITED,SEIAA,EC Granted,UTTAR PRADESH,5(g) Distilleries
22,SIA/UP/IND2/493148/2024,"Clearance Type: Application for Corrigendum Form-13
S/W No.: SW/108078/2022
Category: B1
Sector: Industrial Projects - 2
Date of Submission:
24/08/2024","Environment Clearance for Expansion of 32 KLD to 100 KLD Grain Based Distillery including Liquor Bottling at Village – Begumabad, Modinagar, District – Ghaziabad, Uttar Pradesh by M/s Modi Distillery, Modinagar",UTTAR PRADESH,MODI INDUSTRIES LIMITED,SEIAA,EC Granted,UTTAR PRADESH,5(g) Distilleries
23,SIA/UP/IND2/488916/2024,"Clearance Type: Application for EC (Category A, B1, and B2 Violation)- Form 1
S/W No.: SW/123856/2023
Category: B1
Sector: Industrial Projects - 2
Date of Submission:
20/07/2024","ESTABLISHMENT OF PROPOSED GRAIN BASED DISTILLERY CAPACITY – 200 KLD ALONG WITH CO GEN POWER OF 4.5 MW AT VILLAGE: DILRA RAIPUR, TEHSIL & DISTT–MORADABAD, UTTAR PRADESH BY M/S MAA SHEETLA VENTURES LIMITED",UTTAR PRADESH,M/S MAA SHEETLA VENTURES LIMITED,SEIAA,EC Granted,UTTAR PRADESH,5(g) Distilleries
24,SIA/UP/IND2/481320/2024,"Clearance Type: Application for EC (Category A, B1, and B2 Violation)- Form 1
S/W No.: SW/168962/2024
Category: B1
Sector: Industrial Projects - 2
Date of Submission:
19/07/2024","EXPANSION OF EXISTING DISTILLERY FROM 100 KLD (MOLASSES/ CANE JUICE SYRUP/GRAIN BASED) TO 200 KLD THROUGH ADDITION OF 100 KLD (GRAIN BASED) DISTILLERY PLANT ALONG WITH EXPANSION OF CO-GEN POWER PLANT FROM 4.5 MW TO 9.0 MW AT PLOT NO – A, UPSIDA INDUSTRIAL AREA, USRA BAZAAR, TEHSIL: RUDRAPUR, DISTRICT: DEORIA, UTTAR PRADESH BY M/S FOREVER DISTILLERY PRIVATE LIMITED,",UTTAR PRADESH,FOREVER DISTILLERY PRIVATE LIMITED,SEIAA,EC Granted,UTTAR PRADESH,5(g) Distilleries
25,SIA/UP/IND2/470748/2024,"Clearance Type: Application for EC (Category A, B1, and B2 Violation)- Form 1
S/W No.: SW/179399/2024
Category: B1
Sector: Industrial Projects - 2
Date of Submission:
27/04/2024","EXPANSION OF EXISTING 55 KLD DISTILLERY TO 66 KLD GRAIN BASED DISTILLERY PLANT ALONG WITH CO GEN POWER FROM – 2.0 MW TO 2.4 MW WITHIN EXISTING PREMISES AT B-2/6 & B-2/7 UPSIDC INDUSTRIAL AREA, SANDILA PHASE-IV, LUCKNOW HARDOI ROAD, TEHSIL -SANDILA, DISTRICTHARDOI, UTTAR PRADESH BY M/S SHRI GANG INDUSTRIES AND ALLIED PRODUCTS LIMITED",UTTAR PRADESH,SHRI GANG INDUSTRIES AND ALLIED PRODUCTS LIMITED,SEIAA,EC Granted,UTTAR PRADESH,5(g) Distilleries
26,SIA/UP/IND2/470679/2024,"Clearance Type: Application for ToR (Category A, B1, and B2 Violation)/EC (Category B2) - Form 1
S/W No.: SW/179399/2024
Category: B1
Sector: Industrial Projects - 2
Date of Submission:
26/04/2024","EXPANSION OF EXISTING 55 KLD DISTILLERY TO 66 KLD GRAIN BASED DISTILLERY PLANT ALONG WITH CO GEN POWER FROM – 2.0 MW TO 2.4 MW WITHIN EXISTING PREMISES AT B-2/6 & B-2/7 UPSIDC INDUSTRIAL AREA, SANDILA PHASE-IV, LUCKNOW HARDOI ROAD, TEHSIL -SANDILA, DISTRICTHARDOI, UTTAR PRADESH BY M/S SHRI GANG INDUSTRIES AND ALLIED PRODUCTS LIMITED",UTTAR PRADESH,SHRI GANG INDUSTRIES AND ALLIED PRODUCTS LIMITED,SEIAA,Under Examination,UTTAR PRADESH,5(g) Distilleries
27,SIA/UP/IND2/469618/2024,"Clearance Type: Application for EC (Category A, B1, and B2 Violation)- Form 1
S/W No.: SW/127099/2023
Category: B1
Sector: Industrial Projects - 2
Date of Submission:
18/04/2024","Terms of Reference (TOR) application for Establishment of 12 KLD Malt Spirit Plant at Village – Begumabad, Modinagar, District - Ghaziabad, UP, Pin - 201204 by M/s Modi Illva India Private Limited.",UTTAR PRADESH,MODI ILLVA INDIA PRIVATE LIMITED,SEIAA,EC Granted,UTTAR PRADESH,5(g) Distilleries
28,SIA/UP/IND2/465737/2024,"Clearance Type: Application for EC (Category A, B1, and B2 Violation)- Form 1
S/W No.: SW/108078/2022
Category: B1
Sector: Industrial Projects - 2
Date of Submission:
16/03/2024","Environment Clearance for Expansion of 32 KLD to 100 KLD Grain Based Distillery including Liquor Bottling at Village – Begumabad, Modinagar, District – Ghaziabad, Uttar Pradesh by M/s Modi Distillery, Modinagar",UTTAR PRADESH,MODI INDUSTRIES LIMITED,SEIAA,EC Granted,UTTAR PRADESH,5(g) Distilleries
29,SIA/UP/IND2/463175/2024,"Clearance Type: Application for ToR (Category A, B1, and B2 Violation)/EC (Category B2) - Form 1
S/W No.: SW/172275/2024
Category: B1
Sector: Industrial Projects - 2
Date of Submission:
17/02/2024","ESTABLISHMENT OF PROPOSED CANE JUICE SYRUP/B OR C HEAVY MOLASSES/ GRAIN BASED DISTILLERY HAVING CAPACITY – 100 KLD ALONG WITH 3.0 MW CO GEN POWER AT VILLAGE: RAUSAR, POST: ROSA, TEHSIL & DISTRICT: SHAHJAHANPUR, UTTAR PRADESH OF M/S AVADH SUGAR & ENERGY LIMITED, UNIT: ROSA, DIVISION- DISTILLERY",UTTAR PRADESH,AVADH SUGAR & ENERGY LIMITED,SEIAA,ToR Granted,UTTAR PRADESH,5(g) Distilleries
30,SIA/UP/IND2/460946/2024,"Clearance Type: Application for EC (Category A, B1, and B2 Violation)- Form 1
S/W No.: SW/138842/2023
Category: B1
Sector: Industrial Projects - 2
Date of Submission:
05/02/2024","Environmental Clearance for proposed Establishment of 100 KLPD Capacity Grain based Distillery along with 2.7 MW Co-generation Power Plant at Village – Ghanshyampur, Post – Azizpur, Nigohi Block, Tehsil – Tilhar, District – Shahjahanpur – 242407, UP, by M/s Shri Gurukripa GNG Private Limited",UTTAR PRADESH,PULKIT NARANG,SEIAA,EC Granted,UTTAR PRADESH,5(g) Distilleries
31,SIA/UP/IND2/460016/2024,"Clearance Type: Application for Transfer of EC- Form-7
S/W No.: SW/169999/2024
Category: B1
Sector: Industrial Projects - 2
Date of Submission:
27/01/2024",Wave Distilleries and Breweries Limited,UTTAR PRADESH,WAVE DISTILLERIES AND BREWERIES LIMITED,SEIAA,EC Granted,UTTAR PRADESH,5(g) Distilleries
32,SIA/UP/IND2/458934/2024,"Clearance Type: Application for ToR (Category A, B1, and B2 Violation)/EC (Category B2) - Form 1
S/W No.: SW/168962/2024
Category: B1
Sector: Industrial Projects - 2
Date of Submission:
16/01/2024","EXPANSION OF EXISTING DISTILLERY FROM 100 KLD (MOLASSES/ CANE JUICE SYRUP/GRAIN BASED) TO 200 KLD THROUGH ADDITION OF 100 KLD (GRAIN BASED) DISTILLERY PLANT ALONG WITH EXPANSION OF CO-GEN POWER PLANT FROM 4.5 MW TO 9.0 MW AT PLOT NO – A, UPSIDA INDUSTRIAL AREA, USRA BAZAAR, TEHSIL: RUDRAPUR, DISTRICT: DEORIA, UTTAR PRADESH BY M/S FOREVER DISTILLERY PRIVATE LIMITED,",UTTAR PRADESH,FOREVER DISTILLERY PRIVATE LIMITED,SEIAA,Standard ToR Granted,UTTAR PRADESH,5(g) Distilleries
33,SIA/UP/IND2/453743/2023,"Clearance Type: Application for EC (Category A, B1, and B2 Violation)- Form 1
S/W No.: SW/126270/2023
Category: B1
Sector: Industrial Projects - 2
Date of Submission:
30/11/2023","ESTABLISHMENT OF PROPOSED GRAIN BASED DISTILLERY CAPACITY – 60 KLD ALONG WITH CO GEN POWER OF 2.0 MW AT VILLAGE: GOPALPUR DUBEY, TEHSIL: KADIPUR, DISTRICT: SULTANPUR, UTTAR PRADESH BY M/S GLYCO ARUNA PRIVATE LIMITED",UTTAR PRADESH,GLYCO ARUNA PRIVATE LIMITED,SEIAA,EC Granted,UTTAR PRADESH,5(g) Distilleries
34,SIA/UP/IND2/442435/2023,"Clearance Type: Application for EC (Category A, B1, and B2 Violation)- Form 1
S/W No.: SW/141490/2023
Category: B1
Sector: Industrial Projects - 2
Date of Submission:
16/11/2023","M/s Aarti Distilleries Private Limited is proposing an expansion of the distillery capacity from 150 KLD to 180 KLD under para 7(ii)(a) of EIA notification 2006 (for 1st phase – 20 %) at village: Chiraura, Tehsil: Akbarpur, District: Kanpur Dehat, Uttar Pradesh, 208002.",UTTAR PRADESH,AARTI DISTILLERIES PRIVATE LIMITED,SEIAA,EC Granted,UTTAR PRADESH,5(g) Distilleries
35,SIA/UP/IND2/410577/2022,"Clearance Type: Application for EC (Category A, B1, and B2 Violation)- Form 1
S/W No.: SW/110525/2022
Category: B1
Sector: Industrial Projects - 2
Date of Submission:
16/11/2023",M/s. Ramaya Distilleries & Bottlers Pvt. Ltd.,UTTAR PRADESH,RAMAYA DISTILLERIES AND BOTTLERS PRIVATE LIMITED,SEIAA,EC Granted,UTTAR PRADESH,5(g) Distilleries
36,SIA/UP/IND2/445523/2023,"Clearance Type: Application for EC (Category A, B1, and B2 Violation)- Form 1
S/W No.: SW/120090/2023
Category: B1
Sector: Industrial Projects - 2
Date of Submission:
27/09/2023",ESTABLISHMENT OF PROPOSED GRAIN BASED DISTILLERY CAPACITY – 60 KLD ALONG WITH CO GEN POWER OF 2.0 MW BY M/S SHREE VINOD INDUSTRIES AND CHEMICALS PRIVATE LIMITED,UTTAR PRADESH,SHREE VINOD INDUSTRIES AND CHEMICALS PRIVATE LIMITED,SEIAA,EC Granted,UTTAR PRADESH,5(g) Distilleries
37,SIA/UP/IND2/444044/2023,"Clearance Type: Application for ToR (Category A, B1, and B2 Violation)/EC (Category B2) - Form 1
S/W No.: SW/143361/2023
Category: B1
Sector: Industrial Projects - 2
Date of Submission:
12/09/2023","Proposed Molasses / B Heavy Molasses based Distillery capacity – 60 KLD along with Co - generation Power Plant - 1.5 MW at village: Mohiuddinpur, Tehsil & District: Meerut, Uttar Pradesh by M/s U.P State Sugar Corporation Ltd.",UTTAR PRADESH,U P STATE SUGAR CORPORATION LTD,SEIAA,TOR GRANTED,UTTAR PRADESH,5(g) Distilleries
38,SIA/UP/IND2/439635/2023,"Clearance Type: Application for ToR (Category A, B1, and B2 Violation)/EC (Category B2) - Form 1
S/W No.: SW/138842/2023
Category: B1
Sector: Industrial Projects - 2
Date of Submission:
08/08/2023","Environmental Clearance for proposed Establishment of 100 KLPD Capacity Grain based Distillery along with 2.7 MW Co-generation Power Plant at Village – Ghanshyampur, Post – Azizpur, Nigohi Block, Tehsil – Tilhar, District – Shahjahanpur – 242407, UP, by M/s Shri Gurukripa GNG Private Limited",UTTAR PRADESH,PULKIT NARANG,SEIAA,EDS raised,UTTAR PRADESH,5(g) Distilleries
39,SIA/UP/IND2/427243/2023,"Clearance Type: Application for ToR (Category A, B1, and B2 Violation)/EC (Category B2) - Form 1
S/W No.: SW/127099/2023
Category: B1
Sector: Industrial Projects - 2
Date of Submission:
26/04/2023","Terms of Reference (TOR) application for Establishment of 12 KLD Malt Spirit Plant at Village – Begumabad, Modinagar, District - Ghaziabad, UP, Pin - 201204 by M/s Modi Illva India Private Limited.",UTTAR PRADESH,MODI ILLVA INDIA PRIVATE LIMITED,SEIAA,TOR Granted,UTTAR PRADESH,5(g) Distilleries
40,SIA/UP/IND2/427013/2023,"Clearance Type: Application for ToR (Category A, B1, and B2 Violation)/EC (Category B2) - Form 1
S/W No.: SW/126997/2023
Category: B2
Sector: Industrial Projects - 2
Date of Submission:
24/04/2023","Expansion [65 KLD grain based ethanol] of Existing Distillery Unit at 9th Km, Modinagar-Hapur Road, Village Bhojpur, Tehsil Modinagar, Dist. Ghaziabad, Uttar Pradesh by M/s Ghaziabad Organics Limited",UTTAR PRADESH,M/S GHAZIABAD ORGANICS LIMITED (UNIT-II),SEIAA,EC Granted,UTTAR PRADESH,5(g) Distilleries
41,SIA/UP/IND2/426268/2023,"Clearance Type: Application for ToR (Category A, B1, and B2 Violation)/EC (Category B2) - Form 1
S/W No.: SW/126270/2023
Category: B1
Sector: Industrial Projects - 2
Date of Submission:
15/04/2023","ESTABLISHMENT OF PROPOSED GRAIN BASED DISTILLERY CAPACITY – 60 KLD ALONG WITH CO GEN POWER OF 2.0 MW AT VILLAGE: GOPALPUR DUBEY, TEHSIL: KADIPUR, DISTRICT: SULTANPUR, UTTAR PRADESH BY M/S GLYCO ARUNA PRIVATE LIMITED",UTTAR PRADESH,GLYCO ARUNA PRIVATE LIMITED,SEIAA,TOR GRANTED,UTTAR PRADESH,5(g) Distilleries
42,SIA/UP/IND2/425693/2023,"Clearance Type: Application for EC (Category A, B1, and B2 Violation)- Form 1
S/W No.: SW/103955/2022
Category: B1
Sector: Industrial Projects - 2
Date of Submission:
13/04/2023","Expansion of proposed Grain Based Ethanol Distillery Capacity from 50 KLD To 80 KLD along with 2.0 MW Co Gen Power at Khasra No – 494chha, 549ka, 549ga, 549kha, 565, 549gha, Total Area – 3.056 Hectare, Village: Khiwai, Block: Sarurpur, Tehsil: Sardhana, District: Meerut (U.P.) by M/s RCP Distilleries (India) Private Limited.",UTTAR PRADESH,RCP DISTILLERIES (INDIA) PRIVATE LIMITED,SEIAA,EC Granted,UTTAR PRADESH,5(g) Distilleries
43,SIA/UP/IND2/423618/2023,"Clearance Type: Application for ToR (Category A, B1, and B2 Violation)/EC (Category B2) - Form 1
S/W No.: SW/123856/2023
Category: B1
Sector: Industrial Projects - 2
Date of Submission:
27/03/2023","ESTABLISHMENT OF PROPOSED GRAIN BASED DISTILLERY CAPACITY – 200 KLD ALONG WITH CO GEN POWER OF 4.5 MW AT VILLAGE: DILRA RAIPUR, TEHSIL & DISTT–MORADABAD, UTTAR PRADESH BY M/S MAA SHEETLA VENTURES LIMITED",UTTAR PRADESH,M/S MAA SHEETLA VENTURES LIMITED,SEIAA,TOR Granted,UTTAR PRADESH,5(g) Distilleries
44,SIA/UP/IND2/419399/2023,"Clearance Type: Application for ToR (Category A, B1, and B2 Violation)/EC (Category B2) - Form 1
S/W No.: SW/120090/2023
Category: B1
Sector: Industrial Projects - 2
Date of Submission:
22/02/2023",ESTABLISHMENT OF PROPOSED GRAIN BASED DISTILLERY CAPACITY – 60 KLD ALONG WITH CO GEN POWER OF 2.0 MW BY M/S SHREE VINOD INDUSTRIES AND CHEMICALS PRIVATE LIMITED,UTTAR PRADESH,SHREE VINOD INDUSTRIES AND CHEMICALS PRIVATE LIMITED,SEIAA,TOR GRANTED,UTTAR PRADESH,5(g) Distilleries
45,SIA/UP/IND2/407173/2022,"Clearance Type: Application for ToR (Category A, B1, and B2 Violation)/EC (Category B2) - Form 1
S/W No.: SW/108078/2022
Category: B1
Sector: Industrial Projects - 2
Date of Submission:
19/11/2022","Environment Clearance for Expansion of 32 KLD to 100 KLD Grain Based Distillery including Liquor Bottling at Village – Begumabad, Modinagar, District – Ghaziabad, Uttar Pradesh by M/s Modi Distillery, Modinagar",UTTAR PRADESH,MODI INDUSTRIES LIMITED,SEIAA,TOR Granted,UTTAR PRADESH,5(g) Distilleries
46,SIA/UP/IND2/402368/2022,"Clearance Type: Application for ToR (Category A, B1, and B2 Violation)/EC (Category B2) - Form 1
S/W No.: SW/103955/2022
Category: B1
Sector: Industrial Projects - 2
Date of Submission:
07/10/2022","Expansion of proposed Grain Based Ethanol Distillery Capacity from 50 KLD To 80 KLD along with 2.0 MW Co Gen Power at Khasra No – 494chha, 549ka, 549ga, 549kha, 565, 549gha, Total Area – 3.056 Hectare, Village: Khiwai, Block: Sarurpur, Tehsil: Sardhana, District: Meerut (U.P.) by M/s RCP Distilleries (India) Private Limited.",UTTAR PRADESH,RCP DISTILLERIES (INDIA) PRIVATE LIMITED,SEIAA,TOR Granted,UTTAR PRADESH,5(g) Distilleries
1,SIA/UP/IND2/576745/2026,"Clearance Type: Application for EC (Category A, B1, and B2 Violation)- Form 1
S/W No.: SW/224845/2024
Category: B1
Sector: Industrial Projects - 2
Date of Submission:
24/04/2026","Proposed expansion of Sugar unit from 14000 TCD to 15000 TCD without change in Co gen power plant – 60 MW within existing premises, at village – Alhepur, Block: Dhampur (Alehpur), Tehsil -Dhampur, District: Bijnor, Uttar Pradesh by M/s Dhampur Sugar Mills Ltd, (Unit: Dhampur).",UTTAR PRADESH,DHAMPUR SUGAR MILLS LIMITED,SEIAA,Proposal Accepted and Referred to SEAC,UTTAR PRADESH,5(j) Sugar Industry
2,SIA/UP/IND2/573789/2026,"Clearance Type: Application for EC (Category A, B1, and B2 Violation)- Form 1
S/W No.: SW/211759/2024
Category: B1
Sector: Industrial Projects - 2
Date of Submission:
08/04/2026","Expansion of existing Sugar unit from 9,000 TCD to 15,000 TCD along with expansion of co gen power plant within existing industry premises at Village: Rajpura, Tehsil: Gunnaur, District: Shambhal, Uttar Pradesh by M/s Dhampur Sugar Mills Ltd, (Unit: DSM Sugar Rajpura)",UTTAR PRADESH,DHAMPUR SUGAR MILLS,SEIAA,Under Verification,UTTAR PRADESH,5(j) Sugar Industry
3,SIA/UP/IND2/568643/2026,"Clearance Type: Application for EC (Category A, B1, and B2 Violation)- Form 1
S/W No.: SW/198946/2024
Category: B1
Sector: Industrial Projects - 2
Date of Submission:
11/02/2026","Proposed expansion of Sugar unit from 13000 TCD to 15000 TCD without change in co gen power 26.5 MW at Village- Muradnagar, Surjipara, Deeppur & Jahangirabad Pargana- Hargaon, Tehsil & District- Sitapur, Uttar Pradesh by M/s Avadh Sugar & Energy Limited, Unit Hargaon",UTTAR PRADESH,AVADH SUGAR & ENERGY LIMITED,SEIAA,EC Granted,UTTAR PRADESH,5(j) Sugar Industry
4,SIA/UP/IND2/560868/2025,"Clearance Type: Application for Amendment in EC- Form-4
S/W No.: SW/133643/2023
Category: B1
Sector: Industrial Projects - 2
Date of Submission:
06/12/2025","Expansion of existing Sugar unit from 10,000 TCD to 12,000 TCD along with expansion of existing co gen power capacity from 20 MW to 32.7 MW within existing industry premises at village-Kumbhi, Tehsil: Gola Gokarannath District– Lakhimpur Kheri, Uttar Pradesh by M/s Balrampur Chini Mills Ltd, (Unit: Kumbhi, Division: Sugar)",UTTAR PRADESH,BALRAMPUR CHINI MILLS LTD,SEIAA,EC Granted,UTTAR PRADESH,5(j) Sugar Industry
5,SIA/UP/IND2/525235/2025,"Clearance Type: Application for Amendment in EC- Form-4
S/W No.: SW/112852/2022
Category: B1
Sector: Industrial Projects - 2
Date of Submission:
23/09/2025","Proposed expansion of existing Sugar unit from 9000 TCD to 14000 TCD without change in existing co gen power capacity – 41 MW within existing industry premises at village-Asmoli, Tehsil & District– Sambhal, Uttar Pradesh by M/s Dhampur Bio Organics Limited, (Unit: Asmoli, Division: Sugar)",UTTAR PRADESH,DHAMPUR BIO ORGANICS LIMITED,SEIAA,EC Granted,UTTAR PRADESH,5(j) Sugar Industry
6,SIA/UP/IND2/552358/2025,"Clearance Type: Application for ToR (Category A, B1, and B2 Violation)/EC (Category B2) - Form 1
S/W No.: SW/260674/2025
Category: B1
Sector: Industrial Projects - 2
Date of Submission:
20/09/2025","Expansion of existing Sugar unit from 7500 TCD to 10,000 TCD and without change in Co-gen power capacity 18 MW within existing industry premises at Village: Haripur, Kodar Chak & Ravan Deeh, Post: Mijhuara, Tehsil: Akbarpur, District: Ambedkar Nagar, Uttar Pradesh by M/s Balrampur Chini Mills Ltd, Unit: Akbarpur, Division: Sugar",UTTAR PRADESH,BALRAMPUR CHINI MILLS LTD,SEIAA,ToR Granted,UTTAR PRADESH,5(j) Sugar Industry
7,SIA/UP/IND2/535855/2025,"Clearance Type: Application for EC (Category A, B1, and B2 Violation)- Form 1
S/W No.: SW/176994/2024
Category: B1
Sector: Industrial Projects - 2
Date of Submission:
01/05/2025","Proposed expansion of existing Sugar unit from 8000 TCD to 10000 TCD without change in Co gen power plant – 25.75 MW within existing premises at Village – Rauzagaon, Block-Rudauli, Tehsil- Rudauli, Distt.- Ayodhya, Uttar Pradesh by M/s Balrampur Chini Mills Limited (Unit: Rauzagaon)",UTTAR PRADESH,BALRAMPUR CHINI MILLS LTD,SEIAA,EC Granted,UTTAR PRADESH,5(j) Sugar Industry
8,SIA/UP/IND2/535705/2025,"Clearance Type: Application for EC (Category A, B1, and B2 Violation)- Form 1
S/W No.: SW/175056/2024
Category: B1
Sector: Industrial Projects - 2
Date of Submission:
29/04/2025","Expansion of existing Sugar unit from 7000 TCD to 10000 TCD and expansion in co gen power capacity from 3.0 MW to 17.0 MW within existing industry premises at village: Shitlapur Tulsipur, District: Balrampur, Uttar Pradesh by M/s Balrampur Chini Mills Ltd, (Unit: Tulsipur, Division: Sugar)",UTTAR PRADESH,BALRAMPUR CHINI MILLS LTD,SEIAA,EC Granted,UTTAR PRADESH,5(j) Sugar Industry
9,SIA/UP/IND2/530613/2025,"Clearance Type: Application for ToR (Category A, B1, and B2 Violation)/EC (Category B2) - Form 1
S/W No.: SW/241017/2025
Category: B1
Sector: Industrial Projects - 2
Date of Submission:
21/03/2025","Expansion of existing Sugar unit from 12,000 TCD to 14,000 TCD along with expansion of existing co gen power capacity from 18.0 MW to 44.55 MW within existing industry premises at Village-Bishnupur, Post: Bhagwati Ganj, District– Balrampur, Uttar Pradesh by M/s Balrampur Chini Mills Ltd, Unit: Balrampur",UTTAR PRADESH,BALRAMPUR CHINI MILLS LTD,SEIAA,ToR Granted,UTTAR PRADESH,5(j) Sugar Industry
10,SIA/UP/IND2/527201/2025,"Clearance Type: Application for Amendment in EC- Form-4
S/W No.: SW/237248/2025
Category: B1
Sector: Industrial Projects - 2
Date of Submission:
04/03/2025","Expansion of existing Sugar unit from 5000 TCD to 11000 TCD along with 43.5 MW Co gen power at village – Nagaria Sadat, Block & Tehsil: Meerganj, District – Bareilly (UP) of M/s Dhampur Bio Organics Limited, Unit - Meerganj, Sugar – Division, (Formerly known as DSM Sugar Meerganj)",UTTAR PRADESH,DHAMPUR BIO ORGANICS LIMITED,SEIAA,EC Granted,UTTAR PRADESH,5(j) Sugar Industry
11,SIA/UP/IND2/514614/2024,"Clearance Type: Application for ToR (Category A, B1, and B2 Violation)/EC (Category B2) - Form 1
S/W No.: SW/224845/2024
Category: B1
Sector: Industrial Projects - 2
Date of Submission:
14/12/2024","Proposed expansion of Sugar unit from 14000 TCD to 15000 TCD without change in Co gen power plant – 60 MW within existing premises, at village – Alhepur, Block: Dhampur (Alehpur), Tehsil -Dhampur, District: Bijnor, Uttar Pradesh by M/s Dhampur Sugar Mills Ltd, (Unit: Dhampur).",UTTAR PRADESH,DHAMPUR SUGAR MILLS LIMITED,SEIAA,ToR Granted,UTTAR PRADESH,5(j) Sugar Industry
12,SIA/UP/IND2/503006/2024,"Clearance Type: Application for EC (Category A, B1, and B2 Violation)- Form 1
S/W No.: SW/142216/2023
Category: B1
Sector: Industrial Projects - 2
Date of Submission:
28/10/2024","Expansion of existing Sugar unit from 5,000 TCD to 10,000 TCD along with expansion of existing co gen power capacity from 10 MW to 18 MW within existing industry premises at village-Milak Narayanpur, Tehsil- Tanda, District– Rampur, Uttar Pradesh by M/s Triveni Engineering & Industries Limited, (Unit: Milak Narayanpur, Division: Sugar)",UTTAR PRADESH,TRIVENI ENGINEERING & INDUSTRIES LIMITED,SEIAA,EC Granted,UTTAR PRADESH,5(j) Sugar Industry
13,SIA/UP/IND2/501222/2024,"Clearance Type: Application for ToR (Category A, B1, and B2 Violation)/EC (Category B2) - Form 1
S/W No.: SW/211759/2024
Category: B1
Sector: Industrial Projects - 2
Date of Submission:
16/10/2024","Expansion of existing Sugar unit from 9,000 TCD to 15,000 TCD along with expansion of co gen power plant within existing industry premises at Village: Rajpura, Tehsil: Gunnaur, District: Shambhal, Uttar Pradesh by M/s Dhampur Sugar Mills Ltd, (Unit: DSM Sugar Rajpura)",UTTAR PRADESH,DHAMPUR SUGAR MILLS,SEIAA,Standard ToR Granted,UTTAR PRADESH,5(j) Sugar Industry
14,SIA/UP/IND2/494796/2024,"Clearance Type: Application for EC (Category A, B1, and B2 Violation)- Form 1
S/W No.: SW/170179/2024
Category: B1
Sector: Industrial Projects - 2
Date of Submission:
02/09/2024","Proposed expansion of existing Sugar unit from 4500 TCD to 10000 TCD along with Co gen power plant expansion from 6.0 MW to 21 MW within existing premises at Village- Bhandoria, P.O.- Aurangabad, District- Bulandshahr (U.P.) by M/s Anamika Sugar Mills Pvt Ltd (A Unit of Shree Renuka Sugars Limited)",UTTAR PRADESH,ANAMIKA SUGAR MILLS PRIVATE LIMITED,SEIAA,EC Granted,UTTAR PRADESH,5(j) Sugar Industry
15,SIA/UP/IND2/494688/2024,"Clearance Type: Application for EC (Category A, B1, and B2 Violation)- Form 1
S/W No.: SW/171007/2024
Category: B1
Sector: Industrial Projects - 2
Date of Submission:
30/08/2024","Expansion of existing Sugar unit from 7000 TCD to 10,000 TCD and expansion in co gen power capacity from 13.5 MW to 16.5 MW within existing industry premises at village-Sabitgarh, Tehsil: Khurja, District: Bulandshahr, Uttar Pradesh by M/s Triveni Engineering Industries Limited, (Unit: Sabitgarh, Division: Sugar)",UTTAR PRADESH,TRIVENI ENGINEERING AND INDUSTRIES LTD,SEIAA,EC Granted,UTTAR PRADESH,5(j) Sugar Industry
16,SIA/UP/IND2/490023/2024,"Clearance Type: Application for EC (Category A, B1, and B2 Violation)- Form 1
S/W No.: SW/142423/2023
Category: B1
Sector: Industrial Projects - 2
Date of Submission:
29/08/2024","Expansion of existing Sugar unit from 6000 TCD to 10,000 TCD along with expansion of existing co gen power capacity from 10.0 MW to 18.0 MW within existing industry premises at village-Chandanpur Khadar, Tehsil: Hasanpur District– Amroha, Uttar Pradesh by M/s Triveni Engineering & Industries Ltd, (Unit: Chandanpur, Division: Sugar)",UTTAR PRADESH,TRIVENI ENGINEERING AND INDUSTRIES LTD,SEIAA,EC Granted,UTTAR PRADESH,5(j) Sugar Industry
17,SIA/UP/IND2/489580/2024,"Clearance Type: Application for EC (Category A, B1, and B2 Violation)- Form 1
S/W No.: SW/147258/2023
Category: B1
Sector: Industrial Projects - 2
Date of Submission:
25/07/2024","Expansion of existing Sugar unit from 10,000 TCD to 12,000 TCD along with expansion of existing co gen power capacity from 20 MW to 41.3 MW within existing industry premises at village: Rudrapur Gularia, Block: Bijua, Tehsil: Gola, District: Lakhimpur Kheri, Uttar Pradesh of M/s Balrampur Chini Mills Ltd, (Unit: Gularia, Division: Sugar)",UTTAR PRADESH,BALRAMPUR CHINI MILLS LTD,SEIAA,EC Granted,UTTAR PRADESH,5(j) Sugar Industry
18,SIA/UP/IND2/489258/2024,"Clearance Type: Application for ToR (Category A, B1, and B2 Violation)/EC (Category B2) - Form 1
S/W No.: SW/198946/2024
Category: B1
Sector: Industrial Projects - 2
Date of Submission:
24/07/2024","Proposed expansion of Sugar unit from 13000 TCD to 15000 TCD without change in co gen power 26.5 MW at Village- Muradnagar, Surjipara, Deeppur & Jahangirabad Pargana- Hargaon, Tehsil & District- Sitapur, Uttar Pradesh by M/s Avadh Sugar & Energy Limited, Unit Hargaon",UTTAR PRADESH,AVADH SUGAR & ENERGY LIMITED,SEIAA,Standard ToR Granted,UTTAR PRADESH,5(j) Sugar Industry
19,SIA/UP/IND2/489317/2024,"Clearance Type: Application for EC (Category A, B1, and B2 Violation)- Form 1
S/W No.: SW/170318/2024
Category: B1
Sector: Industrial Projects - 2
Date of Submission:
23/07/2024","Proposed expansion of existing Sugar unit from 8000 TCD to 10000 TCD along with Co gen power plant - 36 MW within existing premises at Village- Loyan Malakpur, Block & Tehsil – Baraut, District- Baghpat (U.P.) by M/s SBEC Sugar Limited",UTTAR PRADESH,SBEC SUGAR LIMITED,SEIAA,EC Granted,UTTAR PRADESH,5(j) Sugar Industry
20,SIA/UP/IND2/482213/2024,"Clearance Type: Application for ToR (Category A, B1, and B2 Violation)/EC (Category B2) - Form 1
S/W No.: SW/191363/2024
Category: B1
Sector: Industrial Projects - 2
Date of Submission:
18/06/2024","Environmental Clearance of Expansion of existing Sugar Unit from 8000 TCD to 10000 TCD and co-gen power capacity from 10.0 MW to 16.0 MW within existing industry premises at village - Agwanpur, Tehsil & District – Moradabad, Uttar Pradesh of M/s Dewan Sugars Limited",UTTAR PRADESH,Dewan Sugars limited,SEIAA,Standard ToR Granted,UTTAR PRADESH,5(j) Sugar Industry
21,SIA/UP/IND2/473413/2024,"Clearance Type: Application for EC (Category A, B1, and B2 Violation)- Form 1
S/W No.: SW/122178/2023
Category: B1
Sector: Industrial Projects - 2
Date of Submission:
18/05/2024","Expansion of existing Sugar Unit from 8500 TCD to 12000 TCD without change in existing co gen power capacity – 32.0 MW within existing industry premises at P.O: Biswan, District– Sitapur, Uttar Pradesh.",UTTAR PRADESH,M/S SEKSARIA BISWAN SUGAR FACTORY LIMITED (SBSFL),SEIAA,EC Granted,UTTAR PRADESH,5(j) Sugar Industry
22,SIA/UP/IND2/469375/2024,"Clearance Type: Application for EC (Category A, B1, and B2 Violation)- Form 1
S/W No.: SW/147852/2023
Category: B1
Sector: Industrial Projects - 2
Date of Submission:
17/04/2024","Expansion of existing Sugar unit from 7500 TCD to 15,000 TCD along with expansion of existing co gen power capacity from 25 MW to 50 MW within existing industry premises at village-Loni, Tehsil: Shahabad, District– Hardoi, Uttar Pradesh by M/s DCM Shriram Ltd., Sugar Unit- Loni.",UTTAR PRADESH,DCM SHRIRAM LIMITED,SEIAA,EC Granted,UTTAR PRADESH,5(j) Sugar Industry
23,SIA/UP/IND2/468131/2024,"Clearance Type: Application for ToR (Category A, B1, and B2 Violation)/EC (Category B2) - Form 1
S/W No.: SW/176994/2024
Category: B1
Sector: Industrial Projects - 2
Date of Submission:
03/04/2024","Proposed expansion of existing Sugar unit from 8000 TCD to 10000 TCD without change in Co gen power plant – 25.75 MW within existing premises at Village – Rauzagaon, Block-Rudauli, Tehsil- Rudauli, Distt.- Ayodhya, Uttar Pradesh by M/s Balrampur Chini Mills Limited (Unit: Rauzagaon)",UTTAR PRADESH,BALRAMPUR CHINI MILLS LTD,SEIAA,Standard ToR Granted,UTTAR PRADESH,5(j) Sugar Industry
24,SIA/UP/IND2/466109/2024,"Clearance Type: Application for ToR (Category A, B1, and B2 Violation)/EC (Category B2) - Form 1
S/W No.: SW/175056/2024
Category: B1
Sector: Industrial Projects - 2
Date of Submission:
16/03/2024","Expansion of existing Sugar unit from 7000 TCD to 10000 TCD and expansion in co gen power capacity from 3.0 MW to 17.0 MW within existing industry premises at village: Shitlapur Tulsipur, District: Balrampur, Uttar Pradesh by M/s Balrampur Chini Mills Ltd, (Unit: Tulsipur, Division: Sugar)",UTTAR PRADESH,BALRAMPUR CHINI MILLS LTD,SEIAA,Standard ToR Granted,UTTAR PRADESH,5(j) Sugar Industry
25,SIA/UP/IND2/460982/2024,"Clearance Type: Application for ToR (Category A, B1, and B2 Violation)/EC (Category B2) - Form 1
S/W No.: SW/171007/2024
Category: B1
Sector: Industrial Projects - 2
Date of Submission:
05/02/2024","Expansion of existing Sugar unit from 7000 TCD to 10,000 TCD and expansion in co gen power capacity from 13.5 MW to 16.5 MW within existing industry premises at village-Sabitgarh, Tehsil: Khurja, District: Bulandshahr, Uttar Pradesh by M/s Triveni Engineering Industries Limited, (Unit: Sabitgarh, Division: Sugar)",UTTAR PRADESH,TRIVENI ENGINEERING AND INDUSTRIES LTD,SEIAA,Standard ToR Granted,UTTAR PRADESH,5(j) Sugar Industry
26,SIA/UP/IND2/460296/2024,"Clearance Type: Application for ToR (Category A, B1, and B2 Violation)/EC (Category B2) - Form 1
S/W No.: SW/170318/2024
Category: B1
Sector: Industrial Projects - 2
Date of Submission:
30/01/2024","Proposed expansion of existing Sugar unit from 8000 TCD to 10000 TCD along with Co gen power plant - 36 MW within existing premises at Village- Loyan Malakpur, Block & Tehsil – Baraut, District- Baghpat (U.P.) by M/s SBEC Sugar Limited",UTTAR PRADESH,SBEC SUGAR LIMITED,SEIAA,Standard ToR Granted,UTTAR PRADESH,5(j) Sugar Industry
27,SIA/UP/IND2/460180/2024,"Clearance Type: Application for ToR (Category A, B1, and B2 Violation)/EC (Category B2) - Form 1
S/W No.: SW/170179/2024
Category: B1
Sector: Industrial Projects - 2
Date of Submission:
29/01/2024","Proposed expansion of existing Sugar unit from 4500 TCD to 10000 TCD along with Co gen power plant expansion from 6.0 MW to 21 MW within existing premises at Village- Bhandoria, P.O.- Aurangabad, District- Bulandshahr (U.P.) by M/s Anamika Sugar Mills Pvt Ltd (A Unit of Shree Renuka Sugars Limited)",UTTAR PRADESH,ANAMIKA SUGAR MILLS PRIVATE LIMITED,SEIAA,Standard ToR Granted,UTTAR PRADESH,5(j) Sugar Industry
28,SIA/UP/IND2/453133/2023,"Clearance Type: Application for EC (Category A, B1, and B2 Violation)- Form 1
S/W No.: SW/133643/2023
Category: B1
Sector: Industrial Projects - 2
Date of Submission:
24/11/2023","Expansion of existing Sugar unit from 10,000 TCD to 12,000 TCD along with expansion of existing co gen power capacity from 20 MW to 32.7 MW within existing industry premises at village-Kumbhi, Tehsil: Gola Gokarannath District– Lakhimpur Kheri, Uttar Pradesh by M/s Balrampur Chini Mills Ltd, (Unit: Kumbhi, Division: Sugar)",UTTAR PRADESH,BALRAMPUR CHINI MILLS LTD,SEIAA,EC Granted,UTTAR PRADESH,5(j) Sugar Industry
29,SIA/UP/IND2/412003/2022,"Clearance Type: Application for ToR (Category A, B1, and B2 Violation)/EC (Category B2) - Form 1
S/W No.: SW/112852/2022
Category: B1
Sector: Industrial Projects - 2
Date of Submission:
23/11/2023","Proposed expansion of existing Sugar unit from 9000 TCD to 14000 TCD without change in existing co gen power capacity – 41 MW within existing industry premises at village-Asmoli, Tehsil & District– Sambhal, Uttar Pradesh by M/s Dhampur Bio Organics Limited, (Unit: Asmoli, Division: Sugar)",UTTAR PRADESH,DHAMPUR BIO ORGANICS LIMITED,SEIAA,TOR GRANTED,UTTAR PRADESH,5(j) Sugar Industry
30,SIA/UP/IND2/413572/2023,"Clearance Type: Application for ToR (Category A, B1, and B2 Violation)/EC (Category B2) - Form 1
S/W No.: SW/114588/2023
Category: B1
Sector: Industrial Projects - 2
Date of Submission:
23/11/2023","expansion of existing Sugar unit from 7000 TCD to 10000 TCD without change in existing co gen power capacity – 27.7 MW within existing industry premises at village-Mansurpur, Tehsil- Khatauli & District– Muzaffarnagar, Uttar Pradesh by M/s Dhampur Bio Organics Limited, (Unit: Mansurpur, Division: Sugar)",UTTAR PRADESH,DHAMPUR BIO ORGANICS LIMITED,SEIAA,TOR GRANTED,UTTAR PRADESH,5(j) Sugar Industry
31,SIA/UP/IND2/410954/2022,"Clearance Type: Application for EC (Category A, B1, and B2 Violation)- Form 1
S/W No.: SW/111835/2022
Category: B1
Sector: Industrial Projects - 2
Date of Submission:
16/11/2023","Environmental Clearance of Expansion of existing sugar mill having cane crushing capacity from 6600 TCD to 8000 TCD at village - Agwanpur, Tehsil & District - Moradabad (UP) of M/s Dewan Sugars Limited",UTTAR PRADESH,DEWAN SUGARS LIMITED,SEIAA,EC Granted,UTTAR PRADESH,5(j) Sugar Industry
32,SIA/UP/IND2/451357/2023,"Clearance Type: Application for EC (Category A, B1, and B2 Violation)- Form 1
S/W No.: SW/150478/2023
Category: B1
Sector: Industrial Projects - 2
Date of Submission:
06/11/2023","Proposed expansion of existing sugar unit from 4850 TCD to 8000 TCD along without change in co gen power 19.80 MW within existing premises at Village: Parsendi, Tehsil: Kaisarganj District: Bahraich (Uttar Pradesh.) by M/s Parle Biscuits Private Limited, Unit: Sugar",UTTAR PRADESH,PARLE BISCUITS PRIVATE LIMITED,SEIAA,EC Granted,UTTAR PRADESH,5(j) Sugar Industry
33,SIA/UP/IND2/450110/2023,"Clearance Type: Application for EC (Category A, B1, and B2 Violation)- Form 1
S/W No.: SW/128755/2023
Category: B1
Sector: Industrial Projects - 2
Date of Submission:
28/10/2023","Expansion of existing Sugar unit from 5000 TCD to 10000 TCD and expansion in co-gen power capacity from 8.0 MW to 15.0 MW within existing industry premises at Village: Rani Nangal, Tehsil: Thakurdwara, District: Moradabad, Uttar Pradesh by M/s Triveni Engineering & Industries Limited",UTTAR PRADESH,TRIVENI ENGINEERING AND INDUSTRIES LTD,SEIAA,EC Granted,UTTAR PRADESH,5(j) Sugar Industry
34,SIA/UP/IND2/448697/2023,"Clearance Type: Application for ToR (Category A, B1, and B2 Violation)/EC (Category B2) - Form 1
S/W No.: SW/147852/2023
Category: B1
Sector: Industrial Projects - 2
Date of Submission:
16/10/2023","Expansion of existing Sugar unit from 7500 TCD to 15,000 TCD along with expansion of existing co gen power capacity from 25 MW to 50 MW within existing industry premises at village-Loni, Tehsil: Shahabad, District– Hardoi, Uttar Pradesh by M/s DCM Shriram Ltd., Sugar Unit- Loni.",UTTAR PRADESH,DCM SHRIRAM LIMITED,SEIAA,TOR GRANTED,UTTAR PRADESH,5(j) Sugar Industry
35,SIA/UP/IND2/447544/2023,"Clearance Type: Application for ToR (Category A, B1, and B2 Violation)/EC (Category B2) - Form 1
S/W No.: SW/147258/2023
Category: B1
Sector: Industrial Projects - 2
Date of Submission:
09/10/2023","Expansion of existing Sugar unit from 10,000 TCD to 12,000 TCD along with expansion of existing co gen power capacity from 20 MW to 41.3 MW within existing industry premises at village: Rudrapur Gularia, Block: Bijua, Tehsil: Gola, District: Lakhimpur Kheri, Uttar Pradesh of M/s Balrampur Chini Mills Ltd, (Unit: Gularia, Division: Sugar)",UTTAR PRADESH,BALRAMPUR CHINI MILLS LTD,SEIAA,TOR GRANTED,UTTAR PRADESH,5(j) Sugar Industry
36,SIA/UP/IND2/445471/2023,"Clearance Type: Application for EC (Category A, B1, and B2 Violation)- Form 1
S/W No.: SW/124609/2023
Category: B1
Sector: Industrial Projects - 2
Date of Submission:
23/09/2023","Expansion of existing Sugar unit from 4500 TCD to 6500 TCD and expansion in co gen power capacity from 6.5 MW to 9.5 MW within existing industry premises at village-Chaudhera, Post: Rosa, District– Shahjahanpur, Uttar Pradesh by M/s Avadh Sugar & Energy Limited, (Unit: Rosa, Division: Sugar)",UTTAR PRADESH,AVADH SUGAR & ENERGY LIMITED,SEIAA,EC Granted,UTTAR PRADESH,5(j) Sugar Industry
37,SIA/UP/IND2/443733/2023,"Clearance Type: Application for EC (Category A, B1, and B2 Violation)- Form 1
S/W No.: SW/114588/2023
Category: B1
Sector: Industrial Projects - 2
Date of Submission:
09/09/2023","expansion of existing Sugar unit from 7000 TCD to 10000 TCD without change in existing co gen power capacity – 27.7 MW within existing industry premises at village-Mansurpur, Tehsil- Khatauli & District– Muzaffarnagar, Uttar Pradesh by M/s Dhampur Bio Organics Limited, (Unit: Mansurpur, Division: Sugar)",UTTAR PRADESH,DHAMPUR BIO ORGANICS LIMITED,SEIAA,EC Granted,UTTAR PRADESH,5(j) Sugar Industry
38,SIA/UP/IND2/443012/2023,"Clearance Type: Application for ToR (Category A, B1, and B2 Violation)/EC (Category B2) - Form 1
S/W No.: SW/142423/2023
Category: B1
Sector: Industrial Projects - 2
Date of Submission:
04/09/2023","Expansion of existing Sugar unit from 6000 TCD to 10,000 TCD along with expansion of existing co gen power capacity from 10.0 MW to 18.0 MW within existing industry premises at village-Chandanpur Khadar, Tehsil: Hasanpur District– Amroha, Uttar Pradesh by M/s Triveni Engineering & Industries Ltd, (Unit: Chandanpur, Division: Sugar)",UTTAR PRADESH,TRIVENI ENGINEERING AND INDUSTRIES LTD,SEIAA,TOR GRANTED,UTTAR PRADESH,5(j) Sugar Industry
39,SIA/UP/IND2/442797/2023,"Clearance Type: Application for ToR (Category A, B1, and B2 Violation)/EC (Category B2) - Form 1
S/W No.: SW/142216/2023
Category: B1
Sector: Industrial Projects - 2
Date of Submission:
02/09/2023","Expansion of existing Sugar unit from 5,000 TCD to 10,000 TCD along with expansion of existing co gen power capacity from 10 MW to 18 MW within existing industry premises at village-Milak Narayanpur, Tehsil- Tanda, District– Rampur, Uttar Pradesh by M/s Triveni Engineering & Industries Limited, (Unit: Milak Narayanpur, Division: Sugar)",UTTAR PRADESH,TRIVENI ENGINEERING & INDUSTRIES LIMITED,SEIAA,TOR GRANTED,UTTAR PRADESH,5(j) Sugar Industry
40,SIA/UP/IND2/435559/2023,"Clearance Type: Application for EC (Category A, B1, and B2 Violation)- Form 1
S/W No.: SW/135291/2023
Category: B1
Sector: Industrial Projects - 2
Date of Submission:
17/08/2023","Proposed expansion of Existing Sugar Unit from 4500 TCD to 7000 TCD along with co gen power from 15.0 MW to 23.0 MW within existing premises at village: Khaikheri, Tehsil: Sadar District: Muzaffarnagar, Uttar Pradesh by M/s Uttam Sugar Mills Limited, Unit: Khaikheri",UTTAR PRADESH,UTTAM SUGAR MILLS LIMITED,SEIAA,EC Granted,UTTAR PRADESH,5(j) Sugar Industry
41,SIA/UP/IND2/433855/2023,"Clearance Type: Application for ToR (Category A, B1, and B2 Violation)/EC (Category B2) - Form 1
S/W No.: SW/133643/2023
Category: B1
Sector: Industrial Projects - 2
Date of Submission:
19/06/2023","Expansion of existing Sugar unit from 10,000 TCD to 12,000 TCD along with expansion of existing co gen power capacity from 20 MW to 32.7 MW within existing industry premises at village-Kumbhi, Tehsil: Gola Gokarannath District– Lakhimpur Kheri, Uttar Pradesh by M/s Balrampur Chini Mills Ltd, (Unit: Kumbhi, Division: Sugar)",UTTAR PRADESH,BALRAMPUR CHINI MILLS LTD,SEIAA,TOR Granted,UTTAR PRADESH,5(j) Sugar Industry
42,SIA/UP/IND2/428808/2023,"Clearance Type: Application for ToR (Category A, B1, and B2 Violation)/EC (Category B2) - Form 1
S/W No.: SW/128755/2023
Category: B1
Sector: Industrial Projects - 2
Date of Submission:
11/05/2023","Expansion of existing Sugar unit from 5000 TCD to 10000 TCD and expansion in co-gen power capacity from 8.0 MW to 15.0 MW within existing industry premises at Village: Rani Nangal, Tehsil: Thakurdwara, District: Moradabad, Uttar Pradesh by M/s Triveni Engineering & Industries Limited",UTTAR PRADESH,TRIVENI ENGINEERING AND INDUSTRIES LTD,SEIAA,TOR GRANTED,UTTAR PRADESH,5(j) Sugar Industry
43,SIA/UP/IND2/426671/2023,"Clearance Type: Application for EC (Category A, B1, and B2 Violation)- Form 1
S/W No.: SW/112852/2022
Category: B1
Sector: Industrial Projects - 2
Date of Submission:
20/04/2023","Proposed expansion of existing Sugar unit from 9000 TCD to 14000 TCD without change in existing co gen power capacity – 41 MW within existing industry premises at village-Asmoli, Tehsil & District– Sambhal, Uttar Pradesh by M/s Dhampur Bio Organics Limited, (Unit: Asmoli, Division: Sugar)",UTTAR PRADESH,DHAMPUR BIO ORGANICS LIMITED,SEIAA,EC Granted,UTTAR PRADESH,5(j) Sugar Industry
44,SIA/UP/IND2/424440/2023,"Clearance Type: Application for ToR (Category A, B1, and B2 Violation)/EC (Category B2) - Form 1
S/W No.: SW/124609/2023
Category: B1
Sector: Industrial Projects - 2
Date of Submission:
01/04/2023","Expansion of existing Sugar unit from 4500 TCD to 6500 TCD and expansion in co gen power capacity from 6.5 MW to 9.5 MW within existing industry premises at village-Chaudhera, Post: Rosa, District– Shahjahanpur, Uttar Pradesh by M/s Avadh Sugar & Energy Limited, (Unit: Rosa, Division: Sugar)",UTTAR PRADESH,AVADH SUGAR & ENERGY LIMITED,SEIAA,TOR GRANTED,UTTAR PRADESH,5(j) Sugar Industry
45,SIA/UP/IND2/421707/2023,"Clearance Type: Application for ToR (Category A, B1, and B2 Violation)/EC (Category B2) - Form 1
S/W No.: SW/122178/2023
Category: B1
Sector: Industrial Projects - 2
Date of Submission:
13/03/2023","Expansion of existing Sugar Unit from 8500 TCD to 12000 TCD without change in existing co gen power capacity – 32.0 MW within existing industry premises at P.O: Biswan, District– Sitapur, Uttar Pradesh.",UTTAR PRADESH,M/S SEKSARIA BISWAN SUGAR FACTORY LIMITED (SBSFL),SEIAA,TOR Granted,UTTAR PRADESH,5(j) Sugar Industry
46,SIA/UP/IND2/408659/2022,"Clearance Type: Application for EC (Category A, B1, and B2 Violation)- Form 1
S/W No.: SW/107973/2022
Category: B1
Sector: Industrial Projects - 2
Date of Submission:
30/11/2022","Expansion of existing Sugar unit from 5000 TCD to 11000 TCD along with 43.5 MW Co gen power at village – Nagaria Sadat, Block & Tehsil: Meerganj, District – Bareilly (UP) of M/s DSM Sugar, Meerganj (A Unit of Dhampur Sugar Mills Limited), Sugar Division",UTTAR PRADESH,DHAMPUR SUGAR MILLS LIMITED,SEIAA,EC Granted,UTTAR PRADESH,5(j) Sugar Industry
47,SIA/UP/IND2/406523/2022,"Clearance Type: Application for EC (Category A, B1, and B2 Violation)- Form 1
S/W No.: SW/107790/2022
Category: B1
Sector: Industrial Projects - 2
Date of Submission:
15/11/2022","Proposed expansion of sugar mill cane crushing capacity from 10000 TCD to 13000 TCD along with Co- Gen power from 24.0 MW to 44.9 MW within existing premises by M/s Avadh Sugar & Energy Limited, Unit: Seohara",UTTAR PRADESH,M/S AVADH SUGAR AND ENERGY LIMITED,SEIAA,EC Granted,UTTAR PRADESH,5(j) Sugar Industry
1,SIA/UP/IND1/585775/2026,"Clearance Type: Application for ToR (Category A, B1, and B2 Violation)/EC (Category B2) - Form 1
S/W No.: SW/289925/2026
Category: B1
Sector: Industrial Projects - 1
Date of Submission:
18/07/2026",Expansion of M/s Swarup Steel Industries Private Limited from 170000 MS Billet to 237600 MTPA (metric tons per annum) and 165000 TMT Bars to 220000 MTPA (metric tons per annum),UTTAR PRADESH,SWARUP STEEL INDUSTRIES PRIVATE LIMITED,SEIAA,Under Examination,UTTAR PRADESH,3(a) Metallurgical Industries (ferrous and non ferrous)
2,SIA/UP/IND1/581302/2026,"Clearance Type: Application for ToR (Category A, B1, and B2 Violation)/EC (Category B2) - Form 1
S/W No.: SW/285274/2026
Category: B1
Sector: Industrial Projects - 1
Date of Submission:
06/06/2026","Setting up a Greenfield Steel Melt Shop and Rolling Facilities for Production of Hot Rolled Strips / Tube in Square, Round, Rectangular Shape 396000 MT/annum (metric tons per annum) by M/s Swarup Iron & Steels Private Limited",UTTAR PRADESH,Swarup iron & steels private limited,SEIAA,ADS Raised,UTTAR PRADESH,3(a) Metallurgical Industries (ferrous and non ferrous)
3,SIA/UP/IND1/579584/2026,"Clearance Type: Application for EC (Category A, B1, and B2 Violation)- Form 1
S/W No.: SW/245161/2025
Category: B1
Sector: Industrial Projects - 1
Date of Submission:
22/05/2026","Proposed Steel Melting Shop (Induction Furnace 4X30 Ton, LRF and CCM) and TMT Bar (3,45,708 TPA)",UTTAR PRADESH,S.R. concast private limited,SEIAA,Referred to SEIAA,UTTAR PRADESH,3(a) Metallurgical Industries (ferrous and non ferrous)
4,SIA/UP/IND1/572497/2026,"Clearance Type: Application for ToR (Category A, B1, and B2 Violation)/EC (Category B2) - Form 1
S/W No.: SW/278423/2026
Category: B2
Sector: Industrial Projects - 1
Date of Submission:
18/03/2026",Modification in Induction Furnace from 15 Ton to 20 Ton for Existing Production Capacity 118800 MT/year by M/s Shree Sidhbali Steels Private Limited (Unit-2),UTTAR PRADESH,M/S SHREE SIDHBALI STEELS PVT. LTD. (UNIT-2),SEIAA,"DELISTED BY SYSTEM
(at : 01/06/2026)",UTTAR PRADESH,3(a) Metallurgical Industries (ferrous and non ferrous)
5,SIA/UP/IND1/554447/2025,"Clearance Type: Application for ToR (Category A, B1, and B2 Violation)/EC (Category B2) - Form 1
S/W No.: SW/262457/2025
Category: B1
Sector: Industrial Projects - 1
Date of Submission:
18/10/2025",Modification in Induction Furnace from 15 ton to 20 ton for Existing Production Capacity 118800 Ton/annum,UTTAR PRADESH,M/S SHREE SIDHBALI STEELS PVT. LTD. (UNIT-2),SEIAA,Proposal returned in present form,UTTAR PRADESH,3(a) Metallurgical Industries (ferrous and non ferrous)
6,SIA/UP/IND1/551276/2025,"Clearance Type: Application for EC (Category A, B1, and B2 Violation)- Form 1
S/W No.: SW/205378/2024
Category: B1
Sector: Industrial Projects - 1
Date of Submission:
11/09/2025","Terms of Reference application for the Environmental Clearance for the expansion of existing production capacity of MS ingot/MS Billet from 600 TPD to 1200 TPD and TMT Bar/MS Bar/Angle/Channel/Wire Rod/Girder from 600 TPD to 1667 TPD through Induction Furnace, Reheating Furnace & CCM at 7th K.M. Meerut Road, Muzaffarnagar-251003 by M/s Amba Shakti Steels Limited.",UTTAR PRADESH,AMBA SHAKTI STEELS LIMITED,SEIAA,EC Granted,UTTAR PRADESH,3(a) Metallurgical Industries (ferrous and non ferrous)
7,SIA/UP/IND1/541001/2025,"Clearance Type: Application for EC (Category A, B1, and B2 Violation)- Form 1
S/W No.: SW/232888/2025
Category: B1
Sector: Industrial Projects - 1
Date of Submission:
08/09/2025","Expansion of Existing Rolling Mill from 297000 TPA to 431000 TPA TMT Bar, 431000 TPA MS Billet through Induction Furnace using MS Scrap, Sponge Iron ( Raw Material) by M/s Aman Rolling Mills Pvt. Ltd, at Khasra No. 767, 768/1,768/2,769 & 770 Village Sandhawali, Tehsil & District -Muzaffarnagar, Uttar Pradesh",UTTAR PRADESH,M/S AMAN ROLLING MILLS PVT. LTD.,SEIAA,EC Granted,UTTAR PRADESH,3(a) Metallurgical Industries (ferrous and non ferrous)
8,SIA/UP/IND1/535370/2025,"Clearance Type: Application for ToR (Category A, B1, and B2 Violation)/EC (Category B2) - Form 1
S/W No.: SW/245161/2025
Category: B1
Sector: Industrial Projects - 1
Date of Submission:
02/05/2025","Proposed Steel Melting Shop (Induction Furnace 4X30 Ton, LRF and CCM) and TMT Bar (3,45,708 TPA)",UTTAR PRADESH,S.R. concast private limited,SEIAA,ToR Granted,UTTAR PRADESH,3(a) Metallurgical Industries (ferrous and non ferrous)
9,SIA/UP/IND1/527932/2025,"Clearance Type: Application for Amendment in EC- Form-4
S/W No.: SW/104823/2022
Category: B1
Sector: Industrial Projects - 1
Date of Submission:
07/03/2025","production of TMT Bars 165000 MT/Year through rolling mill (CCM) and MS Billets 140000 MT/Year through induction furnace located at Khasra No 288 and 290, Village – Bhandoora, Jolly Road, District - Muzaffarnagar – 251001, Uttar Pradesh of M/s Swarup Steel Industries Private Limited",UTTAR PRADESH,SWARUP STEEL INDUSTRIES PRIVATE LIMITED,SEIAA,EC Granted,UTTAR PRADESH,3(a) Metallurgical Industries (ferrous and non ferrous)
10,SIA/UP/IND1/521444/2025,"Clearance Type: Application for ToR (Category A, B1, and B2 Violation)/EC (Category B2) - Form 1
S/W No.: SW/232888/2025
Category: B1
Sector: Industrial Projects - 1
Date of Submission:
03/02/2025","Expansion of Existing Rolling Mill from 297000 TPA to 431000 TPA TMT Bar, 431000 TPA MS Billet through Induction Furnace using MS Scrap, Sponge Iron ( Raw Material) by M/s Aman Rolling Mills Pvt. Ltd, at Khasra No. 767, 768/1,768/2,769 & 770 Village Sandhawali, Tehsil & District -Muzaffarnagar, Uttar Pradesh",UTTAR PRADESH,M/S AMAN ROLLING MILLS PVT. LTD.,SEIAA,ToR Granted,UTTAR PRADESH,3(a) Metallurgical Industries (ferrous and non ferrous)
11,SIA/UP/IND1/502425/2024,"Clearance Type: Application for EC (Category A, B1, and B2 Violation)- Form 1
S/W No.: SW/127652/2023
Category: B1
Sector: Industrial Projects - 1
Date of Submission:
23/10/2024","Terms of Reference application for expansion of existing unit from 96mt/day to 400mt/day Billets and TMT Bars from 300 mt/day to 500 mt/day through Electrical/ Induction Furnace and 190MT/day production of sponge iron along with 4MW captive power plant at Village – Dhauhan, Tehsil Chunar, District – Mirzapur, Pin – 231304, Uttar Pradesh by M/s Maamahamaya Ispat and Alloys Private Limited",UTTAR PRADESH,BHUPENDRA AGRAWAL,SEIAA,EC Granted,UTTAR PRADESH,3(a) Metallurgical Industries (ferrous and non ferrous)
12,SIA/UP/IND1/501352/2024,"Clearance Type: Application for ToR (Category A, B1, and B2 Violation)/EC (Category B2) - Form 1
S/W No.: SW/212011/2024
Category: B2
Sector: Industrial Projects - 1
Date of Submission:
19/10/2024","proposed Expansion of Existing Rolling Mill from 62500 MTPA to 178500 MTPA Rebars & Wire rods through Rolling Mill & Pickling (Raw Material Blooms), at A-1 South of GT Road Industrial Area, Ghaziabad-201009 by M/s JSL Super Steel Limited.",UTTAR PRADESH,SHRINIWAS PREMCHAND DASARI,SEIAA,EC Granted,UTTAR PRADESH,3(a) Metallurgical Industries (ferrous and non ferrous)
13,SIA/UP/IND1/495979/2024,"Clearance Type: Application for EC (Category A, B1, and B2 Violation)- Form 1
S/W No.: SW/136986/2023
Category: B1
Sector: Industrial Projects - 1
Date of Submission:
10/09/2024","Proposed expansion of existing Rolling Mill (Steel Rolled Bars with Structural Mill) from 1,26,200 MT/Annum to 3,91,200 MT/Annum through Reheating Furnace and direct hot charging of Steel Billets along with proposed manufacturing of Steel Billet with capacity of 4,22,400 MT/Annum through (2) two Induction Furnaces located at Magarwara, District – Unnao, Uttar Pradesh by M/s RHL Profiles Limited",UTTAR PRADESH,RHL PROFILES LIMITED,SEIAA,EC Granted,UTTAR PRADESH,3(a) Metallurgical Industries (ferrous and non ferrous)
14,SIA/UP/IND1/495064/2024,"Clearance Type: Application for ToR (Category A, B1, and B2 Violation)/EC (Category B2) - Form 1
S/W No.: SW/205378/2024
Category: B1
Sector: Industrial Projects - 1
Date of Submission:
02/09/2024","Terms of Reference application for the Environmental Clearance for the expansion of existing production capacity of MS ingot/MS Billet from 600 TPD to 1200 TPD and TMT Bar/MS Bar/Angle/Channel/Wire Rod/Girder from 600 TPD to 1667 TPD through Induction Furnace, Reheating Furnace & CCM at 7th K.M. Meerut Road, Muzaffarnagar-251003 by M/s Amba Shakti Steels Limited.",UTTAR PRADESH,AMBA SHAKTI STEELS LIMITED,SEIAA,Standard ToR Granted,UTTAR PRADESH,3(a) Metallurgical Industries (ferrous and non ferrous)
15,SIA/UP/IND1/487579/2024,"Clearance Type: Application for ToR (Category A, B1, and B2 Violation)/EC (Category B2) - Form 1
S/W No.: SW/196896/2024
Category: B2
Sector: Industrial Projects - 1
Date of Submission:
13/07/2024",Production from 90 MTD Billet (27000 MTPA) (Existing) to 350 MTD TMT Bars/ Channels (105000 MTPA)(Through CCM) by M.S.Q Steel Private Limited.,UTTAR PRADESH,MSQ STEEL PRIVATE LIMITED,SEIAA,EC Granted,UTTAR PRADESH,3(a) Metallurgical Industries (ferrous and non ferrous)
16,SIA/UP/IND1/486009/2024,"Clearance Type: Application for ToR (Category A, B1, and B2 Violation)/EC (Category B2) - Form 1
S/W No.: SW/195669/2024
Category: B1
Sector: Industrial Projects - 1
Date of Submission:
05/07/2024",Production from 90 MTD Billet (27000 MTPA) (Existing) to 350 MTD TMT Bars/ Channels (105000 MTPA)(Through CCM) by M.S.Q Steel Private Limited,UTTAR PRADESH,MSQ STEEL PRIVATE LIMITED,SEIAA,Under Verification,UTTAR PRADESH,3(a) Metallurgical Industries (ferrous and non ferrous)
17,SIA/UP/IND1/478537/2024,"Clearance Type: Application for EC (Category A, B1, and B2 Violation)- Form 1
S/W No.: SW/140492/2023
Category: B1
Sector: Industrial Projects - 1
Date of Submission:
03/06/2024","Environmental clearance of proposed expansion of existing Rolling Mill for the production of Rolled products viz. Steel Bar/ TMT/ Wire Rod etc. from 2,00,000 MT/annum to 2,50,000 MT/annum through Reheating Furnace route along with downstream value added products including, annealing, pickling, bright bars, wires etc located at Plot No. A-3, South of G.T. Road Industrial Area, Ghaziabad, Uttar Pradesh by M/s Rathi Steel and Power Limited",UTTAR PRADESH,RATHI STEEL AND POWER LIMITED,SEIAA,"DELISTED BY SYSTEM
(at : 08/11/2024)",UTTAR PRADESH,3(a) Metallurgical Industries (ferrous and non ferrous)
18,SIA/UP/IND1/469075/2024,"Clearance Type: Application for ToR (Category A, B1, and B2 Violation)/EC (Category B2) - Form 1
S/W No.: SW/176896/2024
Category: B1
Sector: Industrial Projects - 1
Date of Submission:
29/04/2024",Production from 90 MTD Billet (27000 MTPA) (Existing) to 350 MTD TMT Bars/Channels (105000 MTPA) (Through CCM) by M/s M.S.Q Steel Private Limited,UTTAR PRADESH,MSQ STEEL PRIVATE LIMITED,SEIAA,Standard ToR Granted,UTTAR PRADESH,3(a) Metallurgical Industries (ferrous and non ferrous)
19,SIA/UP/IND1/465852/2024,"Clearance Type: Application for EC (Category A, B1, and B2 Violation)- Form 1
S/W No.: SW/174645/2024
Category: B1
Sector: Industrial Projects - 1
Date of Submission:
13/03/2024","M/s Sudhesh Industries Pvt. Ltd. at Gata Nos. 67kha, 65, 92, 93, 94, 88, 91, 95, 107, 108, 109, 110, 111, 112, 113, 193ka, 191mi, 200ka, 103, 102, 67ka, 68, 74, 75, 78, 79, 81, 82, 80, 87, 64, 66, 67ga, 96, 67ma, 69, 72, 70, 71, 73, 128, 129, 86, 99, 77, 83, 84, 85, 90, 218mi in Village Godni Basahi, Bahraich, U.P. - 271801",UTTAR PRADESH,SANJAY JAIN,SEIAA,EC Granted,UTTAR PRADESH,3(a) Metallurgical Industries (ferrous and non ferrous)
20,SIA/UP/IND1/465722/2024,"Clearance Type: Application for ToR (Category A, B1, and B2 Violation)/EC (Category B2) - Form 1
S/W No.: SW/174645/2024
Category: B1
Sector: Industrial Projects - 1
Date of Submission:
12/03/2024","M/s Sudhesh Industries Pvt. Ltd. at Gata Nos. 67kha, 65, 92, 93, 94, 88, 91, 95, 107, 108, 109, 110, 111, 112, 113, 193ka, 191mi, 200ka, 103, 102, 67ka, 68, 74, 75, 78, 79, 81, 82, 80, 87, 64, 66, 67ga, 96, 67ma, 69, 72, 70, 71, 73, 128, 129, 86, 99, 77, 83, 84, 85, 90, 218mi in Village Godni Basahi, Bahraich, U.P. - 271801",UTTAR PRADESH,SANJAY JAIN,SEIAA,"DELISTED BY SYSTEM
(at : 30/10/2024)",UTTAR PRADESH,3(a) Metallurgical Industries (ferrous and non ferrous)
21,SIA/UP/IND1/461027/2024,"Clearance Type: Application for EC (Category A, B1, and B2 Violation)- Form 1
S/W No.: SW/107382/2022
Category: B1
Sector: Industrial Projects - 1
Date of Submission:
06/02/2024","Environmental Clearance for the expansion of existing production capacity of TMT Bar/MS Bar from 54000 MTA to 110000 MTA through continuous casting machine (CCM) and installation of two induction furnace of capacity 15 MT each for manufacturing of M.S Billets/M.S. Ingot having installed capacity 118800 MTA at Village Salarpur, Tehsil - Jansath, District - Muzaffarnagar – 251314 by M/s Swarup Rolling Mills Limited.",UTTAR PRADESH,SWARUP ROLLING MILLS LIMITED,SEIAA,EC Granted,UTTAR PRADESH,3(a) Metallurgical Industries (ferrous and non ferrous)
22,SIA/UP/IND1/459606/2024,"Clearance Type: Application for EC (Category A, B1, and B2 Violation)- Form 1
S/W No.: SW/112107/2022
Category: B1
Sector: Industrial Projects - 1
Date of Submission:
24/01/2024","proposed expansion from Steel Billets/Ingot - 23100 TPA to 69300 TPA, TMT/Round/Bars/Sections & Long Products - 82500 TPA to 99000 TPA at Plot No - D - 19, D - 20, D - 21, D - 32, D - 33 & D – 34, UPSIDC, Industrial Area Phase II, Amawan Road, Raebareli (U.P.).",UTTAR PRADESH,HOIN MAL SONS ENTERPRISES PRIVATE LIMITED,SEIAA,EC Granted,UTTAR PRADESH,3(a) Metallurgical Industries (ferrous and non ferrous)
23,SIA/UP/IND1/409215/2022,"Clearance Type: Application for ToR (Category A, B1, and B2 Violation)/EC (Category B2) - Form 1
S/W No.: SW/110385/2022
Category: B1
Sector: Industrial Projects - 1
Date of Submission:
23/11/2023","M/S Prakash Projects Pvt. Ltd, KHASRA Nos. 225 & 226, Masota Road Lakhan, Pilkhuwa, Hapur, U.P.",UTTAR PRADESH,PRAKASH PROJECTS PVT LTD,SEIAA,TOR Granted,UTTAR PRADESH,3(a) Metallurgical Industries (ferrous and non ferrous)
24,SIA/UP/IND1/409635/2022,"Clearance Type: Application for ToR (Category A, B1, and B2 Violation)/EC (Category B2) - Form 1
S/W No.: SW/107449/2022
Category: B1
Sector: Industrial Projects - 1
Date of Submission:
23/11/2023","environmental clearance of expansion of existing Rolling Mill for the production of TMT Bars from 63000 MT/Year to 99000 MT/Year and existing 24000 MT/Year Ingots production through induction furnace route located at 7th km Bhopa Road, Village - Mustafabad, Muzaffarnagar - 251001 of M/s RSW Steel Private Limited.",UTTAR PRADESH,RSW STEEL PRIVATE LIMITED,SEIAA,TOR GRANTED,UTTAR PRADESH,3(a) Metallurgical Industries (ferrous and non ferrous)
25,SIA/UP/IND1/410763/2022,"Clearance Type: Application for ToR (Category A, B1, and B2 Violation)/EC (Category B2) - Form 1
S/W No.: SW/111806/2022
Category: B1
Sector: Industrial Projects - 1
Date of Submission:
23/11/2023","Expansion of existing production capacity of MS ingot/MS Billet from 90720 MTPA to 180000 MTPA and TMT Bar/MS Bar from 98000 MTPA to 180000 MTPA through induction furnace & CCM at 7th K.M. Meerut Road, Muzaffarnagar-251003 by M/s Amba Shakti Steels Limited.",UTTAR PRADESH,AMBA SHAKTI STEELS LIMITED,SEIAA,TOR GRANTED,UTTAR PRADESH,3(a) Metallurgical Industries (ferrous and non ferrous)
26,SIA/UP/IND1/411139/2022,"Clearance Type: Application for ToR (Category A, B1, and B2 Violation)/EC (Category B2) - Form 1
S/W No.: SW/112107/2022
Category: B1
Sector: Industrial Projects - 1
Date of Submission:
23/11/2023","proposed expansion from Steel Billets/Ingot - 23100 TPA to 69300 TPA, TMT/Round/Bars/Sections & Long Products - 82500 TPA to 99000 TPA at Plot No - D - 19, D - 20, D - 21, D - 32, D - 33 & D – 34, UPSIDC, Industrial Area Phase II, Amawan Road, Raebareli (U.P.).",UTTAR PRADESH,HOIN MAL SONS ENTERPRISES PRIVATE LIMITED,SEIAA,TOR GRANTED,UTTAR PRADESH,3(a) Metallurgical Industries (ferrous and non ferrous)
27,SIA/UP/IND1/413269/2023,"Clearance Type: Application for ToR (Category A, B1, and B2 Violation)/EC (Category B2) - Form 1
S/W No.: SW/114319/2023
Category: B1
Sector: Industrial Projects - 1
Date of Submission:
23/11/2023","Expansion of Production Capacity of M.S. Billets and TMT& Structural Steel unitlocated at Opp. 66 KVA Power House, Meerut Road Industrial Area, Muzaffarnagar Distt. Muzaffarnagar (U.P.) by M/s Tehri Iron & Steel Casting Limited",UTTAR PRADESH,TEHRI IRON AND STEEL CASTING LIMITED,SEIAA,TOR GRANTED,UTTAR PRADESH,3(a) Metallurgical Industries (ferrous and non ferrous)
28,SIA/UP/IND1/450705/2023,"Clearance Type: Application for EC (Category A, B1, and B2 Violation)- Form 1
S/W No.: SW/110385/2022
Category: B1
Sector: Industrial Projects - 1
Date of Submission:
02/11/2023","M/S Prakash Projects Pvt. Ltd, KHASRA Nos. 225 & 226, Masota Road Lakhan, Pilkhuwa, Hapur, U.P.",UTTAR PRADESH,PRAKASH PROJECTS PVT LTD,SEIAA,EC Granted,UTTAR PRADESH,3(a) Metallurgical Industries (ferrous and non ferrous)
29,SIA/UP/IND1/447357/2023,"Clearance Type: Application for EC (Category A, B1, and B2 Violation)- Form 1
S/W No.: SW/104823/2022
Category: B1
Sector: Industrial Projects - 1
Date of Submission:
25/10/2023","production of TMT Bars 165000 MT/Year through rolling mill (CCM) and MS Billets 140000 MT/Year through induction furnace located at Khasra No 288 and 290, Village – Bhandoora, Jolly Road, District - Muzaffarnagar – 251001, Uttar Pradesh of M/s Swarup Steel Industries Private Limited",UTTAR PRADESH,SWARUP STEEL INDUSTRIES PRIVATE LIMITED,SEIAA,EC Granted,UTTAR PRADESH,3(a) Metallurgical Industries (ferrous and non ferrous)
30,SIA/UP/IND1/447654/2023,"Clearance Type: Application for EC (Category A, B1, and B2 Violation)- Form 1
S/W No.: SW/107477/2022
Category: B1
Sector: Industrial Projects - 1
Date of Submission:
10/10/2023",Expansion of Existing Rolling Mill of 100000 MTPA TMT Bar to Production of 200000 MTPA TMT Bar and 264000 MTPA Billets/Ingot/Rolling Mill,UTTAR PRADESH,K L RATHI STEELS LTD,SEIAA,EC Granted,UTTAR PRADESH,3(a) Metallurgical Industries (ferrous and non ferrous)
31,SIA/UP/IND1/445319/2023,"Clearance Type: Application for EC (Category A, B1, and B2 Violation)- Form 1
S/W No.: SW/111806/2022
Category: B1
Sector: Industrial Projects - 1
Date of Submission:
22/09/2023","Expansion of existing production capacity of MS ingot/MS Billet from 90720 MTPA to 180000 MTPA and TMT Bar/MS Bar from 98000 MTPA to 180000 MTPA through induction furnace & CCM at 7th K.M. Meerut Road, Muzaffarnagar-251003 by M/s Amba Shakti Steels Limited.",UTTAR PRADESH,AMBA SHAKTI STEELS LIMITED,SEIAA,EC Granted,UTTAR PRADESH,3(a) Metallurgical Industries (ferrous and non ferrous)
32,SIA/UP/IND1/445278/2023,"Clearance Type: Application for EC (Category A, B1, and B2 Violation)- Form 1
S/W No.: SW/106438/2022
Category: B1
Sector: Industrial Projects - 1
Date of Submission:
22/09/2023","Environmental clearance of expansion of existing Rolling Mill for the production of TMT round & bars from 34800 MT/Year to 1,02,960 MT/Year through induction furnace route and (CCM) located at Opposite 66 kVA Power station, Merrut road, Muzaffarnagar-251003 of M/s Bharat Steel Rolling Mills (Unit-1)",UTTAR PRADESH,BHARATSTEEL ROLLING MILLS,SEIAA,EC Granted,UTTAR PRADESH,3(a) Metallurgical Industries (ferrous and non ferrous)
33,SIA/UP/IND1/443191/2023,"Clearance Type: Application for EC (Category A, B1, and B2 Violation)- Form 1
S/W No.: SW/142534/2023
Category: B1
Sector: Industrial Projects - 1
Date of Submission:
06/09/2023","Expansion of existing unit from 70mt/day to 280mt/day having production of 89,600 MTA Billets through Electrical/ Induction Furnace at Khasra No. 140, 141, 144/240, 144/241, 144me, 189 Village – Dumduma, Tehsil Chunar, District – Mirzapur, Pin – 231304, Uttar Pradesh by M/s Maa Mahamaya Alloys Private Limited",UTTAR PRADESH,MAA MAHAMAYA ALLOYS PRIVATE LIMITED,SEIAA,EC Granted,UTTAR PRADESH,3(a) Metallurgical Industries (ferrous and non ferrous)
34,SIA/UP/IND1/440912/2023,"Clearance Type: Application for ToR (Category A, B1, and B2 Violation)/EC (Category B2) - Form 1
S/W No.: SW/140492/2023
Category: B1
Sector: Industrial Projects - 1
Date of Submission:
19/08/2023","Environmental clearance of proposed expansion of existing Rolling Mill for the production of Rolled products viz. Steel Bar/ TMT/ Wire Rod etc. from 2,00,000 MT/annum to 2,50,000 MT/annum through Reheating Furnace route along with downstream value added products including, annealing, pickling, bright bars, wires etc located at Plot No. A-3, South of G.T. Road Industrial Area, Ghaziabad, Uttar Pradesh by M/s Rathi Steel and Power Limited",UTTAR PRADESH,RATHI STEEL AND POWER LIMITED,SEIAA,TOR GRANTED,UTTAR PRADESH,3(a) Metallurgical Industries (ferrous and non ferrous)
35,SIA/UP/IND1/440389/2023,"Clearance Type: Application for ToR (Category A, B1, and B2 Violation)/EC (Category B2) - Form 1
S/W No.: SW/139989/2023
Category: B1
Sector: Industrial Projects - 1
Date of Submission:
15/08/2023","Expansion from present production capacity of 27,000 M.T. P.A to 88,000 M.T.P.A. for 1,15,00 TPA Ingot and 1,10,000 TPA TMT - M/s Nawla Ispat Private Limited, at Opp. Power House, Meerut Road, Sardhana, U.P. - 250342",UTTAR PRADESH,NAWLA ISPAT PRIVATE LIMITED,SEIAA,TOR Granted,UTTAR PRADESH,3(a) Metallurgical Industries (ferrous and non ferrous)
36,SIA/UP/IND1/439707/2023,"Clearance Type: Application for ToR (Category A, B1, and B2 Violation)/EC (Category B2) - Form 1
S/W No.: SW/136986/2023
Category: B1
Sector: Industrial Projects - 1
Date of Submission:
08/08/2023","Proposed expansion of existing Rolling Mill (Steel Rolled Bars with Structural Mill) from 1,26,200 MT/Annum to 3,91,200 MT/Annum through Reheating Furnace and direct hot charging of Steel Billets along with proposed manufacturing of Steel Billet with capacity of 4,22,400 MT/Annum through (2) two Induction Furnaces located at Magarwara, District – Unnao, Uttar Pradesh by M/s RHL Profiles Limited",UTTAR PRADESH,RHL PROFILES LIMITED,SEIAA,EDS raised,UTTAR PRADESH,3(a) Metallurgical Industries (ferrous and non ferrous)
37,SIA/UP/IND1/434137/2023,"Clearance Type: Application for EC (Category A, B1, and B2 Violation)- Form 1
S/W No.: SW/133616/2023
Category: B1
Sector: Industrial Projects - 1
Date of Submission:
22/06/2023",Modernisation of Existing Rolling Mill of capacity 240000 MTPA (Metric Tons per Annum) and Setting up of 237600 MTPA MS Billet Plant through Induction Furnace Route & CCM” located at Plot E & C-133-152 Masuri Gulawati Road UPSIDC Industrial Area PO Udayamrampur Nagla District Hapur-201015 of M/s Shri Rathi Steel Limited,UTTAR PRADESH,SHRI RATHI STEEL LIMITED,SEIAA,EC Granted,UTTAR PRADESH,3(a) Metallurgical Industries (ferrous and non ferrous)
38,SIA/UP/IND1/428490/2023,"Clearance Type: Application for ToR (Category A, B1, and B2 Violation)/EC (Category B2) - Form 1
S/W No.: SW/128390/2023
Category: B1
Sector: Industrial Projects - 1
Date of Submission:
13/05/2023","Environmental Clearance for Regularization of the existing project of Rolling Mill having capacity of M.S Strip, M.S Flat, M.S Pipe -36000 TPA At Plot No. A-5/1, Amausi Industrial Area, Nadarganj, Lucknow, Uttar Pradesh- 226001 by M/s Four ESS Steel Products Private Limited",UTTAR PRADESH,FOUR ESS STEEL PRODUCTS PRIVATE LIMITED,SEIAA,TOR Granted,UTTAR PRADESH,3(a) Metallurgical Industries (ferrous and non ferrous)
39,SIA/UP/IND1/428147/2023,"Clearance Type: Application for EC (Category A, B1, and B2 Violation)- Form 1
S/W No.: SW/124090/2023
Category: B1
Sector: Industrial Projects - 1
Date of Submission:
05/05/2023","Regularization of existing unit having production of 2,37,600 MTA Milled Steel Products as Sariya, Gatar and Ingal through Rolling mill at Khasra No. 142, 143, 144/240, 144/241, 144me, 145, 168, 169 Village – Dumduma, Tehsil Chunar, District – Mirzapur, Pin – 231304, Uttar Pradesh by M/s Maa Mahamaya Alloys Private Limited (Unit-2)",UTTAR PRADESH,BHUPENDRA AGRAWAL,SEIAA,EC Granted,UTTAR PRADESH,3(a) Metallurgical Industries (ferrous and non ferrous)
40,SIA/UP/IND1/427763/2023,"Clearance Type: Application for ToR (Category A, B1, and B2 Violation)/EC (Category B2) - Form 1
S/W No.: SW/127652/2023
Category: B1
Sector: Industrial Projects - 1
Date of Submission:
02/05/2023","Terms of Reference application for expansion of existing unit from 96mt/day to 400mt/day Billets and TMT Bars from 300 mt/day to 500 mt/day through Electrical/ Induction Furnace and 190MT/day production of sponge iron along with 4MW captive power plant at Village – Dhauhan, Tehsil Chunar, District – Mirzapur, Pin – 231304, Uttar Pradesh by M/s Maamahamaya Ispat and Alloys Private Limited",UTTAR PRADESH,BHUPENDRA AGRAWAL,SEIAA,TOR GRANTED,UTTAR PRADESH,3(a) Metallurgical Industries (ferrous and non ferrous)
41,SIA/UP/IND1/423902/2023,"Clearance Type: Application for ToR (Category A, B1, and B2 Violation)/EC (Category B2) - Form 1
S/W No.: SW/124090/2023
Category: B1
Sector: Industrial Projects - 1
Date of Submission:
29/03/2023","Regularization of existing unit having production of 2,37,600 MTA Milled Steel Products as Sariya, Gatar and Ingal through Rolling mill at Khasra No. 142, 143, 144/240, 144/241, 144me, 145, 168, 169 Village – Dumduma, Tehsil Chunar, District – Mirzapur, Pin – 231304, Uttar Pradesh by M/s Maa Mahamaya Alloys Private Limited (Unit-2)",UTTAR PRADESH,BHUPENDRA AGRAWAL,SEIAA,TOR GRANTED,UTTAR PRADESH,3(a) Metallurgical Industries (ferrous and non ferrous)
42,SIA/UP/IND1/419966/2023,"Clearance Type: Application for EC (Category A, B1, and B2 Violation)- Form 1
S/W No.: SW/117598/2023
Category: B1
Sector: Industrial Projects - 1
Date of Submission:
03/03/2023","Environmental Clearance of proposed production of 2,28,000 MTA Milled Steel Product as MS Strip, MS Beam, MS Angle, MS Channel & Pipes through rolling mill at Plot No. - 139mi, 142, 145 & 146, Village – Dumduma, Tehsil Chunar, District – Mirzapur, Pin – 231304, Uttar Pradesh by M/s MaaMahamaya Ispat & Alloys Private Limited.",UTTAR PRADESH,BHUPENDRA AGRAWAL,SEIAA,EC Granted,UTTAR PRADESH,3(a) Metallurgical Industries (ferrous and non ferrous)
43,SIA/UP/IND1/413503/2023,"Clearance Type: Application for ToR (Category A, B1, and B2 Violation)/EC (Category B2) - Form 1
S/W No.: SW/114567/2023
Category: B1
Sector: Industrial Projects - 1
Date of Submission:
14/02/2023",Manufacturing of TMT Bar by Sri Jaibalaji Steel Rolling Mills Pvt Ltd.,UTTAR PRADESH,SRI JAIBALAJI STEEL ROLLING MILLS PRIVATE LIMITED,SEIAA,TOR GRANTED,UTTAR PRADESH,3(a) Metallurgical Industries (ferrous and non ferrous)
44,SIA/UP/IND1/408717/2022,"Clearance Type: Application for EC (Category A, B1, and B2 Violation)- Form 1
S/W No.: SW/109765/2022
Category: B1
Sector: Industrial Projects - 1
Date of Submission:
01/12/2022",Proposed Expansion of Production of 28800 MTPA TMT Bars to 99000 MTPA TMT Bars Ingot & Billets through Induction Furnace Route by M/s Aman Rolling Mills Pvt. Ltd.,UTTAR PRADESH,M/S AMAN ROLLING MILLS PVT. LTD.,SEIAA,EC Granted,UTTAR PRADESH,3(a) Metallurgical Industries (ferrous and non ferrous)
45,SIA/UP/IND1/408455/2022,"Clearance Type: Application for ToR (Category A, B1, and B2 Violation)/EC (Category B2) - Form 1
S/W No.: SW/109605/2022
Category: B1
Sector: Industrial Projects - 1
Date of Submission:
30/11/2022","Expansion from Steel Billets/Bloom - 30000 TPA to 250000 TPA, TMT/Round/Bars - 120000 TPA to 150000 TPA and Flat / Patra Coil – 100000 TPA at village- Malesiya, Tehsil- Dhanaura, District- Amroha (Uttar Pradesh) by M/s Wave Industries Private Limited",UTTAR PRADESH,WAVE INDUSTRIES PRIVATE LIMITED,SEIAA,TOR GRANTED,UTTAR PRADESH,3(a) Metallurgical Industries (ferrous and non ferrous)
46,SIA/UP/IND1/406102/2022,"Clearance Type: Application for ToR (Category A, B1, and B2 Violation)/EC (Category B2) - Form 1
S/W No.: SW/107477/2022
Category: B1
Sector: Industrial Projects - 1
Date of Submission:
17/11/2022",Expansion of Existing Rolling Mill of 100000 MTPA TMT Bar to Production of 200000 MTPA TMT Bar and 264000 MTPA Billets/Ingot/Rolling Mill,UTTAR PRADESH,K L RATHI STEELS LTD,SEIAA,TOR Granted,UTTAR PRADESH,3(a) Metallurgical Industries (ferrous and non ferrous)
47,SIA/UP/IND1/405956/2022,"Clearance Type: Application for ToR (Category A, B1, and B2 Violation)/EC (Category B2) - Form 1
S/W No.: SW/107382/2022
Category: B1
Sector: Industrial Projects - 1
Date of Submission:
10/11/2022","Environmental Clearance for the expansion of existing production capacity of TMT Bar/MS Bar from 54000 MTA to 110000 MTA through continuous casting machine (CCM) and installation of two induction furnace of capacity 15 MT each for manufacturing of M.S Billets/M.S. Ingot having installed capacity 118800 MTA at Village Salarpur, Tehsil - Jansath, District - Muzaffarnagar – 251314 by M/s Swarup Rolling Mills Limited.",UTTAR PRADESH,SWARUP ROLLING MILLS LIMITED,SEIAA,TOR Granted,UTTAR PRADESH,3(a) Metallurgical Industries (ferrous and non ferrous)
48,SIA/UP/IND1/404969/2022,"Clearance Type: Application for ToR (Category A, B1, and B2 Violation)/EC (Category B2) - Form 1
S/W No.: SW/106438/2022
Category: B1
Sector: Industrial Projects - 1
Date of Submission:
03/11/2022","Environmental clearance of expansion of existing Rolling Mill for the production of TMT round & bars from 34800 MT/Year to 1,02,960 MT/Year through induction furnace route and (CCM) located at Opposite 66 kVA Power station, Merrut road, Muzaffarnagar-251003 of M/s Bharat Steel Rolling Mills (Unit-1)",UTTAR PRADESH,BHARATSTEEL ROLLING MILLS,SEIAA,TOR GRANTED,UTTAR PRADESH,3(a) Metallurgical Industries (ferrous and non ferrous)
49,SIA/UP/IND1/403268/2022,"Clearance Type: Application for ToR (Category A, B1, and B2 Violation)/EC (Category B2) - Form 1
S/W No.: SW/104823/2022
Category: B1
Sector: Industrial Projects - 1
Date of Submission:
17/10/2022","production of TMT Bars 165000 MT/Year through rolling mill (CCM) and MS Billets 140000 MT/Year through induction furnace located at Khasra No 288 and 290, Village – Bhandoora, Jolly Road, District - Muzaffarnagar – 251001, Uttar Pradesh of M/s Swarup Steel Industries Private Limited",UTTAR PRADESH,SWARUP STEEL INDUSTRIES PRIVATE LIMITED,SEIAA,TOR GRANTED,UTTAR PRADESH,3(a) Metallurgical Industries (ferrous and non ferrous)
50,SIA/UP/IND1/402846/2022,"Clearance Type: Application for EC (Category A, B1, and B2 Violation)- Form 1
S/W No.: SW/102453/2022
Category: B1
Sector: Industrial Projects - 1
Date of Submission:
11/10/2022","Environmental Clearance of proposed production of 3,75,000 TPA Steel Billets and 3,75,000 TPA TMT Bars, Sections and Strips through Induction Furnace at Village - Dharampur, Tehsil - Khair, District - Aligarh, U.P. of M/s Raadha Rukmani Steels Private Limited",UTTAR PRADESH,RAADHA RUKMANI STEELS PRIVATE LIMITED,SEIAA,EC Granted,UTTAR PRADESH,3(a) Metallurgical Industries (ferrous and non ferrous)
1,SIA/UP/IND1/583703/2026,"Clearance Type: Application for ToR (Category A, B1, and B2 Violation)/EC (Category B2) - Form 1
S/W No.: SW/288146/2026
Category: B1
Sector: Industrial Projects - 1
Date of Submission:
30/06/2026","Proposed Standalone Cement Grinding unit with Cement Production Capacity of 2 x 3.0 Million TPA (6.0 Million TPA) along with DG Set (2 X 1250KVA) and Hot Air Generator (HAG) at Village - Harpur, Block - Uruwa, Tehsil - Gola (Dhuriyapar Industrial Area, Sector - S-5), District Gorakhpur, Uttar Pradesh by Ambuja Concrete North Private Limited (ACNPL)",UTTAR PRADESH,AMBUJA CONCRETE NORTH PRIVATE LIMITED,SEIAA,Under Examination,UTTAR PRADESH,3(b) Cement plants
2,SIA/UP/IND1/575319/2026,"Clearance Type: Application for EC (Category A, B1, and B2 Violation)- Form 1
S/W No.: SW/246952/2025
Category: B1
Sector: Industrial Projects - 1
Date of Submission:
13/04/2026","Proposed Standalone Grinding Unit with Cement Production Capacity of 3.0 Million TPA (2 x 1.5 Million TPA) along with installation of DG Sets of capacity 1500 kVA (2 x 750 kVA) in phased manner at Village: Lohgara, Tehsil: Bara & District: Prayagraj, Uttar Pradesh by M/s. JK Lakshmi Cement Limited",UTTAR PRADESH,JK LAKSHMI CEMENT LIMITED,SEIAA,Proposal Accepted and Referred to SEAC,UTTAR PRADESH,3(b) Cement plants
3,SIA/UP/IND1/573700/2026,"Clearance Type: Application for EC (Category A, B1, and B2 Violation)- Form 1
S/W No.: SW/258623/2025
Category: B1
Sector: Industrial Projects - 1
Date of Submission:
04/04/2026","Expansion in Cement Production Capacity of Standalone Grinding Unit from 1.3 Million TPA to 4.5 Million TPA (Phase – I: 1.3 to 1.5 Million TPA through process optimization in existing Mill and Phase II: 3.0 Million TPA by Installation of New Mill) at Village Ranauli- Latifpur, Tehsil: Dadri, District: Gautam Budh Nagar (Uttar Pradesh) by M/s. UltraTech Cement Limited (Unit: Dadri Cement Works)",UTTAR PRADESH,UltraTech Cement Limited,SEIAA,EC Granted,UTTAR PRADESH,3(b) Cement plants
4,SIA/UP/IND1/568267/2026,"Clearance Type: Application for ToR (Category A, B1, and B2 Violation)/EC (Category B2) - Form 1
S/W No.: SW/274773/2026
Category: B1
Sector: Industrial Projects - 1
Date of Submission:
06/02/2026","Cement Grinding Unit having 300 TPD (99000 TPA) production capacity at Mauza/village – Devariya Kala, Tehsil and District- Gonda, Uttar Pradesh by M/s JRP Cement Private Limited.",UTTAR PRADESH,JRP Cement Private Limited,SEIAA,ToR Granted,UTTAR PRADESH,3(b) Cement plants
5,SIA/UP/IND1/561440/2025,"Clearance Type: Application for EC (Category A, B1, and B2 Violation)- Form 1
S/W No.: SW/213247/2024
Category: B1
Sector: Industrial Projects - 1
Date of Submission:
19/12/2025",Proposed Project for Cement Grinding Unit for Production of 2.5 MTPA by M/s Kanodia Cem Private Limited,UTTAR PRADESH,KANODIA CEM PRIVATE LIMITED,SEIAA,ADS Raised,UTTAR PRADESH,3(b) Cement plants
6,SIA/UP/IND1/556198/2025,"Clearance Type: Application for ToR (Category A, B1, and B2 Violation)/EC (Category B2) - Form 1
S/W No.: SW/264069/2025
Category: B1
Sector: Industrial Projects - 1
Date of Submission:
27/10/2025","Proposed Cement Grinding Unit having 300 TPD (99000 TPA) production capacity at Village - Chitang, Tehsil- Lalganj, District- Mirzapur, Uttar Pradesh by M/s Jeshan Industries Private Limited",UTTAR PRADESH,Jeshan Industries Private Limited,SEIAA,ToR Granted,UTTAR PRADESH,3(b) Cement plants
7,SIA/UP/IND1/550213/2025,"Clearance Type: Application for ToR (Category A, B1, and B2 Violation)/EC (Category B2) - Form 1
S/W No.: SW/258623/2025
Category: B1
Sector: Industrial Projects - 1
Date of Submission:
03/09/2025","Expansion in Cement Production Capacity of Standalone Grinding Unit from 1.3 Million TPA to 4.5 Million TPA (Phase – I: 1.3 to 1.5 Million TPA through process optimization in existing Mill and Phase II: 3.0 Million TPA by Installation of New Mill) at Village Ranauli- Latifpur, Tehsil: Dadri, District: Gautam Budh Nagar (Uttar Pradesh) by M/s. UltraTech Cement Limited (Unit: Dadri Cement Works)",UTTAR PRADESH,UltraTech Cement Limited,SEIAA,ToR Granted,UTTAR PRADESH,3(b) Cement plants
8,SIA/UP/IND1/537335/2025,"Clearance Type: Application for ToR (Category A, B1, and B2 Violation)/EC (Category B2) - Form 1
S/W No.: SW/246952/2025
Category: B1
Sector: Industrial Projects - 1
Date of Submission:
14/05/2025","Proposed Standalone Grinding Unit with Cement Production Capacity of 3.0 Million TPA (2 x 1.5 Million TPA) along with installation of DG Sets of capacity 1500 kVA (2 x 750 kVA) in phased manner at Village: Lohgara, Tehsil: Bara & District: Prayagraj, Uttar Pradesh by M/s. JK Lakshmi Cement Limited",UTTAR PRADESH,JK LAKSHMI CEMENT LIMITED,SEIAA,ToR Granted,UTTAR PRADESH,3(b) Cement plants
9,SIA/UP/IND1/533591/2025,"Clearance Type: Application for Transfer of EC- Form-7
S/W No.: SW/243573/2025
Category: B1
Sector: Industrial Projects - 1
Date of Submission:
11/04/2025","Transfer of Environmental Clearance for ""Cement Grinding Unit"" at Araji No.-469MI & 470/1, Village-Dhauhan, Pargana-Sakteshgarh, Tehsil-Chunar, District- Mirzapur, U.P. to M/s SSK Cement Industries Private Limited.",UTTAR PRADESH,SSK Cement Industries Private Limited,SEIAA,EC Granted,UTTAR PRADESH,3(b) Cement plants
10,SIA/UP/IND1/480521/2024,"Clearance Type: Application for EC (Category A, B1, and B2 Violation)- Form 1
S/W No.: SW/154654/2023
Category: B1
Sector: Industrial Projects - 1
Date of Submission:
13/01/2025","Proposed Clinker Grinding Unit having production capacity 1.4 Million TPA (Portland Pozzolana Cement (PPC) & Ordinary Portland Cement (OPC)) at Village - Budawa, Pargana - Arail, Tehsil-Bara, District- Prayagraj, Uttar Pradesh.",UTTAR PRADESH,RCCPL PRIVATE LIMITED,SEIAA,EC Granted,UTTAR PRADESH,3(b) Cement plants
11,SIA/UP/IND1/514349/2024,"Clearance Type: Application for Transfer of EC- Form-7
S/W No.: SW/225408/2024
Category: B1
Sector: Industrial Projects - 1
Date of Submission:
31/12/2024",Kanodia Cement Limited Unit-2,UTTAR PRADESH,Kanodia cement Limited,SEIAA,"DELISTED BY SYSTEM
(at : 09/06/2025)",UTTAR PRADESH,3(b) Cement plants
12,SIA/UP/IND1/514466/2024,"Clearance Type: Application for Transfer of EC- Form-7
S/W No.: SW/224985/2024
Category: B1
Sector: Industrial Projects - 1
Date of Submission:
31/12/2024",Kanodia Cement Limited Unit-3,UTTAR PRADESH,Kanodia cement Limited,SEIAA,"DELISTED BY SYSTEM
(at : 28/07/2025)",UTTAR PRADESH,3(b) Cement plants
13,SIA/UP/IND1/514476/2024,"Clearance Type: Application for Transfer of EC- Form-7
S/W No.: SW/225697/2024
Category: B1
Sector: Industrial Projects - 1
Date of Submission:
13/12/2024","Shree Agra Cement Plant (Clinker Grinding Unit, Etah)",UTTAR PRADESH,SHREE CEMENT EAST PRIVATE LIMITED,SEIAA,EC Granted,UTTAR PRADESH,3(b) Cement plants
14,SIA/UP/IND1/502467/2024,"Clearance Type: Application for ToR (Category A, B1, and B2 Violation)/EC (Category B2) - Form 1
S/W No.: SW/213247/2024
Category: B1
Sector: Industrial Projects - 1
Date of Submission:
23/10/2024",Proposed Project for Cement Grinding Unit for Production of 2.5 MTPA by M/s Kanodia Cem Private Limited,UTTAR PRADESH,KANODIA CEM PRIVATE LIMITED,SEIAA,Standard ToR Granted,UTTAR PRADESH,3(b) Cement plants
15,SIA/UP/IND1/498051/2024,"Clearance Type: Application for EC (Category A, B1, and B2 Violation)- Form 1
S/W No.: SW/184915/2024
Category: B1
Sector: Industrial Projects - 1
Date of Submission:
21/10/2024","Proposed Expansion in Cement Production Capacity from 2.0 Million TPA to 3.0 Million TPA by process optimization of Existing Stand - alone Grinding Unit at Village: Ingohta, Pargana- Sumerpur, Tehsil & District: Hamirpur, Uttar Pradesh by M/s. JK Cement Limited.",UTTAR PRADESH,J K CEMENT LIMITED,SEIAA,EC Granted,UTTAR PRADESH,3(b) Cement plants
16,SIA/UP/IND1/490612/2024,"Clearance Type: Application for EC (Category A, B1, and B2 Violation)- Form 1
S/W No.: SW/151722/2023
Category: B1
Sector: Industrial Projects - 1
Date of Submission:
02/08/2024","Proposed Standalone Grinding Unit with Cement Production Capacity of 3.0 Million TPA and D.G. Set 750 KVA at Villages: Kasrak and Salpur Nawadia, Tehsil: Tilhar, District: Shahjahanpur (Uttar Pradesh) by M/s. UltraTech Cement Ltd.",UTTAR PRADESH,M/s. UltraTech Cement Ltd.,SEIAA,EC Granted,UTTAR PRADESH,3(b) Cement plants
17,SIA/UP/IND1/476162/2024,"Clearance Type: Application for ToR (Category A, B1, and B2 Violation)/EC (Category B2) - Form 1
S/W No.: SW/184915/2024
Category: B1
Sector: Industrial Projects - 1
Date of Submission:
28/05/2024","Proposed Expansion in Cement Production Capacity from 2.0 Million TPA to 3.0 Million TPA by process optimization of Existing Stand - alone Grinding Unit at Village: Ingohta, Pargana- Sumerpur, Tehsil & District: Hamirpur, Uttar Pradesh by M/s. JK Cement Limited.",UTTAR PRADESH,J K CEMENT LIMITED,SEIAA,Standard ToR Granted,UTTAR PRADESH,3(b) Cement plants
18,SIA/UP/IND1/467985/2024,"Clearance Type: Application for EC (Category A, B1, and B2 Violation)- Form 1
S/W No.: SW/149545/2023
Category: B1
Sector: Industrial Projects - 1
Date of Submission:
04/04/2024","Expansion of Existing Standalone Grinding Unit with Cement production capacity from 1.0 Million TPA to 4.2 Million TPA at Villages: Kanaudha & Bihra, Tehsil: Tanda, District: Ambedkar Nagar, Uttar Pradesh by M/s. UltraTech Cement Ltd. (Unit: Tanda Cement Works)",UTTAR PRADESH,M/s. UltraTech Cement Ltd.,SEIAA,EC Granted,UTTAR PRADESH,3(b) Cement plants
19,SIA/UP/IND1/463737/2024,"Clearance Type: Application for ToR (Category A, B1, and B2 Violation)/EC (Category B2) - Form 1
S/W No.: SW/172796/2024
Category: B1
Sector: Industrial Projects - 1
Date of Submission:
23/02/2024","Proposed Stand-alone Grinding Unit at Village - Pahur, Tehsil - Bindki, District - Fatehpur, Uttar Pradesh",UTTAR PRADESH,DALMIA BHARAT GREEN VISION LIMITED,SEIAA,ToR Granted,UTTAR PRADESH,3(b) Cement plants
20,SIA/UP/IND1/461928/2024,"Clearance Type: Application for EC (Category A, B1, and B2 Violation)- Form 1
S/W No.: SW/171127/2024
Category: B1
Sector: Industrial Projects - 1
Date of Submission:
13/02/2024","Proposed Clinker Grinding Unit with Cement Production Capacity of 2.0 Million TPA and D.G. Set (1000 KVA) at Village: Gadar, Pargana: Khairagarh, Tehsil: Meja, District: Prayagraj (Erstwhile Allahabad) (Uttar Pradesh) by M/s. KJS Cement (I) Limited.",UTTAR PRADESH,KJS CEMENT (I) LIMITED,SEIAA,"DELISTED BY SYSTEM
(at : 17/12/2024)",UTTAR PRADESH,3(b) Cement plants
21,SIA/UP/IND1/459537/2024,"Clearance Type: Application for ToR (Category A, B1, and B2 Violation)/EC (Category B2) - Form 1
S/W No.: SW/168181/2024
Category: B1
Sector: Industrial Projects - 1
Date of Submission:
25/01/2024","Proposed Stand-alone Grinding Unit with Cement Production Capacity of 5.0 Million TPA (Line I - 2.5 Million TPA and Line II - 2.5 Million TPA) and D.G. Set of 2000 KVA (Line I - 2 x 500 KVA and Line II - 2 x 500 KVA) At Village - Pahur, Tehsil - Bindki, District - Fatehpur, Uttar Pradesh",UTTAR PRADESH,DALMIA BHARAT GREEN VISION LIMITED,SEIAA,"DELISTED BY SYSTEM
(at : 22/04/2026)",UTTAR PRADESH,3(b) Cement plants
22,SIA/UP/IND1/458392/2024,"Clearance Type: Application for EC (Category A, B1, and B2 Violation)- Form 1
S/W No.: SW/138266/2023
Category: B1
Sector: Industrial Projects - 1
Date of Submission:
12/01/2024","Expansion in Cement Production capacity of Existing Clinker Grinding Unit from 1.3 Million TPA to 4.5 Million TPA at Villages: Satha & Harduaganj, Tehsil: Koil, District: Aligarh (Uttar Pradesh) by M/s. UltraTech Cement Limited (Unit: Aligarh Cement Works)",UTTAR PRADESH,UltraTech Cement Limited,SEIAA,EC Granted,UTTAR PRADESH,3(b) Cement plants
23,SIA/UP/IND1/455496/2023,"Clearance Type: Application for ToR (Category A, B1, and B2 Violation)/EC (Category B2) - Form 1
S/W No.: SW/154654/2023
Category: B1
Sector: Industrial Projects - 1
Date of Submission:
19/12/2023","Proposed Clinker Grinding Unit having production capacity 1.4 Million TPA (Portland Pozzolana Cement (PPC) & Ordinary Portland Cement (OPC)) at Village - Budawa, Pargana - Arail, Tehsil-Bara, District- Prayagraj, Uttar Pradesh.",UTTAR PRADESH,RCCPL PRIVATE LIMITED,SEIAA,TOR GRANTED,UTTAR PRADESH,3(b) Cement plants
24,SIA/UP/IND1/410832/2022,"Clearance Type: Application for ToR (Category A, B1, and B2 Violation)/EC (Category B2) - Form 1
S/W No.: SW/111812/2022
Category: B1
Sector: Industrial Projects - 1
Date of Submission:
23/11/2023","Proposed project of Cement Grinding Unit for proposed production of 2.5 MTPA at Village-Dharouli, Madhupur, Pargana, Tehsil-Patti, Distt-Pratapgarh, UP - 230135 by M/s Kanodia Cem Pvt Ltd",UTTAR PRADESH,KANODIA CEM PRIVATE LIMITED,SEIAA,TOR GRANTED,UTTAR PRADESH,3(b) Cement plants
25,SIA/UP/IND1/452535/2023,"Clearance Type: Application for ToR (Category A, B1, and B2 Violation)/EC (Category B2) - Form 1
S/W No.: SW/151722/2023
Category: B1
Sector: Industrial Projects - 1
Date of Submission:
18/11/2023","Proposed Standalone Grinding Unit with Cement Production Capacity of 3.0 Million TPA and D.G. Set 750 KVA at Villages: Kasrak and Salpur Nawadia, Tehsil: Tilhar, District: Shahjahanpur (Uttar Pradesh) by M/s. UltraTech Cement Ltd.",UTTAR PRADESH,M/s. UltraTech Cement Ltd.,SEIAA,TOR GRANTED,UTTAR PRADESH,3(b) Cement plants
26,SIA/UP/IND1/450472/2023,"Clearance Type: Application for ToR (Category A, B1, and B2 Violation)/EC (Category B2) - Form 1
S/W No.: SW/149545/2023
Category: B1
Sector: Industrial Projects - 1
Date of Submission:
30/10/2023","Expansion of Existing Standalone Grinding Unit with Cement production capacity from 1.0 Million TPA to 4.2 Million TPA at Villages: Kanaudha & Bihra, Tehsil: Tanda, District: Ambedkar Nagar, Uttar Pradesh by M/s. UltraTech Cement Ltd. (Unit: Tanda Cement Works)",UTTAR PRADESH,M/s. UltraTech Cement Ltd.,SEIAA,TOR GRANTED,UTTAR PRADESH,3(b) Cement plants
27,SIA/UP/IND1/449045/2023,"Clearance Type: Application for EC (Category A, B1, and B2 Violation)- Form 1
S/W No.: SW/148135/2023
Category: B1
Sector: Industrial Projects - 1
Date of Submission:
19/10/2023","Proposed Clinker Grinding unit capacity 3,60,000 TPA (1000 TPD) at Plot No: UD -1, Industrial Area, Sultanpur Road, Tehsil & Distt: Raebareli (U.P.) by M/s Unicem Cement Private Limited",UTTAR PRADESH,UNICEM CEMENT PRIVATE LIMITED,SEIAA,EC Granted,UTTAR PRADESH,3(b) Cement plants
28,SIA/UP/IND1/447350/2023,"Clearance Type: Application for EC (Category A, B1, and B2 Violation)- Form 1
S/W No.: SW/111812/2022
Category: B1
Sector: Industrial Projects - 1
Date of Submission:
07/10/2023","Proposed project of Cement Grinding Unit for proposed production of 2.5 MTPA at Village-Dharouli, Madhupur, Pargana, Tehsil-Patti, Distt-Pratapgarh, UP - 230135 by M/s Kanodia Cem Pvt Ltd",UTTAR PRADESH,KANODIA CEM PRIVATE LIMITED,SEIAA,EC Granted,UTTAR PRADESH,3(b) Cement plants
29,SIA/UP/IND1/439266/2023,"Clearance Type: Application for ToR (Category A, B1, and B2 Violation)/EC (Category B2) - Form 1
S/W No.: SW/138266/2023
Category: B1
Sector: Industrial Projects - 1
Date of Submission:
07/08/2023","Expansion in Cement Production capacity of Existing Clinker Grinding Unit from 1.3 Million TPA to 4.5 Million TPA at Villages: Satha & Harduaganj, Tehsil: Koil, District: Aligarh (Uttar Pradesh) by M/s. UltraTech Cement Limited (Unit: Aligarh Cement Works)",UTTAR PRADESH,UltraTech Cement Limited,SEIAA,EDS raised,UTTAR PRADESH,3(b) Cement plants
30,SIA/UP/IND1/431660/2023,"Clearance Type: Application for ToR (Category A, B1, and B2 Violation)/EC (Category B2) - Form 1
S/W No.: SW/131406/2023
Category: B1
Sector: Industrial Projects - 1
Date of Submission:
31/05/2023","Terms of Reference (ToR) application for Environmental Clearance of cement grinding unit having 150 TPD production capacity at Arazi no. 97, Village- Adhauli, Pargana- Athrawan, Tehsil- Manjhanpur, District- Kaushambi, Uttar Pradesh by M/s Ultrastone India Cement Private Limited under violation category as per SOP dated 7th July 2021 vide letter no. F-22-21/2020-IA.III of MoEF&CC",UTTAR PRADESH,ULTRASTONE INDIA CEMENT PRIVATE LIMITED,SEIAA,TOR Granted,UTTAR PRADESH,3(b) Cement plants
31,SIA/UP/IND1/430951/2023,"Clearance Type: Application for EC (Category A, B1, and B2 Violation)- Form 1
S/W No.: SW/117430/2023
Category: B1
Sector: Industrial Projects - 1
Date of Submission:
28/05/2023","Proposed Clinker Grinding Unit of 2,00,000 TPA Cement (OPC, PPC) at Plot No C-19,20 UPSIDA-II, Industrial Area, Raebareli, Uttar Pradesh by M/s Elephant Cements Private Limited.",UTTAR PRADESH,ELEPHANT CEMENTS PRIVATE LIMITED,SEIAA,EC Granted,UTTAR PRADESH,3(b) Cement plants
32,SIA/UP/IND1/426676/2023,"Clearance Type: Application for EC (Category A, B1, and B2 Violation)- Form 1
S/W No.: SW/126582/2023
Category: B1
Sector: Industrial Projects - 1
Date of Submission:
08/05/2023","Proposed Stand-alone Grinding Unit with Cement Production Capacity of 5.0 Million TPA (Line I - 2.5 Million TPA and Line II - 2.5 Million TPA) and D.G. Set of 2000 KVA (Line I - 2 x 500 KVA and Line II - 2 x 500 KVA) at Village: Nevada, Tehsil: Lalganj, District: Mirzapur, Uttar Pradesh.",UTTAR PRADESH,DALMIA BHARAT GREEN VISION LIMITED,SEIAA,EC Granted,UTTAR PRADESH,3(b) Cement plants
33,SIA/UP/IND1/425085/2023,"Clearance Type: Application for EC (Category A, B1, and B2 Violation)- Form 1
S/W No.: SW/124262/2023
Category: B1
Sector: Industrial Projects - 1
Date of Submission:
11/04/2023","Shree Agra Cement Plant (Clinker Grinding Unit) with cement production capacity of 5.0 Million TPA (OPC, PPC, PSC, RHPC, SRC & Composite Cement) and D.G. Sets of 1250 KVA (1000 KVA or 2 x 500 KVA & 250 KVA) along with Railway Siding at Village: Nigoh Hasanpur, Block: Sakit, Tehsil & District: Etah (Uttar Pradesh) by Shree Cement North Private Limited",UTTAR PRADESH,SHREE CEMENT NORTH PRIVATE LIMITED,SEIAA,EC Granted,UTTAR PRADESH,3(b) Cement plants
34,SIA/UP/IND1/416672/2023,"Clearance Type: Application for ToR (Category A, B1, and B2 Violation)/EC (Category B2) - Form 1
S/W No.: SW/117430/2023
Category: B1
Sector: Industrial Projects - 1
Date of Submission:
02/02/2023","Proposed Clinker Grinding Unit of 2,00,000 TPA Cement (OPC, PPC) at Plot No C-19,20 UPSIDA-II, Industrial Area, Raebareli, Uttar Pradesh by M/s Elephant Cements Private Limited.",UTTAR PRADESH,ELEPHANT CEMENTS PRIVATE LIMITED,SEIAA,TOR GRANTED,UTTAR PRADESH,3(b) Cement plants
1,SIA/UP/IND2/581381/2026,"Clearance Type: Application for EC (Category A, B1, and B2 Violation)- Form 1
S/W No.: SW/260765/2025
Category: B1
Sector: Industrial Projects - 2
Date of Submission:
18/06/2026","ESTABLISHMENT OF PROPOSED GRAIN BASED ETHANOL DISTILLERY CAPACITY – 750 KLD AND MALT BASED DISTILLERY – 20 KLD ALONG WITH CO GEN POWER PLANT - 15 MW AT PLOT NO A – 3, SECTOR – S5, DHURIYAPAR INDUSTRIAL AREA, DISTT – GORAKHPUR (UP) BY M/s SHREYAS DISTILLERIES AND ENERGY PVT LTD",UTTAR PRADESH,shreyas distilleries & energy private limited,SEIAA,Under Verification,UTTAR PRADESH,5(ga) Grain based distilleries
2,SIA/UP/IND2/577168/2026,"Clearance Type: Application for Amendment in EC- Form-4
S/W No.: SW/282598/2026
Category: B1
Sector: Industrial Projects - 2
Date of Submission:
27/04/2026","Amendment in EC of Grain based Ethanol Distillery capacity 100 KLD along with Co-gen power of 4.0 MW (wherein amendment of fuel as Biomass / Coal / RDF + Biomass or Coal) at Khasra No. 677, 679, 680, 681, 682, 683, 686, 687mi, 688, 689, 690 in Village –Baharawali, Tehsil - Chhata, District - Mathura, Uttar Pradesh -281401 of M/S Allianz Distillery Ltd",UTTAR PRADESH,ALLIANZ DISTILLERY LIMITED,SEIAA,ADS Raised,UTTAR PRADESH,5(ga) Grain based distilleries
3,SIA/UP/IND2/553388/2025,"Clearance Type: Application for ToR (Category A, B1, and B2 Violation)/EC (Category B2) - Form 1
S/W No.: SW/261565/2025
Category: B1
Sector: Industrial Projects - 2
Date of Submission:
27/09/2025","Proposed expansion of existing Distillery from 200 KLD (Molasses or Cane juice syrup – 100 KLD / Grain based - 200 KLD) to 400 KLD through addition of 200 KLD Grain based Ethanol distillery plant along with expansion of co-gen power plant from 9.0 MW to 17.5 MW at Plot No - A, UPSIDA Industrial Area, Usra Bazaar, Tehsil: Rudrapur, District: Deoria, Uttar Pradesh by M/S Forever Distillery Private Limited.",UTTAR PRADESH,FOREVER DISTILLERY PRIVATE LIMITED,SEIAA,"DELISTED BY SYSTEM
(at : 10/03/2026)",UTTAR PRADESH,5(ga) Grain based distilleries
4,SIA/UP/IND2/552460/2025,"Clearance Type: Application for ToR (Category A, B1, and B2 Violation)/EC (Category B2) - Form 1
S/W No.: SW/260765/2025
Category: B1
Sector: Industrial Projects - 2
Date of Submission:
20/09/2025","ESTABLISHMENT OF PROPOSED GRAIN BASED ETHANOL DISTILLERY CAPACITY – 750 KLD AND MALT BASED DISTILLERY – 20 KLD ALONG WITH CO GEN POWER PLANT - 15 MW AT PLOT NO A – 3, SECTOR – S5, DHURIYAPAR INDUSTRIAL AREA, DISTT – GORAKHPUR (UP) BY M/s SHREYAS DISTILLERIES AND ENERGY PVT LTD",UTTAR PRADESH,shreyas distilleries & energy private limited,SEIAA,ToR Granted,UTTAR PRADESH,5(ga) Grain based distilleries
5,SIA/UP/IND2/552375/2025,"Clearance Type: Application for ToR (Category A, B1, and B2 Violation)/EC (Category B2) - Form 1
S/W No.: SW/260680/2025
Category: B1
Sector: Industrial Projects - 2
Date of Submission:
20/09/2025","PROPOSED ESTABLISHMENT OF GRAIN BASED ETHANOL DSTILLERY OF CAPACITY 200 KLD ALONG WITH CO GEN POWER PLANT – 4.5 MW AT VILLAGE: KATAIYYA PANDERI, TEHSIL: AMARIA, DISTRICT - PILIBHIT (UTTAR PRADESH) BY M/S MAA SHEETLA VENTURES LIMITED",UTTAR PRADESH,M/S MAA SHEETLA VENTURES LIMITED,SEIAA,ToR Granted,UTTAR PRADESH,5(ga) Grain based distilleries
1,SIA/UP/IND1/570580/2026,"Clearance Type: Application for EC (Category A, B1, and B2 Violation)- Form 1
S/W No.: SW/216547/2024
Category: B1
Sector: Industrial Projects - 1
Date of Submission:
26/02/2026","“Proposed Delinking Plant in Existing Pulp and Paper Manufacturing Unit"" at 8th km Stone Jansath Road, District Muzaffarnagar, Uttar Pradesh 251001 by M/s Genus Paper and Boards Ltd",UTTAR PRADESH,Surya Prakash Sinha,SEIAA,ADS Raised,UTTAR PRADESH,5(i) Pulp & Paper Industry
2,SIA/UP/IND1/505240/2024,"Clearance Type: Application for ToR (Category A, B1, and B2 Violation)/EC (Category B2) - Form 1
S/W No.: SW/216547/2024
Category: B1
Sector: Industrial Projects - 1
Date of Submission:
11/11/2024","“Proposed Delinking Plant in Existing Pulp and Paper Manufacturing Unit"" at 8th km Stone Jansath Road, District Muzaffarnagar, Uttar Pradesh 251001 by M/s Genus Paper and Boards Ltd",UTTAR PRADESH,Surya Prakash Sinha,SEIAA,ToR Granted,UTTAR PRADESH,5(i) Pulp & Paper Industry
3,SIA/UP/IND1/471674/2024,"Clearance Type: Application for EC (Category A, B1, and B2 Violation)- Form 1
S/W No.: SW/115990/2023
Category: B1
Sector: Industrial Projects - 1
Date of Submission:
04/05/2024",Expansion of Bhola Ram Papers & Power Pvt Ltd Unit-2 from 100 TPD to 200 TPD Deinking Plant,UTTAR PRADESH,BHOLA RAM PAPERS & POWER PRIVATE LIMITED,SEIAA,EC Granted,UTTAR PRADESH,5(i) Pulp & Paper Industry
4,SIA/UP/IND1/415004/2023,"Clearance Type: Application for ToR (Category A, B1, and B2 Violation)/EC (Category B2) - Form 1
S/W No.: SW/115990/2023
Category: B1
Sector: Industrial Projects - 1
Date of Submission:
24/01/2023",Expansion of Bhola Ram Papers & Power Pvt Ltd Unit-2 from 100 TPD to 200 TPD Deinking Plant,UTTAR PRADESH,BHOLA RAM PAPERS & POWER PRIVATE LIMITED,SEIAA,TOR GRANTED,UTTAR PRADESH,5(i) Pulp & Paper Industry
1,SIA/UP/THE/579084/2026,"Clearance Type: Application for ToR (Category A, B1, and B2 Violation)/EC (Category B2) - Form 1
S/W No.: SW/284172/2026
Category: B1
Sector: Thermal Projects
Date of Submission:
08/06/2026","Expansion of Captive Power Plant from 8 MW to 12.5 MW of M/s Dev Priya Products Private Limited located at Khasra No.- 716, 718, 720, 721, 725, 726, 728, 730, 732 & 734 Vill. Muzaffarnagar Saini, 8 km, Mawana Road Meerut",UTTAR PRADESH,dev priya products private Limited,SEIAA,ADS Raised,UTTAR PRADESH,1(d) Thermal Power Plants
2,SIA/UP/THE/542999/2025,"Clearance Type: Application for Transfer of EC- Form-7
S/W No.: SW/252168/2025
Category: B1
Sector: Thermal Projects
Date of Submission:
27/06/2025",40 MW Captive Power Plant - Jaunpur,UTTAR PRADESH,RIMJHIM ISPAT LIMITED,SEIAA,"DELISTED BY SYSTEM
(at : 15/01/2026)",UTTAR PRADESH,1(d) Thermal Power Plants
3,SIA/UP/THE/540812/2025,"Clearance Type: Application for Transfer of EC- Form-7
S/W No.: SW/248133/2025
Category: B1
Sector: Thermal Projects
Date of Submission:
16/06/2025","Feroze Gandhi Unchahar Thermal Power Project, Stage-I",UTTAR PRADESH,NTPC LIMITED,SEIAA,"DELISTED BY SYSTEM
(at : 15/01/2026)",UTTAR PRADESH,1(d) Thermal Power Plants
1,SIA/UP/IND3/427515/2023,"Clearance Type: Application for ToR (Category A, B1, and B2 Violation)/EC (Category B2) - Form 1
S/W No.: SW/127435/2023
Category: B1
Sector: Industrial Projects - 3
Date of Submission:
03/05/2023","Proposed SSP (Single Super Phosphate) Manufacturing Project located at Khimsepur Industrial Area, Farrukhabad, Uttar Pradesh by M/s Madan Madhav Fertilizer & Chemical Pvt. Ltd.",UTTAR PRADESH,MADAN MADHAV FERTILIZER & CHEMICAL PRIVATE LIMITED,SEIAA,TOR Granted,UTTAR PRADESH,5(a) Chemical fertilizers
1,SIA/UK/IND1/527145/2025,"Clearance Type: Application for Amendment in EC- Form-4
S/W No.: SW/136292/2023
Category: B1
Sector: Industrial Projects - 1
Date of Submission:
03/04/2025",M/s Brij Bihari Concast Private Limited,UTTARAKHAND,SANJEEV AGARWAL,SEIAA,EC Granted,UTTARAKHAND,3(a) Metallurgical Industries (ferrous and non ferrous)
2,SIA/UK/IND1/527136/2025,"Clearance Type: Application for ToR (Category A, B1, and B2 Violation)/EC (Category B2) - Form 1
S/W No.: SW/237817/2025
Category: B2
Sector: Industrial Projects - 1
Date of Submission:
03/03/2025","Environmental clearance for proposed expansion of existing Aluminium Coil & Sheets/Foils manufacturing unit by M/s Paragon Industries Ltd. at Plot No. 162, 164, 168, 169, 170, 171 & 172 Raipur Industrial Area, Bhagwanpur, Distt- Haridwar, Uttarakhand.",UTTARAKHAND,PARAGON INDUSTRIES LIMITED,SEIAA,EC Granted,UTTARAKHAND,3(a) Metallurgical Industries (ferrous and non ferrous)
3,SIA/UK/IND1/496498/2024,"Clearance Type: Application for ToR (Category A, B1, and B2 Violation)/EC (Category B2) - Form 1
S/W No.: SW/206454/2024
Category: B2
Sector: Industrial Projects - 1
Date of Submission:
13/09/2024",A.S. Assaying and Hallmarking Centre,UTTARAKHAND,Satish misal,SEIAA,EC Granted,UTTARAKHAND,3(a) Metallurgical Industries (ferrous and non ferrous)
4,SIA/UK/IND1/488074/2024,"Clearance Type: Application for ToR (Category A, B1, and B2 Violation)/EC (Category B2) - Form 1
S/W No.: SW/197699/2024
Category: B2
Sector: Industrial Projects - 1
Date of Submission:
16/07/2024","Environment Clearance for proposed capacity expansion of Refined Silver Production (ingots/power etc) from 800 TPA to 1120 TPA capacity in two phases (Phase-1 20% and Phase-2 another 20%) with auxiliary facilities by M/s. Hindustan Zinc Limited at Plot No.-2&3, Sector-14, IIE, State Industrial Development Corporation Uttarakhand Limited (SIDCUL), Village-Pantnagar, Tehsil-Kichha, District-Udham Singh Nagar, State-Uttarakhand.",UTTARAKHAND,HINDUSTAN ZINC PANTNAGAR SILVER PLANT,SEIAA,EC Granted,UTTARAKHAND,3(a) Metallurgical Industries (ferrous and non ferrous)
5,SIA/UK/IND1/479700/2024,"Clearance Type: Application for EC (Category A, B1, and B2 Violation)- Form 1
S/W No.: SW/136292/2023
Category: B1
Sector: Industrial Projects - 1
Date of Submission:
07/06/2024",M/s Brij Bihari Concast Private Limited,UTTARAKHAND,SANJEEV AGARWAL,SEIAA,EC Granted,UTTARAKHAND,3(a) Metallurgical Industries (ferrous and non ferrous)
6,SIA/UK/IND1/456692/2023,"Clearance Type: Application for ToR (Category A, B1, and B2 Violation)/EC (Category B2) - Form 1
S/W No.: SW/155401/2023
Category: B2
Sector: Industrial Projects - 1
Date of Submission:
26/12/2023",CRAFTSMEN GRAPHICS,UTTARAKHAND,DHARM DHINGRA,SEIAA,EC Granted,UTTARAKHAND,3(a) Metallurgical Industries (ferrous and non ferrous)
7,SIA/UK/IND1/453357/2023,"Clearance Type: Application for EC (Category A, B1, and B2 Violation)- Form 1
S/W No.: SW/133099/2023
Category: B1
Sector: Industrial Projects - 1
Date of Submission:
29/11/2023",Proposed Expansion in Manufacturing of M.S. Billets and Rolling Mills products by M/s Radiant Bar (P) Limited,UTTARAKHAND,MUHAMMAD IBRAHEEM,SEIAA,EC Granted,UTTARAKHAND,3(a) Metallurgical Industries (ferrous and non ferrous)
8,SIA/UK/IND1/447568/2023,"Clearance Type: Application for ToR (Category A, B1, and B2 Violation)/EC (Category B2) - Form 1
S/W No.: SW/147296/2023
Category: B2
Sector: Industrial Projects - 1
Date of Submission:
09/10/2023",ALMED PRINTING SOLUTIONS PRIVATE LIMITED,UTTARAKHAND,ALMED PRINTING SOLUTIONS PRIVATE LIMITED,SEIAA,EC Granted,UTTARAKHAND,3(a) Metallurgical Industries (ferrous and non ferrous)
9,SIA/UK/IND1/441963/2023,"Clearance Type: Application for ToR (Category A, B1, and B2 Violation)/EC (Category B2) - Form 1
S/W No.: SW/141450/2023
Category: B2
Sector: Industrial Projects - 1
Date of Submission:
26/08/2023",ALEXIA PANELS,UTTARAKHAND,NARESH GUPTA,SEIAA,EC Granted,UTTARAKHAND,3(a) Metallurgical Industries (ferrous and non ferrous)
10,SIA/UK/IND1/436692/2023,"Clearance Type: Application for ToR (Category A, B1, and B2 Violation)/EC (Category B2) - Form 1
S/W No.: SW/136292/2023
Category: B1
Sector: Industrial Projects - 1
Date of Submission:
18/07/2023",M/s Brij Bihari Concast Private Limited,UTTARAKHAND,SANJEEV AGARWAL,SEIAA,EDS raised,UTTARAKHAND,3(a) Metallurgical Industries (ferrous and non ferrous)
11,SIA/UK/IND1/433382/2023,"Clearance Type: Application for ToR (Category A, B1, and B2 Violation)/EC (Category B2) - Form 1
S/W No.: SW/133099/2023
Category: B1
Sector: Industrial Projects - 1
Date of Submission:
16/06/2023",Proposed Expansion in Manufacturing of M.S. Billets and Rolling Mills products by M/s Radiant Bar (P) Limited,UTTARAKHAND,MUHAMMAD IBRAHEEM,SEIAA,TOR Granted,UTTARAKHAND,3(a) Metallurgical Industries (ferrous and non ferrous)
12,SIA/UK/IND1/414235/2023,"Clearance Type: Application for ToR (Category A, B1, and B2 Violation)/EC (Category B2) - Form 1
S/W No.: SW/115279/2023
Category: B2
Sector: Industrial Projects - 1
Date of Submission:
12/02/2023",Foil Nest Private Limited,UTTARAKHAND,FOIL NEST PRIVATE LIMITED,SEIAA,EC Granted,UTTARAKHAND,3(a) Metallurgical Industries (ferrous and non ferrous)
1,SIA/UK/IND2/551575/2025,"Clearance Type: Application for ToR (Category A, B1, and B2 Violation)/EC (Category B2) - Form 1
S/W No.: SW/260001/2025
Category: B1
Sector: Industrial Projects - 2
Date of Submission:
15/09/2025",Proposed expansion of existing grain-based distillery from 300 KLD to 500 KLD through addition of 200 KLD (Grain Based) Distillery Plant for production of RS/ENA/AA along with Co-Gen Power Plant from 9.0 MW (no change),UTTARAKHAND,M/S MAA SHEETLA VENTURES LIMITED,SEIAA,ToR Granted,UTTARAKHAND,5(g) Distilleries
2,SIA/UK/IND2/542727/2025,"Clearance Type: Application for EC (Category A, B1, and B2 Violation)- Form 1
S/W No.: SW/251872/2025
Category: B1
Sector: Industrial Projects - 2
Date of Submission:
26/06/2025","Expansion of existing Distillery Expansion of Distillery capacity from 62.5 KLD To 72.5 KLD through addition of 10 KLD Malt based distillery plant without change in Cogen Power 3.0 MW at Village: Libberheri, Tehsil: Roorkee, District: Haridwar, Uttarakhand by M/s Uttam Sugar Mills Limited (Distillery Division).",UTTARAKHAND,UTTAM SUGAR MILLS LIMITED,SEIAA,EC Granted,UTTARAKHAND,5(g) Distilleries
3,SIA/UK/IND2/542538/2025,"Clearance Type: Application for EC (Category A, B1, and B2 Violation)- Form 1
S/W No.: SW/179683/2024
Category: B1
Sector: Industrial Projects - 2
Date of Submission:
24/06/2025","PROPOSED EXPANSION OF GRAIN BASED DISTILLERY CAPACITY FROM 40 KLD TO 160 KLD ALONG WITH EXPANSION OF CO-GEN POWER FROM 3.0 MW TO 6.0 MW WITHIN EXSITING INDUSTRY PREMISES AT VILLAGE: AHMADPUR GRANT, BLOCK: BAHADRABAD, TEHSIL & DISTRICT: HARIDWAR (UTTARAKHAND) BY M/S UTTAM DISTILLERIES LIMITED",UTTARAKHAND,UTTAM DISTILLERIES LIMITED,SEIAA,EC Granted,UTTARAKHAND,5(g) Distilleries
4,SIA/UK/IND2/534120/2025,"Clearance Type: Application for EC (Category A, B1, and B2 Violation)- Form 1
S/W No.: SW/210594/2024
Category: B1
Sector: Industrial Projects - 2
Date of Submission:
20/04/2025","Environmental Clearance for Proposed Expansion of Existing Malt Spirit, Cane juice based Rum & Craft Gin Plant from 6.0 KLD to 10.0 KLD by M/s Himalaya Wine Company Pvt. Ltd.",UTTARAKHAND,HIMALAYA WINE COMPANY PVT. LTD.,SEIAA,EC Granted,UTTARAKHAND,5(g) Distilleries
5,SIA/UK/IND2/500065/2024,"Clearance Type: Application for ToR (Category A, B1, and B2 Violation)/EC (Category B2) - Form 1
S/W No.: SW/210594/2024
Category: B1
Sector: Industrial Projects - 2
Date of Submission:
07/10/2024","Environmental Clearance for Proposed Expansion of Existing Malt Spirit, Cane juice based Rum & Craft Gin Plant from 6.0 KLD to 10.0 KLD by M/s Himalaya Wine Company Pvt. Ltd.",UTTARAKHAND,HIMALAYA WINE COMPANY PVT. LTD.,SEIAA,ToR Granted,UTTARAKHAND,5(g) Distilleries
6,SIA/UK/IND2/477719/2024,"Clearance Type: Application for ToR (Category A, B1, and B2 Violation)/EC (Category B2) - Form 1
S/W No.: SW/186592/2024
Category: B1
Sector: Industrial Projects - 2
Date of Submission:
31/05/2024","Expansion of Distillery capacity from 62.5 KLD To 72.5 KLD through addition of 10 KLD Malt/ Cane Juice Based Distillery Plant without change in Co-Gen Power - 3.0 MW within existing premises at Village: -Khundi Libberheri, Tehsil: – Roorkee, District: - Haridwar, Uttarakhand of M/S Uttam Sugar Mills Limited, (Distillery Division).",UTTARAKHAND,UTTAM SUGAR MILLS LIMITED,SEIAA,ToR Granted,UTTARAKHAND,5(g) Distilleries
7,SIA/UK/IND2/470954/2024,"Clearance Type: Application for ToR (Category A, B1, and B2 Violation)/EC (Category B2) - Form 1
S/W No.: SW/179683/2024
Category: B1
Sector: Industrial Projects - 2
Date of Submission:
30/04/2024","PROPOSED EXPANSION OF GRAIN BASED DISTILLERY CAPACITY FROM 40 KLD TO 160 KLD ALONG WITH EXPANSION OF CO-GEN POWER FROM 3.0 MW TO 6.0 MW WITHIN EXSITING INDUSTRY PREMISES AT VILLAGE: AHMADPUR GRANT, BLOCK: BAHADRABAD, TEHSIL & DISTRICT: HARIDWAR (UTTARAKHAND) BY M/S UTTAM DISTILLERIES LIMITED",UTTARAKHAND,UTTAM DISTILLERIES LIMITED,SEIAA,ToR Granted,UTTARAKHAND,5(g) Distilleries
1,SIA/UK/THE/580785/2026,"Clearance Type: Application for ToR (Category A, B1, and B2 Violation)/EC (Category B2) - Form 1
S/W No.: SW/285253/2026
Category: B1
Sector: Thermal Projects
Date of Submission:
17/07/2026","25 MW Captive Co-generation Power Plant at Sitarganj, District Udham Singh Nagar, Uttarakhand by M/s Gujarat Ambuja Exports Limited.",UTTARAKHAND,GUJARAT AMBUJA EXPORTS LTD,SEIAA,Under Examination,UTTARAKHAND,1(d) Thermal Power Plants
2,SIA/UK/THE/580474/2026,"Clearance Type: Application for Transfer of EC- Form-7
S/W No.: SW/285396/2026
Category: B1
Sector: Thermal Projects
Date of Submission:
28/05/2026","7.5 MW co-generation thermal power plant at Khedi Mubarakpur, Tehsil Laksar, Disfrict Haridwar",UTTARAKHAND,JK Tyre & industries limited,SEIAA,Under Examination,UTTARAKHAND,1(d) Thermal Power Plants
3,SIA/UK/THE/413475/2023,"Clearance Type: Application for ToR (Category A, B1, and B2 Violation)/EC (Category B2) - Form 1
S/W No.: SW/114470/2023
Category: B2
Sector: Thermal Projects
Date of Submission:
16/11/2023","Environmental clearance for proposed expansion of footwear pair manufacturing unit by M/s Campus Activewear Limited at Plot No. C9 & 10, Industrial Area Selaqui, Vikasnagar, Dehradun, Uttrakhand.",UTTARAKHAND,CAMPUS ACTIVEWEAR LIMITED,SEIAA,EC Granted,UTTARAKHAND,1(d) Thermal Power Plants
1,SIA/UK/IND2/453274/2023,"Clearance Type: Application for EC (Category A, B1, and B2 Violation)- Form 1
S/W No.: SW/118982/2023
Category: B1
Sector: Industrial Projects - 2
Date of Submission:
27/11/2023","Proposed expansion of Sugar unit from 6250 TCD to 8000 TCD without change in existing co gen power capacity – 26.0 MW existing industry premises at village- Dahiyaki, Khundi, Kulchandi, Mundiaki, Tehsil-Roorkee & District– Haridwar, Uttarakhand",UTTARAKHAND,UTTAM SUGAR MILLS LIMITED,SEIAA,EC Granted,UTTARAKHAND,5(j) Sugar Industry
2,SIA/UK/IND2/418303/2023,"Clearance Type: Application for ToR (Category A, B1, and B2 Violation)/EC (Category B2) - Form 1
S/W No.: SW/118982/2023
Category: B1
Sector: Industrial Projects - 2
Date of Submission:
21/02/2023","Proposed expansion of Sugar unit from 6250 TCD to 8000 TCD without change in existing co gen power capacity – 26.0 MW existing industry premises at village- Dahiyaki, Khundi, Kulchandi, Mundiaki, Tehsil-Roorkee & District– Haridwar, Uttarakhand",UTTARAKHAND,UTTAM SUGAR MILLS LIMITED,SEIAA,TOR Granted,UTTARAKHAND,5(j) Sugar Industry
1,SIA/UK/IND1/493834/2024,"Clearance Type: Application for ToR (Category A, B1, and B2 Violation)/EC (Category B2) - Form 1
S/W No.: SW/204027/2024
Category: B1
Sector: Industrial Projects - 1
Date of Submission:
23/08/2024","Proposed Expansion of Existing Paper Mill (paper manufacturing from waste paper & virgin pulp) from 5000 MT/Month to 6650 MT/month [240 MT/day] with inclusion of deinking, bleaching operation in the whole project"". by Katyani Paper Mills Pvt. Ltd. Located at Vill- Kuddiyawala, Near Sodhi Farm Jaspur - Kashipur Road, Kashipur, Dist.- Udham Singh Nagar, Uttarakhand",UTTARAKHAND,KATYAyini paper mills private limited,SEIAA,ToR Granted,UTTARAKHAND,5(i) Pulp & Paper Industry
1,SIA/UK/IND2/543998/2025,"Clearance Type: Application for Amendment in EC- Form-4
S/W No.: SW/250466/2025
Category: B1
Sector: Industrial Projects - 2
Date of Submission:
07/07/2025","Amendment in EC of Grain based Ethanol Distillery capacity 300 KLD along with Co-gen power of 9.0 MW (wherein amendment of fuel as biomass + RDF) at Khasra No. 495, 499, 503, 504, 507 and 512 in village: Kishanpur, Tehsil: Kiccha, District: Udham Singh Nagar, Uttarakhand of M/s Maasheetla Ventures Limited, Unit – Kichha",UTTARAKHAND,MAASHEETLA VENTURES LIMITED,SEIAA,EC Granted,UTTARAKHAND,5(ga) Grain based distilleries
1,SIA/WB/IND1/579498/2026,"Clearance Type: Application for Corrigendum Form-13
S/W No.: SW/133826/2023
Category: B1
Sector: Industrial Projects - 1
Date of Submission:
19/05/2026","Proposed Upgradation & Expansion of Existing Rolling Mill at NH-2, Delhi Road, Mouza-Belumilky, Vill: Chotobelu, Payarapur, Block: Serampore, Dist: Hooghly, Pin: 712223, West Bengal By M/s. Brand Alloys Pvt. Ltd.",WEST BENGAL,BRAND ALLOYS PVT. LTD.,SEIAA,Under Verification,WEST BENGAL,3(a) Metallurgical Industries (ferrous and non ferrous)
2,SIA/WB/IND1/578999/2026,"Clearance Type: Application for Transfer of EC- Form-7
S/W No.: SW/284151/2026
Category: B1
Sector: Industrial Projects - 1
Date of Submission:
14/05/2026","Transfer of Environment Clearance due to change in Name of Company from Purulia Metal Casting Private Limited to Prestige Steel Private Limited for project entitled “Proposed expansion by installation of 2x15 T Induction furnace located at Village: Bongabari, P.O. Vivekanandanagar, District Purulia, West Bengal",WEST BENGAL,PRESTIGE STEEL PRIVATE LIMITED,SEIAA,Under Verification,WEST BENGAL,3(a) Metallurgical Industries (ferrous and non ferrous)
3,SIA/WB/IND1/578719/2026,"Clearance Type: Application for Corrigendum Form-13
S/W No.: SW/283765/2026
Category: B1
Sector: Industrial Projects - 1
Date of Submission:
12/05/2026","Proposed corrigendum of EC vide EC Identification No: EC25B008WB171799, File no: EN/T-II-1/096/2018, dt: 30/04/2025 for change in existing 2 no. 9TPH Cupola Furnace to 4 no. 15TPH Cupola Furnace attached with 2 no. stack for the project Expansion of Cast Iron Casting Product at Kulgachia, P.O Mahishrekha, P.S Uluberia & District – Howrah, West Bengal by M/s. CRESCENT FOUNDRY COMPANY PRIVATE LIMITED.",WEST BENGAL,CRESCENT FOUNDRY COMPANY PRIVATE LIMITED,SEIAA,Under Verification,WEST BENGAL,3(a) Metallurgical Industries (ferrous and non ferrous)
4,SIA/WB/IND1/573287/2026,"Clearance Type: Application for ToR (Category A, B1, and B2 Violation)/EC (Category B2) - Form 1
S/W No.: SW/279182/2026
Category: B1
Sector: Industrial Projects - 1
Date of Submission:
23/03/2026","Environmental Clearance for the expansion of existing secondary metallurgical unit (for production of MS Ingot / Billet and rolling mill products) by installation of additional 1 x 20T Induction Furnace and allied machineries by M/s. Shree Ramdoot Rollers Private Limited at Village & Mouza- Nidhirampur, PS-Gangajalghati, PIN- 722133, District- Bankura, West Bengal",WEST BENGAL,SHREE RAMDOOT ROLLERS PVT LTD,SEIAA,ToR Granted,WEST BENGAL,3(a) Metallurgical Industries (ferrous and non ferrous)
5,SIA/WB/IND1/569888/2026,"Clearance Type: Application for ToR (Category A, B1, and B2 Violation)/EC (Category B2) - Form 1
S/W No.: SW/275836/2026
Category: B1
Sector: Industrial Projects - 1
Date of Submission:
20/02/2026","Environmental Clearance for the expansion of existing secondary metallurgical unit (for production of MS Ingot / Billet and rolling mill products) by installation of additional 1 x 20T Induction Furnace and allied machineries by M/s. Shree Ramdoot Rollers Private Limited at Village & Mouza- Nidhirampur, PS-Gangajalghati, PIN- 722133, District- Bankura, West Bengal",WEST BENGAL,SHREE RAMDOOT ROLLERS PVT LTD,SEIAA,ToR Rejected,WEST BENGAL,3(a) Metallurgical Industries (ferrous and non ferrous)
6,SIA/WB/IND1/564937/2026,"Clearance Type: Application for ToR (Category A, B1, and B2 Violation)/EC (Category B2) - Form 1
S/W No.: SW/271809/2026
Category: B2
Sector: Industrial Projects - 1
Date of Submission:
09/01/2026","Environmental Clearance for Expansion of production capacity from 1,08,000 TPA MS Pipe (ERW pipe) to 1,78,800 TPA CRM (Cold rolling mill)/Galvanized Pipe/ERW Pipe by Installation of Pickling and Galvanizing Facilities by M/s. Supershakti Energy Private Limited at Jamuria Industrial Estate, PO-Mondalpur, PS-Jamuria, Dist-Paschim Bardhaman, Pin-713336, State- West Bengal",WEST BENGAL,SUPERSHAKTI ENERGY PRIVATE LIMITED,SEIAA,EC Granted,WEST BENGAL,3(a) Metallurgical Industries (ferrous and non ferrous)
7,SIA/WB/IND1/563984/2026,"Clearance Type: Application for ToR (Category A, B1, and B2 Violation)/EC (Category B2) - Form 1
S/W No.: SW/270963/2026
Category: B1
Sector: Industrial Projects - 1
Date of Submission:
02/01/2026",Greenfield Project for manufacturing of 300000 TPA Cold Rolling / Galvanized Plane / Galvanized corrugated Sheet & Coil / Color Coated Sheets by M/S CAPTAIN BUILDING PRODUCTS PRIVATE LIMITED,WEST BENGAL,RAMESH KUMAR JHUNJHUNWALA,SEIAA,ToR Granted,WEST BENGAL,3(a) Metallurgical Industries (ferrous and non ferrous)
8,SIA/WB/IND1/561043/2025,"Clearance Type: Application for Amendment in EC- Form-4
S/W No.: SW/218607/2024
Category: B1
Sector: Industrial Projects - 1
Date of Submission:
18/12/2025","PROPOSED COLD ROLLING MILL COMPLEX (UNIT V) FOR TOTAL PRODUCTION CAPACITY 7,88,000 TPA WITH PICKLING (0.60MTPA) AND GALVANIZING FACILITIES BY JINDAL INDIA LIMITED",WEST BENGAL,JINDAL INDIA LIMITED,SEIAA,EC Granted,WEST BENGAL,3(a) Metallurgical Industries (ferrous and non ferrous)
9,SIA/WB/IND1/434408/2025,"Clearance Type: Application for EC (Category A, B1, and B2 Violation)- Form 1
S/W No.: SW/133826/2023
Category: B1
Sector: Industrial Projects - 1
Date of Submission:
03/12/2025","Proposed Upgradation & Expansion of Existing Rolling Mill at NH-2, Delhi Road, Mouza-Belumilky, Vill: Chotobelu, Payarapur, Block: Serampore, Dist: Hooghly, Pin: 712223, West Bengal By M/s. Brand Alloys Pvt. Ltd.",WEST BENGAL,BRAND ALLOYS PVT. LTD.,SEIAA,EC Granted,WEST BENGAL,3(a) Metallurgical Industries (ferrous and non ferrous)
10,SIA/WB/IND1/557796/2025,"Clearance Type: Application for ToR (Category A, B1, and B2 Violation)/EC (Category B2) - Form 1
S/W No.: SW/265328/2025
Category: B1
Sector: Industrial Projects - 1
Date of Submission:
21/11/2025","Additional installation of 1x6 T Induction Furnace for expansion of MS Billet production from 54000 TPA to 72000 TPA, expansion of Rolling Mill capacity from 54000 TPA to 72000 TPA and installation of 20 MT/hr Gas Fired Reheating Furnace",WEST BENGAL,JKC STEEL PRIVATE LIMITED,SEIAA,ToR Granted,WEST BENGAL,3(a) Metallurgical Industries (ferrous and non ferrous)
11,SIA/WB/IND1/554972/2025,"Clearance Type: Application for EC (Category A, B1, and B2 Violation)- Form 1
S/W No.: SW/244820/2025
Category: B1
Sector: Industrial Projects - 1
Date of Submission:
13/10/2025","Expansion of Existing Structural Rolling Mill (1,05,600 TPA) by Installation of Steel Melting Shop (1,18,800 TPA) at Nasser Hussain Avenue, PO- Bidhannagar, PS –Coke Oven, Tehsil- Faridpur Durgapur, District – Paschim Bardhaman, West Bengal-713212 by M/s. SPS Steels Rolling Mills Limited",WEST BENGAL,SPS STEELS ROLLING MILLS LIMITED,SEIAA,EC Granted,WEST BENGAL,3(a) Metallurgical Industries (ferrous and non ferrous)
12,SIA/WB/IND1/546106/2025,"Clearance Type: Application for Transfer of EC- Form-7
S/W No.: SW/255007/2025
Category: B1
Sector: Industrial Projects - 1
Date of Submission:
26/07/2025","‘Change of name of the company in Environment Clearance accorded units’- Splitting of Environment Clearance’ - 10 x 20 T(0.6 MTPA) Induction Furnace with matching LRF & CCM and Cold Rolling Mill-0.19 MTPA as M/s Orissa Metaliks Private Limited and remaining 05 x 20T (0.3 MTPA) Induction Furnace with matching LRF & CCM, Hot Rolling Mill–0.65MTPA and 45 MW Coal Dolochar Based Captive Power Plant as M/s Orissa Metallurgical Industry Private Limited",WEST BENGAL,ORISSA METALLURGICAL INDUSTRY PRIVATE LIMITED,SEIAA,EC Granted,WEST BENGAL,3(a) Metallurgical Industries (ferrous and non ferrous)
13,SIA/WB/IND1/545602/2025,"Clearance Type: Application for Transfer of EC- Form-7
S/W No.: SW/253748/2025
Category: B1
Sector: Industrial Projects - 1
Date of Submission:
23/07/2025","‘Change of name of Environment Clearance accorded units’- Proposed expansion by “Installation of Induction furnace (5 x 25 T) with matching CCM for production of 3,37,500 TPA M.S. Billets along with 3,20,000 TPA Structural mill with matching reheating furnace, Oxygen plant-60 TPD, WHRB based 06 MW Captive power plant and keeping coke oven plant capacity as it is i.e. 90,000 TPA in existing plant premises of 16 Acres (6.47 Hectares) at Mouja-Mathurakismat (J.L. No.-114), P.O-Shyamraipur, P.S.-Kha",WEST BENGAL,ORISSA METALLURGICAL INDUSTRY PRIVATE LIMITED,SEIAA,EC Granted,WEST BENGAL,3(a) Metallurgical Industries (ferrous and non ferrous)
14,SIA/WB/IND1/545083/2025,"Clearance Type: Application for EC (Category A, B1, and B2 Violation)- Form 1
S/W No.: SW/235038/2025
Category: B1
Sector: Industrial Projects - 1
Date of Submission:
17/07/2025","ENVIRONMENT CLEARANCE FOR EXPANSION OF PRODUCTION CAPACITY OF COLD ROLLING MILL COMPLEX (CRMC) FROM 1,78,800 TPA to 5,88,800 TPA BY INSTALLATION OF SOME ADDITIONAL FACILITIES OF M/S SHYAM METALICS FLAT PRODUCT PRIVATE LIMITED",WEST BENGAL,SHYAM METALICS FLAT PRODUCT PRIVATE LIMITED,SEIAA,EC Granted,WEST BENGAL,3(a) Metallurgical Industries (ferrous and non ferrous)
15,SIA/WB/IND1/543307/2025,"Clearance Type: Application for ToR (Category A, B1, and B2 Violation)/EC (Category B2) - Form 1
S/W No.: SW/252460/2025
Category: B1
Sector: Industrial Projects - 1
Date of Submission:
01/07/2025","Regularization of Environmental Clearance for Expansion of Existing Rolling Mill Producing Angles & Channels and Pickling followed by Galvanizing of Rolled items, including Establishing a New Project of Manufacturing Transmission tower and High Mast Pole using the same Rolled and Galvanized products of M/s, SKIPPER LIMITED",WEST BENGAL,YASH JAIN,SEIAA,ToR Rejected,WEST BENGAL,3(a) Metallurgical Industries (ferrous and non ferrous)
16,SIA/WB/IND1/535719/2025,"Clearance Type: Application for EC (Category A, B1, and B2 Violation)- Form 1
S/W No.: SW/137252/2023
Category: B1
Sector: Industrial Projects - 1
Date of Submission:
29/05/2025","Environment Clearance for Cast Iron Casting Unit at Mouza-Barunda, Madhya Para, P.O. – Barunda, P.S. – Bagnan, District: Howrah, Pin-711303. by Crescent Foundary Company Pvt. Ltd.",WEST BENGAL,CRESCENT FOUNDRY CO PVT LTD,SEIAA,EC Granted,WEST BENGAL,3(a) Metallurgical Industries (ferrous and non ferrous)
17,SIA/WB/IND1/537599/2025,"Clearance Type: Application for Surrender of Environmental Clearance - Form -11
S/W No.: SW/247229/2025
Category: B1
Sector: Industrial Projects - 1
Date of Submission:
14/05/2025","Environmental Clearance for Proposed set up of Induction Furnace, Rolling Mill Plant & Wire Rod Mill for manufacturing of billets, TMT Bars & wire rods at Unit II by M/s Amiya Steel Private Limited at Village - Tarapur, Chauberia - Mejia, District –Bankura, West Bengal",WEST BENGAL,AMIYA STEEL PRIVATE LIMITED,SEIAA,EC Granted,WEST BENGAL,3(a) Metallurgical Industries (ferrous and non ferrous)
18,SIA/WB/IND1/534915/2025,"Clearance Type: Application for ToR (Category A, B1, and B2 Violation)/EC (Category B2) - Form 1
S/W No.: SW/244820/2025
Category: B1
Sector: Industrial Projects - 1
Date of Submission:
28/04/2025","Expansion of Existing Structural Rolling Mill (1,05,600 TPA) by Installation of Steel Melting Shop (1,18,800 TPA) at Nasser Hussain Avenue, PO- Bidhannagar, PS –Coke Oven, Tehsil- Faridpur Durgapur, District – Paschim Bardhaman, West Bengal-713212 by M/s. SPS Steels Rolling Mills Limited",WEST BENGAL,SPS STEELS ROLLING MILLS LIMITED,SEIAA,ToR Granted,WEST BENGAL,3(a) Metallurgical Industries (ferrous and non ferrous)
19,SIA/WB/IND1/533940/2025,"Clearance Type: Application for Transfer of EC- Form-7
S/W No.: SW/231571/2025
Category: B1
Sector: Industrial Projects - 1
Date of Submission:
14/04/2025","Increase in production capacity of existing installed facilities by augmentation of existing 1x6Tto1x8T Induction Furnace and installation of new 2x10T+8x20T I.F with matching CCM & LRF/AOD for production of 600000TPA Billets&Ingots from 3x8T+4x10T+8x20T I.F with expansion of existing R.M from 162000TPA to580000TPA for producing CTD&TMT bars/Epoxy Coated TMT Bars or Rebars,Wire&WireRod, Nail and installation of new O2 plant-1x60TPD, Slag Crusher 1x30TPH, P.Gas Plant–2x6000N/m3 and 45MW CFBC CPP",WEST BENGAL,RASHIDHAN SALES PRIVATE LIMITED,SEIAA,EC Granted,WEST BENGAL,3(a) Metallurgical Industries (ferrous and non ferrous)
20,SIA/WB/IND1/526874/2025,"Clearance Type: Application for EC (Category A, B1, and B2 Violation)- Form 1
S/W No.: SW/218607/2024
Category: B1
Sector: Industrial Projects - 1
Date of Submission:
08/03/2025","PROPOSED COLD ROLLING MILL COMPLEX (UNIT V) FOR TOTAL PRODUCTION CAPACITY 7,88,000 TPA WITH PICKLING (0.60MTPA) AND GALVANIZING FACILITIES BY JINDAL INDIA LIMITED",WEST BENGAL,JINDAL INDIA LIMITED,SEIAA,EC Granted,WEST BENGAL,3(a) Metallurgical Industries (ferrous and non ferrous)
21,SIA/WB/IND1/524414/2025,"Clearance Type: Application for ToR (Category A, B1, and B2 Violation)/EC (Category B2) - Form 1
S/W No.: SW/235038/2025
Category: B1
Sector: Industrial Projects - 1
Date of Submission:
17/02/2025","ENVIRONMENT CLEARANCE FOR EXPANSION OF PRODUCTION CAPACITY OF COLD ROLLING MILL COMPLEX (CRMC) FROM 1,78,800 TPA to 5,88,800 TPA BY INSTALLATION OF SOME ADDITIONAL FACILITIES OF M/S SHYAM METALICS FLAT PRODUCT PRIVATE LIMITED",WEST BENGAL,SHYAM METALICS FLAT PRODUCT PRIVATE LIMITED,SEIAA,ToR Granted,WEST BENGAL,3(a) Metallurgical Industries (ferrous and non ferrous)
22,SIA/WB/IND1/520224/2025,"Clearance Type: Application for EC (Category A, B1, and B2 Violation)- Form 1
S/W No.: SW/231571/2025
Category: B1
Sector: Industrial Projects - 1
Date of Submission:
29/01/2025","Increase in production capacity of existing installed facilities by augmentation of existing 1x6Tto1x8T Induction Furnace and installation of new 2x10T+8x20T I.F with matching CCM & LRF/AOD for production of 600000TPA Billets&Ingots from 3x8T+4x10T+8x20T I.F with expansion of existing R.M from 162000TPA to580000TPA for producing CTD&TMT bars/Epoxy Coated TMT Bars or Rebars,Wire&WireRod, Nail and installation of new O2 plant-1x60TPD, Slag Crusher 1x30TPH, P.Gas Plant–2x6000N/m3 and 45MW CFBC CPP",WEST BENGAL,RASHIDHAN SALES PRIVATE LIMITED,SEIAA,EC Granted,WEST BENGAL,3(a) Metallurgical Industries (ferrous and non ferrous)
23,SIA/WB/IND1/519329/2025,"Clearance Type: Application for Corrigendum Form-13
S/W No.: SW/230912/2025
Category: B1
Sector: Industrial Projects - 1
Date of Submission:
21/01/2025","The proposed expansion proposal containing additional installing of 2 X20 MT induction Furnaces and 1,48,800 MT/ Annum Rolling Mill by M/s. Shree Ramdoot Rollers Pvt. Ltd.",WEST BENGAL,SHREE RAMDOOT ROLLERS PVT LTD,SEIAA,EC Granted,WEST BENGAL,3(a) Metallurgical Industries (ferrous and non ferrous)
24,SIA/WB/IND1/511383/2024,"Clearance Type: Application for EC (Category A, B1, and B2 Violation)- Form 1
S/W No.: SW/179031/2024
Category: B1
Sector: Industrial Projects - 1
Date of Submission:
09/12/2024","Environmental Clearance for proposed Strip Mill - 5,40,000 TPA, Steel Melting Shop (SMS) with Induction Furnace of capacity 8 x 25 T, Ladle Refining Furnace (LRF) - 2 x 30 T, Matching Caster – 2 Nos, Induction heater – 1X 80 TPH, Re heating Furnace 1X80 TPH , Slag Crusher 20 TPH & PGP of 12000Nm3 / h by M/S. SMEL Specialty Alloys Private Limited",WEST BENGAL,SMEL Specialty Alloys Private Limited,SEIAA,EC Granted,WEST BENGAL,3(a) Metallurgical Industries (ferrous and non ferrous)
25,SIA/WB/IND1/507283/2024,"Clearance Type: Application for ToR (Category A, B1, and B2 Violation)/EC (Category B2) - Form 1
S/W No.: SW/218607/2024
Category: B1
Sector: Industrial Projects - 1
Date of Submission:
22/11/2024","PROPOSED COLD ROLLING MILL COMPLEX (UNIT V) FOR TOTAL PRODUCTION CAPACITY 7,88,000 TPA WITH PICKLING (0.60MTPA) AND GALVANIZING FACILITIES BY JINDAL INDIA LIMITED",WEST BENGAL,JINDAL INDIA LIMITED,SEIAA,ToR Granted,WEST BENGAL,3(a) Metallurgical Industries (ferrous and non ferrous)
26,SIA/WB/IND1/500930/2024,"Clearance Type: Application for ToR (Category A, B1, and B2 Violation)/EC (Category B2) - Form 1
S/W No.: SW/210825/2024
Category: B1
Sector: Industrial Projects - 1
Date of Submission:
19/10/2024",Installation of 4x6 Tonnes Induction furnaces along with Vertical Caster and manufacturing of Rolled products (MS Round and Other steel products) through billet charging at Rolling Mill.,WEST BENGAL,JKC STEEL PRIVATE LIMITED,SEIAA,ToR Granted,WEST BENGAL,3(a) Metallurgical Industries (ferrous and non ferrous)
27,SIA/WB/IND1/501107/2024,"Clearance Type: Application for ToR (Category A, B1, and B2 Violation)/EC (Category B2) - Form 1
S/W No.: SW/211688/2024
Category: B1
Sector: Industrial Projects - 1
Date of Submission:
16/10/2024",Expansion of Existing Secondary Metallurgical Unit by Installing Additional Induction Furnaces and Merchant Bar Rolling Mill,WEST BENGAL,RATTAN ISPAT PRIVATE LIMITED,SEIAA,ToR Granted,WEST BENGAL,3(a) Metallurgical Industries (ferrous and non ferrous)
28,SIA/WB/IND1/501163/2024,"Clearance Type: Application for Transfer of EC- Form-7
S/W No.: SW/125683/2023
Category: B1
Sector: Industrial Projects - 1
Date of Submission:
15/10/2024","Proposed expansion by installation of Induction furnace (5 x 25 T) with matching CCM for production of 3,37,500 TPA M.S. Billets along with 3,20,000 TPA Structural mill with matching reheating furnace, Oxygen plant-60 TPD, WHRB based 06 MW Captive power plant and keeping coke oven plant capacity as it is i.e. 90,000 TPA.",WEST BENGAL,WELLMAN CARBO METALICKS INDIA LIMITED,SEIAA,EC Granted,WEST BENGAL,3(a) Metallurgical Industries (ferrous and non ferrous)
29,SIA/WB/IND1/498532/2024,"Clearance Type: Application for ToR (Category A, B1, and B2 Violation)/EC (Category B2) - Form 1
S/W No.: SW/208949/2024
Category: B2
Sector: Industrial Projects - 1
Date of Submission:
27/09/2024","EXPANSION OF PRODUCTION CAPACITY OF COLD ROLLING MILL COMPLEX (CRMC) FROM 1,08,000 TPA to 1,78,800 TPA BY INSTALLATION OF SOME ADDITIONAL FACILITIES BY M/S. SHYAM METALICS FLAT PRODUCT PRIVATE LIMITED AT VILLAGE - DHASAL, PO - BAHADURPUR, P.S - JAMURIA, DISTRICT – PASCHIM BARDHAMAN, WEST BENGAL",WEST BENGAL,SHYAM METALICS FLAT PRODUCT PRIVATE LIMITED,SEIAA,EC Granted,WEST BENGAL,3(a) Metallurgical Industries (ferrous and non ferrous)
30,SIA/WB/IND1/498477/2024,"Clearance Type: Application for amendment in ToR (for categories A & B1)/Amendment in EC (for category B2)- Form-3
S/W No.: SW/181194/2024
Category: B1
Sector: Industrial Projects - 1
Date of Submission:
26/09/2024","Greenfield Project for manufacturing of 300000 TPA Cold Rolling / Galvanized Plane / Galvanized corrugated Sheet & Coil / Color Coated Sheets by M/S CAPTAIN BUILDING PRODUCTS PRIVATE LIMITED at Garbeta- III, Garbeta Industrial Park, Dist. Paschim Midnapur, State West Bengal",WEST BENGAL,RAMESH KUMAR JHUNJHUNWALA,SEIAA,ToR Rejected,WEST BENGAL,3(a) Metallurgical Industries (ferrous and non ferrous)
31,SIA/WB/IND1/496423/2024,"Clearance Type: Application for ToR (Category A, B1, and B2 Violation)/EC (Category B2) - Form 1
S/W No.: SW/206798/2024
Category: B1
Sector: Industrial Projects - 1
Date of Submission:
13/09/2024","Expansion of Existing Secondary Metallurgical Unit (For Production of MS Ingot / Billet and Rolling Mill Products) by replacement of Existing 2 x 8T Induction Furnace by 2 x 20T Induction Furnace and Installation of Additional 4 x 20T Induction Furnaces, Additional Rolling Mill, and Wire Rod Mill",WEST BENGAL,SHREE RAMDOOT ROLLERS PVT LTD,SEIAA,ToR Granted,WEST BENGAL,3(a) Metallurgical Industries (ferrous and non ferrous)
32,SIA/WB/IND1/493047/2024,"Clearance Type: Application for ToR (Category A, B1, and B2 Violation)/EC (Category B2) - Form 1
S/W No.: SW/203173/2024
Category: B2
Sector: Industrial Projects - 1
Date of Submission:
19/08/2024","Proposed expansion of existing steel plant consisting of 2x12T Induction Furnaces and 6/11 Two-Strand CCM by installation of 1x18T LRF, 1x18T Vacuum Degasser (Tank Type) and 65000 TPA Hot Rolling Mill",WEST BENGAL,EAST INDIA HOLDINGS PRIVATE LIMITED,SEIAA,"DELISTED BY SYSTEM
(at : 09/12/2024)",WEST BENGAL,3(a) Metallurgical Industries (ferrous and non ferrous)
33,SIA/WB/IND1/491046/2024,"Clearance Type: Application for Transfer of EC- Form-7
S/W No.: SW/200907/2024
Category: B1
Sector: Industrial Projects - 1
Date of Submission:
03/08/2024",Transfer of Environmental Clearance from M/s Divya Jyoti Sponge Iron Pvt. Ltd. to M/s C P Ispat (Unit 2) Pvt. Ltd.,WEST BENGAL,C P ISPAT (UNIT 2) PRIVATE LIMITED,SEIAA,EC Rejected,WEST BENGAL,3(a) Metallurgical Industries (ferrous and non ferrous)
34,SIA/WB/IND1/486363/2024,"Clearance Type: Application for EC (Category A, B1, and B2 Violation)- Form 1
S/W No.: SW/153776/2023
Category: B1
Sector: Industrial Projects - 1
Date of Submission:
08/07/2024","Manufacturing of 216000 TPA Hot Rolled structural items/ TMT Re-bars, 75,000 TPA of Hot Rolling Mill for TMT Re-bars and 2 Nos. Reheating Furnace with capacity of 12 MT/hr and 36 MT/hr",WEST BENGAL,BMW INDUSTRIES LIMITED,SEIAA,EC Rejected,WEST BENGAL,3(a) Metallurgical Industries (ferrous and non ferrous)
35,SIA/WB/IND1/470791/2024,"Clearance Type: Application for ToR (Category A, B1, and B2 Violation)/EC (Category B2) - Form 1
S/W No.: SW/179170/2024
Category: B2
Sector: Industrial Projects - 1
Date of Submission:
11/05/2024",AMTEK PROJECTS PRIVATE LIMITED,WEST BENGAL,AMTK PROJECTS PRIVATE LIMITED,SEIAA,EC Rejected,WEST BENGAL,3(a) Metallurgical Industries (ferrous and non ferrous)
36,SIA/WB/IND1/472508/2024,"Clearance Type: Application for ToR (Category A, B1, and B2 Violation)/EC (Category B2) - Form 1
S/W No.: SW/181194/2024
Category: B1
Sector: Industrial Projects - 1
Date of Submission:
11/05/2024","Greenfield Project for manufacturing of 300000 TPA Cold Rolling / Galvanized Plane / Galvanized corrugated Sheet & Coil / Color Coated Sheets by M/S CAPTAIN BUILDING PRODUCTS PRIVATE LIMITED at Garbeta- III, Garbeta Industrial Park, Dist. Paschim Midnapur, State West Bengal",WEST BENGAL,RAMESH KUMAR JHUNJHUNWALA,SEIAA,ToR Granted,WEST BENGAL,3(a) Metallurgical Industries (ferrous and non ferrous)
37,SIA/WB/IND1/470205/2024,"Clearance Type: Application for EC (Category A, B1, and B2 Violation)- Form 1
S/W No.: SW/141091/2023
Category: B1
Sector: Industrial Projects - 1
Date of Submission:
25/04/2024","Environment Clearance for Existing 62,400 TPA Hot Rolling Mill for production of MS Section, MS Angles, Channels, Flats, Square and MS Joists etc.",WEST BENGAL,MANBHUM ISPAT PRIVATE LIMITED,SEIAA,"DELISTED BY SYSTEM
(at : 30/10/2024)",WEST BENGAL,3(a) Metallurgical Industries (ferrous and non ferrous)
38,SIA/WB/IND1/470319/2024,"Clearance Type: Application for ToR (Category A, B1, and B2 Violation)/EC (Category B2) - Form 1
S/W No.: SW/179031/2024
Category: B1
Sector: Industrial Projects - 1
Date of Submission:
24/04/2024","Environmental Clearance for proposed Strip Mill - 5,40,000 TPA, Steel Melting Shop (SMS) with Induction Furnace of capacity 8 x 25 T, Ladle Refining Furnace (LRF) - 2 x 30 T, Matching Caster – 2 Nos, Induction heater – 1X 80 TPH, Re heating Furnace 1X80 TPH , Slag Crusher 20 TPH & PGP of 12000Nm3 / h by M/S. SMEL Specialty Alloys Private Limited",WEST BENGAL,SMEL Specialty Alloys Private Limited,SEIAA,ToR Granted,WEST BENGAL,3(a) Metallurgical Industries (ferrous and non ferrous)
39,SIA/WB/IND1/469938/2024,"Clearance Type: Application for ToR (Category A, B1, and B2 Violation)/EC (Category B2) - Form 1
S/W No.: SW/178694/2024
Category: B1
Sector: Industrial Projects - 1
Date of Submission:
19/04/2024","Re-Rolling Mill Steel Plant located at R.S. & L.R. Plot No. 2849, 2861, 2862/3380, Mouza-Mondalpur, J.L No. 37 at Jamuria Industrial Estate, Local P.S. Jamuria, P.O.- Mondalpur, District-Paschim Bardhaman, State- West Bengal by M/s Mechfast Engineering Private Limited",WEST BENGAL,MECHFAST ENGINEERING PRIVATE LIMITED,SEIAA,ToR Rejected,WEST BENGAL,3(a) Metallurgical Industries (ferrous and non ferrous)
40,SIA/WB/IND1/443482/2023,"Clearance Type: Application for EC (Category A, B1, and B2 Violation)- Form 1
S/W No.: SW/139170/2023
Category: B1
Sector: Industrial Projects - 1
Date of Submission:
27/03/2024","Proposed Expansion of Existing Aluminum Foil Rolling Mill From 80MT/ Day To 120 MT/Day located at Plot No. 1920, 1904, 1902, 1912, 1918, Mouza- Pakuria, J.L. No. 54, P.S. Domjur, District- Howrah, West Bengal",WEST BENGAL,SHYAM SEL & POWER LIMITED,SEIAA,EC Rejected,WEST BENGAL,3(a) Metallurgical Industries (ferrous and non ferrous)
41,SIA/WB/IND1/466922/2024,"Clearance Type: Application for EC (Category A, B1, and B2 Violation)- Form 1
S/W No.: SW/122349/2023
Category: B1
Sector: Industrial Projects - 1
Date of Submission:
24/03/2024","Proposed Expansion by installing Rolling Mill Plant for Production of TMT, Structure, Strip & Pipe in the existing Billet Manufacturing Unit",WEST BENGAL,MAAN CONCAST PRIVATE LIMITED,SEIAA,EC Granted,WEST BENGAL,3(a) Metallurgical Industries (ferrous and non ferrous)
42,SIA/WB/IND1/466619/2024,"Clearance Type: Application for Transfer of EC- Form-7
S/W No.: SW/121672/2023
Category: B1
Sector: Industrial Projects - 1
Date of Submission:
20/03/2024","Proposed Expansion project of Sponge Iron plant 1x250 TPD and 2x350 TPD DRI Kilns (3,13,500 TPA Sponge Iron), Induction Furnace with matching LRF & CCM 6x15 T (2,97,000 TPA Billets), Capacity enhancement of Existing Rolling Mill from 0.132 MTPA to 0.2 MTPA, Submerged Arc Furnaces 2x12 MVA (46,800 TPA Si-Mn or 64,800 TPA Fe-Mn or 21,600 TPA Fe-Si or 50,400 TPA Fe-Cr), Captive Power Plant 32 MW (22 MW WHRB based + 10MV AFBC based)",WEST BENGAL,ALAKNANDA BALMUKUND ISPAT PRIVATE LIMITED,SEIAA,EC Granted,WEST BENGAL,3(a) Metallurgical Industries (ferrous and non ferrous)
43,SIA/WB/IND1/465283/2024,"Clearance Type: Application for ToR (Category A, B1, and B2 Violation)/EC (Category B2) - Form 1
S/W No.: SW/174248/2024
Category: B1
Sector: Industrial Projects - 1
Date of Submission:
07/03/2024","Environment Clearance for the existing Rolling Mills (as per MoEF&CC Gazette Notification S.O. 3250(E) dated 20th July, 2022) of total capacity 72,000 TPA",WEST BENGAL,SALAGRAM POWER AND STEEL PRIVATE LIMITED,SEIAA,ToR Rejected,WEST BENGAL,3(a) Metallurgical Industries (ferrous and non ferrous)
44,SIA/WB/IND1/464225/2024,"Clearance Type: Application for EC (Category A, B1, and B2 Violation)- Form 1
S/W No.: SW/144862/2023
Category: B1
Sector: Industrial Projects - 1
Date of Submission:
05/03/2024",Expansion of Existing Steel Plant by Installation of 6 No. 10 MT Induction Furnaces with Continuous Caster and Ladle and Rolling Mill with production capacity 192000 TPA,WEST BENGAL,SHREESATYA STEEL AND POWER PVT LTD,SEIAA,Proposal returned in present form,WEST BENGAL,3(a) Metallurgical Industries (ferrous and non ferrous)
45,SIA/WB/IND1/464654/2024,"Clearance Type: Application for Amendment in EC- Form-4
S/W No.: SW/100953/2022
Category: B1
Sector: Industrial Projects - 1
Date of Submission:
01/03/2024","4 x 20 Tonnes Induction furnaces with Ladle Refining Furnace, CCM and expansion of Wire Rod/Rolling Mill capacity from 1,20,000 to 2,50,000 TPA",WEST BENGAL,VSP UDYOG PVT. LTD.,SEIAA,"DELISTED BY SYSTEM
(at : 30/10/2024)",WEST BENGAL,3(a) Metallurgical Industries (ferrous and non ferrous)
46,SIA/WB/IND1/463978/2024,"Clearance Type: Application for EC (Category A, B1, and B2 Violation)- Form 1
S/W No.: SW/125683/2023
Category: B1
Sector: Industrial Projects - 1
Date of Submission:
26/02/2024","Proposed expansion by installation of Induction furnace (5 x 25 T) with matching CCM for production of 3,37,500 TPA M.S. Billets along with 3,20,000 TPA Structural mill with matching reheating furnace, Oxygen plant-60 TPD, WHRB based 06 MW Captive power plant and keeping coke oven plant capacity as it is i.e. 90,000 TPA.",WEST BENGAL,WELLMAN CARBO METALICKS INDIA LIMITED,SEIAA,EC Granted,WEST BENGAL,3(a) Metallurgical Industries (ferrous and non ferrous)
47,SIA/WB/IND1/459799/2024,"Clearance Type: Application for ToR (Category A, B1, and B2 Violation)/EC (Category B2) - Form 1
S/W No.: SW/169810/2024
Category: B1
Sector: Industrial Projects - 1
Date of Submission:
24/01/2024",SBEG Consultants Pvt. Ltd.,WEST BENGAL,SBEG CONSULTANTS PRIVATE LIMITED,SEIAA,"DELISTED BY SYSTEM
(at : 30/10/2024)",WEST BENGAL,3(a) Metallurgical Industries (ferrous and non ferrous)
48,SIA/WB/IND1/459037/2024,"Clearance Type: Application for Splitting of Environmental Clearance - Form 12
S/W No.: SW/169042/2024
Category: B1
Sector: Industrial Projects - 1
Date of Submission:
18/01/2024","‘Splitting of Environment Clearance’ - 10 x 20 T (0.6 MTPA) Induction Furnace with matching LRF & CCM and Cold Rolling Mill-0.19 MTPA as M/s Orissa Metaliks Private Limited and remaining 05 x 20T (0.3 MTPA) Induction Furnace with matching LRF & CCM, Hot Rolling Mill–0.65 MTPA and 45 MW Coal Dolochar Based Captive Power Plant as M/s Orissa Metallurgical Industry Private Limited at Village-Gokulpur, P.O-Shyamraipur, P.S-Kharagpur (L), Dist. Paschim Medinipur, West Bengal",WEST BENGAL,ORISSA METALIKS PRIVATE LIMITED,SEIAA,EC Granted,WEST BENGAL,3(a) Metallurgical Industries (ferrous and non ferrous)
49,SIA/WB/IND1/459037/2024/S1,"Clearance Type: Application for Splitting of Environmental Clearance - Form 12
S/W No.: SW/202923/2024
Category: B1
Sector: Industrial Projects - 1
Date of Submission:
18/01/2024","‘Splitting of Environment Clearance’ - 10 x 20 T (0.6 MTPA) Induction Furnace with matching LRF & CCM and Cold Rolling Mill-0.19 MTPA as M/s Orissa Metaliks Private Limited and remaining 05 x 20T (0.3 MTPA) Induction Furnace with matching LRF & CCM, Hot Rolling Mill–0.65 MTPA and 45 MW Coal Dolochar Based Captive Power Plant as M/s Orissa Metallurgical Industry Private Limited at Village-Gokulpur, P.O-Shyamraipur, P.S-Kharagpur (L), Dist. Paschim Medinipur, West Bengal",WEST BENGAL,ORISSA METALIKS PRIVATE LIMITED,SEIAA,EC Granted,WEST BENGAL,3(a) Metallurgical Industries (ferrous and non ferrous)
50,SIA/WB/IND1/459037/2024/S2,"Clearance Type: Application for Splitting of Environmental Clearance - Form 12
S/W No.: SW/202924/2024
Category: B1
Sector: Industrial Projects - 1
Date of Submission:
18/01/2024","‘Splitting of Environment Clearance’ - 10 x 20 T (0.6 MTPA) Induction Furnace with matching LRF & CCM and Cold Rolling Mill-0.19 MTPA as M/s Orissa Metaliks Private Limited and remaining 05 x 20T (0.3 MTPA) Induction Furnace with matching LRF & CCM, Hot Rolling Mill–0.65 MTPA and 45 MW Coal Dolochar Based Captive Power Plant as M/s Orissa Metallurgical Industry Private Limited at Village-Gokulpur, P.O-Shyamraipur, P.S-Kharagpur (L), Dist. Paschim Medinipur, West Bengal",WEST BENGAL,ORISSA METALIKS PRIVATE LIMITED,SEIAA,EC Granted,WEST BENGAL,3(a) Metallurgical Industries (ferrous and non ferrous)
51,SIA/WB/IND1/458025/2024,"Clearance Type: Application for ToR (Category A, B1, and B2 Violation)/EC (Category B2) - Form 1
S/W No.: SW/167948/2024
Category: B1
Sector: Industrial Projects - 1
Date of Submission:
11/01/2024","Environmental Clearance of existing Rolling Mill for production of 1500 Ton per month Re-rolled products (Flats, Rounds, Angles, Channels etc.) at Sankrail Industrial Park, Vill - Bhagabatipur, P.S - Sankrail, Howrah - 711302 by M/s. Giriraj Ispat Pvt. Ltd. (Unit - 2)",WEST BENGAL,GIRIRAJ ISPAT PRIVATE LIMITED,SEIAA,ToR Granted,WEST BENGAL,3(a) Metallurgical Industries (ferrous and non ferrous)
52,SIA/WB/IND1/457825/2024,"Clearance Type: Application for ToR (Category A, B1, and B2 Violation)/EC (Category B2) - Form 1
S/W No.: SW/167841/2024
Category: B1
Sector: Industrial Projects - 1
Date of Submission:
11/01/2024","Environmental Clearance of existing Rolling Mill for production of 1500 Ton per month Re-rolled M.S. Items (Flats, Angles, Channels etc.) at Dhulagori Industrial Park, Vill - Jala Dhulagori, P.O & P.S - Sankrail, Howrah - 711302 by M/s. Giriraj Ispat Pvt. Ltd. (Unit - 1)",WEST BENGAL,GIRIRAJ ISPAT PRIVATE LIMITED,SEIAA,ToR Granted,WEST BENGAL,3(a) Metallurgical Industries (ferrous and non ferrous)
53,SIA/WB/IND1/457603/2024,"Clearance Type: Application for EC (Category A, B1, and B2 Violation)- Form 1
S/W No.: SW/120024/2023
Category: B1
Sector: Industrial Projects - 1
Date of Submission:
08/01/2024","Shyam Metalics Flat Product Pvt. Ltd.-Proposed project for Installation of Cold Mill Complex(CRMC) having capacity of 6,00,000 TPA over an area of 93.03Acre located at village Dhasal, PO- Bahadurpur, P.S jamuria, District- Pachim Bardhman, West Bengal.(Violation Case)",WEST BENGAL,SHYAM METALICS FLAT PRODUCT PRIVATE LIMITED,SEIAA,"DELISTED BY SYSTEM
(at : 30/10/2024)",WEST BENGAL,3(a) Metallurgical Industries (ferrous and non ferrous)
54,SIA/WB/IND1/457229/2023,"Clearance Type: Application for ToR (Category A, B1, and B2 Violation)/EC (Category B2) - Form 1
S/W No.: SW/156522/2023
Category: B1
Sector: Industrial Projects - 1
Date of Submission:
30/12/2023","Environmental Clearance for Existing 25,680 TPA Hot Rolling Mill for production of MS Section, MS Angles, Channels, Flats, Square and MS Joists etc.",WEST BENGAL,BABA STRUCTURAL PRIVATE LIMITED,SEIAA,TOR Granted,WEST BENGAL,3(a) Metallurgical Industries (ferrous and non ferrous)
55,SIA/WB/IND1/455062/2023,"Clearance Type: Application for ToR (Category A, B1, and B2 Violation)/EC (Category B2) - Form 1
S/W No.: SW/153776/2023
Category: B1
Sector: Industrial Projects - 1
Date of Submission:
18/12/2023","Manufacturing of 216000 TPA Hot Rolled structural items/ TMT Re-bars, 75,000 TPA of Hot Rolling Mill for TMT Re-bars and 2 Nos. Reheating Furnace with capacity of 12 MT/hr and 36 MT/hr",WEST BENGAL,BMW INDUSTRIES LIMITED,SEIAA,TOR Granted,WEST BENGAL,3(a) Metallurgical Industries (ferrous and non ferrous)
56,SIA/WB/IND1/453593/2023,"Clearance Type: Application for ToR (Category A, B1, and B2 Violation)/EC (Category B2) - Form 1
S/W No.: SW/152691/2023
Category: B1
Sector: Industrial Projects - 1
Date of Submission:
08/12/2023","Environmental Clearance for Existing Rolling Mill for production of 2250 Ton per month TMT Bars by M/s. Kamaldeep Ispat Pvt. Ltd. at Jalan Complex, NH-6, Jangalpur, Birprannapara, Mouza - Baniara, P.O - Begri, P.S - Domjur, Howrah - 711411",WEST BENGAL,KAMALDEEP ISPAT PRIVATE LIMITED,SEIAA,TOR Granted,WEST BENGAL,3(a) Metallurgical Industries (ferrous and non ferrous)
57,SIA/WB/IND1/409624/2022,"Clearance Type: Application for ToR (Category A, B1, and B2 Violation)/EC (Category B2) - Form 1
S/W No.: SW/110791/2022
Category: B1
Sector: Industrial Projects - 1
Date of Submission:
23/11/2023","Proposal for Environment Clearance (in compliance of the NGT order dt. 12.02.2020 in Original Application No. 55/2019(WZ), for the Rolling Mill of 1,20,000 TPA set up on Consent to Establish Basis at its existing project site at Vill: Ghutgoria, Kadasole, Barjora, Dist: Bankura, West Bengal-722202",WEST BENGAL,SURYA ALLOY INDUSTRIES LIMITED,SEIAA,TOR Granted,WEST BENGAL,3(a) Metallurgical Industries (ferrous and non ferrous)
58,SIA/WB/IND1/445085/2023,"Clearance Type: Application for EC (Category A, B1, and B2 Violation)- Form 1
S/W No.: SW/144283/2023
Category: B1
Sector: Industrial Projects - 1
Date of Submission:
07/10/2023",Environmental Clearance for Rolling Mill Plant for MS Round/ MS Flat production of M/s Bamlia Steel Udyog (P) Ltd. at Village: Dakshin Bansai; P.O: Raghunathpur; P.S: Uttarpara; Dist.: Hooghly; West Bengal; PIN - 712245,WEST BENGAL,BAMLIA STEEL UDYOG (P) LIMITED,SEIAA,EC Granted,WEST BENGAL,3(a) Metallurgical Industries (ferrous and non ferrous)
59,SIA/WB/IND1/445717/2023,"Clearance Type: Application for ToR (Category A, B1, and B2 Violation)/EC (Category B2) - Form 1
S/W No.: SW/144862/2023
Category: B1
Sector: Industrial Projects - 1
Date of Submission:
02/10/2023",Expansion of Existing Steel Plant by Installation of 6 No. 10 MT Induction Furnaces with Continuous Caster and Ladle and Rolling Mill with production capacity 192000 TPA,WEST BENGAL,SHREESATYA STEEL AND POWER PVT LTD,SEIAA,TOR Granted,WEST BENGAL,3(a) Metallurgical Industries (ferrous and non ferrous)
60,SIA/WB/IND1/445772/2023,"Clearance Type: Application for ToR (Category A, B1, and B2 Violation)/EC (Category B2) - Form 1
S/W No.: SW/144915/2023
Category: B1
Sector: Industrial Projects - 1
Date of Submission:
25/09/2023","Structural Hot Rolling Mill Plant located at L.R. Khatian Number-1210, L.R. Plot No. 1186, 1188, 1189,1191, 1192, 1305, 1306, J.L. No. 03, Mouza-Sulati, P.S.-Sankrail, P.O.-Dhulagori, District-Howrah, West Bengal-711302 by M/s Modern Ispat Private Limited.",WEST BENGAL,MODERN ISPAT PRIVATE LIMITED,SEIAA,TOR Granted,WEST BENGAL,3(a) Metallurgical Industries (ferrous and non ferrous)
61,SIA/WB/IND1/445632/2023,"Clearance Type: Application for ToR (Category A, B1, and B2 Violation)/EC (Category B2) - Form 1
S/W No.: SW/144831/2023
Category: B1
Sector: Industrial Projects - 1
Date of Submission:
25/09/2023",SALASAR ROLLING MILLS PVT LTD,WEST BENGAL,SALASAR ROLLING MILLS PRIVATE LIMITED,SEIAA,TOR Granted,WEST BENGAL,3(a) Metallurgical Industries (ferrous and non ferrous)
62,SIA/WB/IND1/443169/2023,"Clearance Type: Application for ToR (Category A, B1, and B2 Violation)/EC (Category B2) - Form 1
S/W No.: SW/142560/2023
Category: B1
Sector: Industrial Projects - 1
Date of Submission:
06/09/2023","Proposed Installation of Hot & Cold Rolling Mill Plant at Plot No.220 (Full), 221 (P) & 222 (P), Nachan Road, Mouza-Kamalpur, J.L No. 47, P.S & P.O.-Durgapur, District-Paschim Bardhaman, State-West Bengal by M/s Sharp Ferro Alloys Ltd.",WEST BENGAL,SHARP FERRO ALLOYS LIMITED,SEIAA,TOR Granted,WEST BENGAL,3(a) Metallurgical Industries (ferrous and non ferrous)
63,SIA/WB/IND1/441494/2023,"Clearance Type: Application for ToR (Category A, B1, and B2 Violation)/EC (Category B2) - Form 1
S/W No.: SW/141091/2023
Category: B1
Sector: Industrial Projects - 1
Date of Submission:
25/08/2023","Environment Clearance for Existing 62,400 TPA Hot Rolling Mill for production of MS Section, MS Angles, Channels, Flats, Square and MS Joists etc.",WEST BENGAL,MANBHUM ISPAT PRIVATE LIMITED,SEIAA,TOR Granted,WEST BENGAL,3(a) Metallurgical Industries (ferrous and non ferrous)
64,SIA/WB/IND1/437451/2023,"Clearance Type: Application for ToR (Category A, B1, and B2 Violation)/EC (Category B2) - Form 1
S/W No.: SW/137252/2023
Category: B1
Sector: Industrial Projects - 1
Date of Submission:
31/07/2023","Environment Clearance for Cast Iron Casting Unit at Mouza-Barunda, Madhya Para, P.O. – Barunda, P.S. – Bagnan, District: Howrah, Pin-711303. by Crescent Foundary Company Pvt. Ltd.",WEST BENGAL,CRESCENT FOUNDRY CO PVT LTD,SEIAA,TOR Granted,WEST BENGAL,3(a) Metallurgical Industries (ferrous and non ferrous)
65,SIA/WB/IND1/437578/2023,"Clearance Type: Application for ToR (Category A, B1, and B2 Violation)/EC (Category B2) - Form 1
S/W No.: SW/137286/2023
Category: B1
Sector: Industrial Projects - 1
Date of Submission:
28/07/2023","Installation of 3,00,000 TPA Hot Rolling Mill for TMT Re-bars, 2,40,000 TPA Cold Rolling Mill /Tube Mill for HFIW Tubes & Pipes and cut to Length & Slitting of Hot Rolled Coils with capacity 312000 TPA and Reheating Furnace with capacity 1100 T/Day",WEST BENGAL,BMW INDUSTRIES LIMITED,SEIAA,EDS raised,WEST BENGAL,3(a) Metallurgical Industries (ferrous and non ferrous)
66,SIA/WB/IND1/437101/2023,"Clearance Type: Application for ToR (Category A, B1, and B2 Violation)/EC (Category B2) - Form 1
S/W No.: SW/136927/2023
Category: B1
Sector: Industrial Projects - 1
Date of Submission:
20/07/2023","Re-Rolling Mill Steel Plant located at R.S. & L.R. Plot No. 2849, 2861, 2862/3380, Mouza-Mondalpur, J.L No. 37 at Jamuria Industrial Estate, Local P.S. Jamuria, P.O.-Mondalpur, District-Paschim Bardhaman, State- West Bengal by M/s Mechfast Engineering Private Limited",WEST BENGAL,MECHFAST ENGINEERING PRIVATE LIMITED,SEIAA,EDS raised,WEST BENGAL,3(a) Metallurgical Industries (ferrous and non ferrous)
67,SIA/WB/IND1/437152/2023,"Clearance Type: Application for ToR (Category A, B1, and B2 Violation)/EC (Category B2) - Form 1
S/W No.: SW/136939/2023
Category: B1
Sector: Industrial Projects - 1
Date of Submission:
18/07/2023","Increase in production capacity of existing installed facilities by augmentation of existing 1x6 T I.F. to 1x8 T I.F. and installation of new 2x10 T + 6x20 T I.F. with matching CCM & LRF/AOD for ultimate production of 600000 TPA Billets & Ingots from 3x8 T+4x10 T+8x20 T I.F. along with expansion of existing rolling mill from 162000 to 580000 TPA for production of CTD & TMT bars/ Epoxy Coated TMT Bars or Rebars, Wire & Wire Rod, Nail and new Oxygen plant, SMS Slag Crusher P. Gas plant & 45MW CFBC",WEST BENGAL,RASHIDHAN SALES PRIVATE LIMITED,SEIAA,EDS raised,WEST BENGAL,3(a) Metallurgical Industries (ferrous and non ferrous)
68,SIA/WB/IND1/425643/2023,"Clearance Type: Application for ToR (Category A, B1, and B2 Violation)/EC (Category B2) - Form 1
S/W No.: SW/125683/2023
Category: B1
Sector: Industrial Projects - 1
Date of Submission:
11/04/2023","Proposed expansion by installation of Induction furnace (5 x 25 T) with matching CCM for production of 3,37,500 TPA M.S. Billets along with 3,20,000 TPA Structural mill with matching reheating furnace, Oxygen plant-60 TPD, WHRB based 06 MW Captive power plant and keeping coke oven plant capacity as it is i.e. 90,000 TPA.",WEST BENGAL,WELLMAN CARBO METALICKS INDIA LIMITED,SEIAA,TOR GRANTED,WEST BENGAL,3(a) Metallurgical Industries (ferrous and non ferrous)
69,SIA/WB/IND1/421937/2023,"Clearance Type: Application for ToR (Category A, B1, and B2 Violation)/EC (Category B2) - Form 1
S/W No.: SW/122349/2023
Category: B1
Sector: Industrial Projects - 1
Date of Submission:
13/03/2023","Proposed Expansion by installing Rolling Mill Plant for Production of TMT, Structure, Strip & Pipe in the existing Billet Manufacturing Unit",WEST BENGAL,MAAN CONCAST PRIVATE LIMITED,SEIAA,TOR GRANTED,WEST BENGAL,3(a) Metallurgical Industries (ferrous and non ferrous)
70,SIA/WB/IND1/419432/2023,"Clearance Type: Application for ToR (Category A, B1, and B2 Violation)/EC (Category B2) - Form 1
S/W No.: SW/120024/2023
Category: B1
Sector: Industrial Projects - 1
Date of Submission:
28/02/2023","Shyam Metalics Flat Product Pvt. Ltd.-Proposed project for Installation of Cold Mill Complex(CRMC) having capacity of 6,00,000 TPA over an area of 93.03Acre located at village Dhasal, PO- Bahadurpur, P.S jamuria, District- Pachim Bardhman, West Bengal.(Violation Case)",WEST BENGAL,SHYAM METALICS FLAT PRODUCT PRIVATE LIMITED,SEIAA,TOR Granted,WEST BENGAL,3(a) Metallurgical Industries (ferrous and non ferrous)
71,SIA/WB/IND1/405981/2022,"Clearance Type: Application for ToR (Category A, B1, and B2 Violation)/EC (Category B2) - Form 1
S/W No.: SW/107281/2022
Category: B1
Sector: Industrial Projects - 1
Date of Submission:
09/02/2023","Expansion of existing steel plant 2 x 6 Tonne to 4 x 25 Tonne Induction Furnace with capacity from 36,000 TPA to 2,89,000 MS Billets, 1000 TPD Rolling Mill, 30 Tonne Ladle Refining Furnace and 2 nos. 6/11 meters Continuous Caster Machine",WEST BENGAL,VENKY HI TECH ISPAT LIMITED,SEIAA,TOR GRANTED,WEST BENGAL,3(a) Metallurgical Industries (ferrous and non ferrous)
72,SIA/WB/IND1/404119/2022,"Clearance Type: Application for EC (Category A, B1, and B2 Violation)- Form 1
S/W No.: SW/105528/2022
Category: B1
Sector: Industrial Projects - 1
Date of Submission:
21/11/2022","Proposed Installation Of 4x10t Induction Furnace & Rolling Mill For Production Of 1,32,000 Tpa Ms Billet And 1,05,600 Tpa Rolling Mill Products (Tmt, Wire Rods, Round, Flat, Square, Hex – Bars, Angles, Channel, Joist Etc.) At Plot No. A20, Panagarh Industrial Park, Dist. - Paschim Bardhaman, West Bengal",WEST BENGAL,KAMALDEEP ISPAT PRIVATE LIMITED,SEIAA,EC Granted,WEST BENGAL,3(a) Metallurgical Industries (ferrous and non ferrous)
73,SIA/WB/IND1/406850/2022,"Clearance Type: Application for EC (Category A, B1, and B2 Violation)- Form 1
S/W No.: SW/107866/2022
Category: B1
Sector: Industrial Projects - 1
Date of Submission:
21/11/2022","Proposed expansion project by installation of 4X30 T Induction Furnaces instead of 4X20 T Induction Furnaces, 4,00,000 TPA Capacity Continuous Casting Machine instead of 2,40,000 TPA Capacity, 4,00,000 TPA Capacity Rolling Mill instead of 2,00,000 TPA Capacity (as per previous EC vide Memo No. 1775/En/T-II-1/068/2015 dated 17.08.2017 and Transfer of EC dated 31.08.2021, issued by SEIAA, West Bengal) and New installation of 1x35 TPH Capacity Slag Crusher Unit, 1x15,000 TPM Capacity Galvanizing",WEST BENGAL,M/S ADVAY UDYOG PVT. LTD.,SEIAA,EC Granted,WEST BENGAL,3(a) Metallurgical Industries (ferrous and non ferrous)
74,SIA/WB/IND1/400440/2022,"Clearance Type: Application for EC (Category A, B1, and B2 Violation)- Form 1
S/W No.: SW/100953/2022
Category: B1
Sector: Industrial Projects - 1
Date of Submission:
16/09/2022","4 x 20 Tonnes Induction furnaces with Ladle Refining Furnace, CCM and expansion of Wire Rod/Rolling Mill capacity from 1,20,000 to 2,50,000 TPA",WEST BENGAL,VSP UDYOG PVT. LTD.,SEIAA,EC Granted,WEST BENGAL,3(a) Metallurgical Industries (ferrous and non ferrous)
1,SIA/WB/IND1/568124/2026,"Clearance Type: Application for Validity Extension of EC- Form-6
S/W No.: SW/273739/2026
Category: B1
Sector: Industrial Projects - 1
Date of Submission:
05/02/2026",JK LAKSHMI CEMENT LIMITED,WEST BENGAL,JK LAKSHMI CEMENT LIMITED,SEIAA,EC Granted,WEST BENGAL,3(b) Cement plants
2,SIA/WB/IND1/549266/2025,"Clearance Type: Application for Validity Extension of EC- Form-6
S/W No.: SW/257965/2025
Category: B1
Sector: Industrial Projects - 1
Date of Submission:
27/08/2025","Application for extension of the validity of Environmental Clearance Vide no. 2318/EN/T-II-1/022/2013 dated 11.09.2015 with subsequent name change to Vide no. 1902/EN/T-II-1/022/2013 dated 30.08.2017 by M/s. Nuvoco Vistas Corporation Limited for Cement Grinding Unit (2.5 MTPA) at Vill- Amdanga, P.O-MTPS(DVC), P.S-Gangajalghati, Dist-Bankura,Pin-722183, West Bengal",WEST BENGAL,NUVOCO VISTAS CORPORATION LIMITED,SEIAA,EC Granted,WEST BENGAL,3(b) Cement plants
3,SIA/WB/IND1/546529/2025,"Clearance Type: Application for Transfer of EC- Form-7
S/W No.: SW/255252/2025
Category: B1
Sector: Industrial Projects - 1
Date of Submission:
31/07/2025",‘Change of name of the Company in Environment Clearance accorded units’- Proposed expansion of the existing cement grinding unit from 0.072 MTPA to 1.45 MTPA through up gradation/modification of the existing plant and by installation of 1 X 1800 TPD + 1 X 200 TPD ball mill and 1 X 2000 TPD VRM in the existing premises,WEST BENGAL,ORISSA METALLURGICAL INDUSTRY PRIVATE LIMITED,SEIAA,EC Granted,WEST BENGAL,3(b) Cement plants
4,SIA/WB/IND1/542928/2025,"Clearance Type: Application for ToR (Category A, B1, and B2 Violation)/EC (Category B2) - Form 1
S/W No.: SW/252106/2025
Category: B1
Sector: Industrial Projects - 1
Date of Submission:
30/06/2025","Expansion in Cement Production Capacity from 5.0 Million TPA to 8.5 Million TPA of Existing Standalone Grinding Unit at Sonar Bangla Cement Works, Village Dhalo, P.O.: Gankar, Block: Raghunathganj-I, District: Murshidabad (West Bengal) by M/s. UltraTech Cement Ltd. (Unit: Sonar Bangla Cement Works)",WEST BENGAL,UltraTech Cement Limited,SEIAA,ToR Granted,WEST BENGAL,3(b) Cement plants
5,SIA/WB/IND1/524966/2025,"Clearance Type: Application for Validity Extension of EC- Form-6
S/W No.: SW/235823/2025
Category: B1
Sector: Industrial Projects - 1
Date of Submission:
25/02/2025",Extension of validity of Environmental clearance of Propose 1.5 MTPA Cement Grinding Unit along with DG sets of capacity 2x5 MW by Ms J K Lakshmi Cement Ltd,WEST BENGAL,JK LAKSHMI CEMENT LIMITED,SEIAA,EC Granted,WEST BENGAL,3(b) Cement plants
6,SIA/WB/IND1/514480/2024,"Clearance Type: Application for Transfer of EC- Form-7
S/W No.: SW/225699/2024
Category: B1
Sector: Industrial Projects - 1
Date of Submission:
13/12/2024","Shree Kolkata Cement Plant (Clinker Grinding Unit, Uluberia)",WEST BENGAL,SHREE CEMENT EAST PRIVATE LIMITED,SEIAA,EC Granted,WEST BENGAL,3(b) Cement plants
7,SIA/WB/IND1/415400/2023,"Clearance Type: Application for ToR (Category A, B1, and B2 Violation)/EC (Category B2) - Form 1
S/W No.: SW/116271/2023
Category: B1
Sector: Industrial Projects - 1
Date of Submission:
14/07/2023",Kharagpur Cement Grinding Unit with capacity of 2x 3.0 MMTPA” AT Village: Haripurkismat Taluka: Kharagpur District: Paschim Medinipur State: West Bengal,WEST BENGAL,Ambuja Cement Limited,SEIAA,TOR GRANTED,WEST BENGAL,3(b) Cement plants
8,SIA/WB/IND1/404126/2022,"Clearance Type: Application for EC (Category A, B1, and B2 Violation)- Form 1
S/W No.: SW/105493/2022
Category: B1
Sector: Industrial Projects - 1
Date of Submission:
08/06/2023","Shree Kolkata Cement Plant (Clinker Grinding Unit) with Cement Production Capacity of 2.5 Million TPA (OPC, PPC, PSC, Composite Cement, SRC & RHPC), D.G. sets 1250 KVA (1000 KVA or 2 x 500 KVA & 250 KVA) along with Railway siding at Villages/ Mouza: Kaijuri & Rauta, Near Birshibpur Railway Station, PS - Uluberia- I, Taluka: Uluberia, District: Howrah, (West Bengal) by Shree Cement North Private Limited",WEST BENGAL,SHREE CEMENT NORTH PRIVATE LIMITED,SEIAA,EC Granted,WEST BENGAL,3(b) Cement plants
1,SIA/WB/IND2/559041/2025,"Clearance Type: Application for amendment in ToR (for categories A & B1)/Amendment in EC (for category B2)- Form-3
S/W No.: SW/265934/2025
Category: B2
Sector: Industrial Projects - 2
Date of Submission:
21/11/2025","Amendment in EC of 275 KLD Grain Based Ethanol Plant along with 7.0 MW Co-generation Power Plant located at Village Ratul, P.O. Katna, P.S. –Gazole, District-Maldah, West Bengal For M/s JSR Grain Energy Private Limited",WEST BENGAL,JSR GRAIN ENERGY PRIVATE LIMITED,SEIAA,EC Rejected,WEST BENGAL,5(g) Distilleries
2,SIA/WB/IND2/542318/2025,"Clearance Type: Application for ToR (Category A, B1, and B2 Violation)/EC (Category B2) - Form 1
S/W No.: SW/251555/2025
Category: B2
Sector: Industrial Projects - 2
Date of Submission:
23/06/2025",Expansion of Distillery Plant with addition of 225 KLD Grain Based ethanol with existing facility of 300 KLD (200 KLD#ENA/RS/Ethanol + 100 KLD # Grain Based Ethanol) along with co-generation Power Plant from 10 MW to 17.5 MW by M/s Svaksha Distillery Ltd.,WEST BENGAL,SVAKSHA DISTILLERY LIMITED,SEIAA,Proposal pulled back (withdrawn),WEST BENGAL,5(g) Distilleries
3,SIA/WB/IND2/534780/2025,"Clearance Type: Application for ToR (Category A, B1, and B2 Violation)/EC (Category B2) - Form 1
S/W No.: SW/244683/2025
Category: B1
Sector: Industrial Projects - 2
Date of Submission:
23/04/2025",Proposed Expansion of 120KLPD from 100KLPD Capacity Ethanol Plant from Broken/Damaged Rice/Cornwith 2.5 MW Captive power plant,WEST BENGAL,O2 CHEMICALS PRIVATE LIMITED,SEIAA,ToR Granted,WEST BENGAL,5(g) Distilleries
4,SIA/WB/IND2/497057/2024,"Clearance Type: Application for ToR (Category A, B1, and B2 Violation)/EC (Category B2) - Form 1
S/W No.: SW/207390/2024
Category: B2
Sector: Industrial Projects - 2
Date of Submission:
19/09/2024",Proposed Expansion of 1 x 120KLPD from 1 x 100KLPD Grain based Ethanol Plant with 2.5 MW Captive power plant,WEST BENGAL,O2 CHEMICALS PRIVATE LIMITED,SEIAA,EC Rejected,WEST BENGAL,5(g) Distilleries
5,SIA/WB/IND2/441212/2023,"Clearance Type: Application for EC (Category A, B1, and B2 Violation)- Form 1
S/W No.: SW/139700/2023
Category: B1
Sector: Industrial Projects - 2
Date of Submission:
31/01/2024","Proposed Ethanol / Extra Neutral Alcohol (ENA) Manufacturing Plant and 4.9 MW Cogenration Power Plant of M/s. Gujarat Ambuja Exports Limited at Malda Industrial Growth Centre (Phase II), Opp. Jubilee Petrol Pump, Vill – Mandilpur, P. O. - Narayanpur, P. S. – Malda, West Bengal, PIN– 732141",WEST BENGAL,GUJARAT AMBUJA EXPORTS LTD,SEIAA,EC Granted,WEST BENGAL,5(g) Distilleries
1,SIA/WB/IND1/525970/2025,"Clearance Type: Application for EC (Category A, B1, and B2 Violation)- Form 1
S/W No.: SW/207050/2024
Category: B1
Sector: Industrial Projects - 1
Date of Submission:
28/02/2025","Proposed Expansion of existing Calcined Petroleum Coke plant by installation of 72,000 TPA Electrically Calcined Anthracite Plant, 60,000 TPA Coal Tar Distillation Plant and by revamping of Old Carbon Paste Plant",WEST BENGAL,PETRO CARBON AND CHEMICALS LIMITED,SEIAA,EC Granted,WEST BENGAL,4(b) Coke oven plants
2,SIA/WB/IND1/496704/2024,"Clearance Type: Application for ToR (Category A, B1, and B2 Violation)/EC (Category B2) - Form 1
S/W No.: SW/207050/2024
Category: B1
Sector: Industrial Projects - 1
Date of Submission:
16/09/2024","Proposed Expansion of existing Calcined Petroleum Coke plant by installation of 72,000 TPA Electrically Calcined Anthracite Plant, 60,000 TPA Coal Tar Distillation Plant and by revamping of Old Carbon Paste Plant",WEST BENGAL,PETRO CARBON AND CHEMICALS LIMITED,SEIAA,ToR Granted,WEST BENGAL,4(b) Coke oven plants
1,SIA/WB/IND2/551125/2025,"Clearance Type: Application for Transfer of EC- Form-7
S/W No.: SW/257317/2025
Category: A
Sector: Industrial Projects - 2
Date of Submission:
11/09/2025","Transfer of Environmental Clearance for Proposed 100 KLPD Grain based Distillery by M/s. Happy Niwas Private Limited into the name of Greenosphere Renewable Energy Private Limited located at Khatian No. 4845, 6131, Mouza Goligram, J.L.No. 54, P.S. Galsi, Block Galsi –I, Dist. Purba, Bardhaman, West Bengal.",WEST BENGAL,HAPPY NIWAS PRIVATE LIMITED,SEIAA,EC Granted,WEST BENGAL,5(ga) Grain based distilleries
1,SIA/WB/IND1/549341/2025,"Clearance Type: Application for ToR (Category A, B1, and B2 Violation)/EC (Category B2) - Form 1
S/W No.: SW/258031/2025
Category: B1
Sector: Industrial Projects - 1
Date of Submission:
11/09/2025",Expansion of Paper production from 30 MT/day to 100 MT/day using waste paper within the existing facility along with captive co-generation power plant (Based on coal as fuel) of 2.5 MW by Supreme Paper Mills Limited,WEST BENGAL,SUPREME PAPER MILLS LIMITED,SEIAA,"DELISTED BY SYSTEM
(at : 13/10/2025)",WEST BENGAL,5(i) Pulp & Paper Industry
1,SIA/WB/IND3/404103/2022,"Clearance Type: Application for EC (Category A, B1, and B2 Violation)- Form 1
S/W No.: SW/104640/2022
Category: B1
Sector: Industrial Projects - 3
Date of Submission:
15/05/2023","Expansion of Single Super Phosphate Plant by increasing capacity from 0.132 MTPA to 0.264 MTPA at- Dewanmara Aima, Kharagpur, Dist-West Medinipur by M/s. Sai Fertilizers Pvt. Ltd.",WEST BENGAL,SAI FERTILIZERS LTD,SEIAA,EC Granted,WEST BENGAL,5(a) Chemical fertilizers
